2025-05-23 14:23:37,598 INFO  fr.acinq.eclair.Plugin - loading 0 plugins
2025-05-23 14:23:37,747 INFO  a.e.slf4j.Slf4jLogger - Slf4jLogger started
2025-05-23 14:23:38,315 INFO  fr.acinq.eclair.Setup - hello!
2025-05-23 14:23:38,316 INFO  fr.acinq.eclair.Setup - version=0.13.0-SNAPSHOT commit=8370bd2
2025-05-23 14:23:38,316 INFO  fr.acinq.eclair.Setup - datadir=/home/remyers/github/lightning-cfg/.eclair/alice
2025-05-23 14:23:38,316 INFO  fr.acinq.eclair.Setup - initializing secure random generator
2025-05-23 14:23:38,362 INFO  f.a.eclair.NodeParams - create new seed file: /home/remyers/github/lightning-cfg/.eclair/alice/node_seed.dat
2025-05-23 14:23:38,362 INFO  f.a.eclair.NodeParams - create new seed file: /home/remyers/github/lightning-cfg/.eclair/alice/channel_seed.dat
2025-05-23 14:23:38,453 INFO  f.a.e.c.k.LocalOnChainKeyManager - using on-chain key manager wallet=eclair with xpub: bip84=vpub5YRMG6ZBf1WgHB5n3JdcRW1Qp6XsQhF2FfWFeL4npirVvf5WkTbQBw89XdY4LzPXoYmzc8pLBDPrwvP7a1UrNb23yATdVfR7fYVPCSfPdPR, bip86=tpubDCY4TLEZ2pZicEyTFdyKBAYn8N93gGmqtBLPPXHjt5HEphttqXspmQ3749PyMritQwhFSvEBtda1eamZHVHXQGHZR4PNksnevrwvbRLuy1f
2025-05-23 14:23:38,790 INFO  fr.acinq.eclair.Setup - bitcoind version=280100
2025-05-23 14:23:38,801 INFO  fr.acinq.eclair.Setup - current blockchain height=150
2025-05-23 14:23:38,801 INFO  fr.acinq.eclair.Setup - connecting to database with instanceId=eda8ef7d-c775-4ce1-a938-0a8ebe24f620
2025-05-23 14:23:39,008 INFO  fr.acinq.eclair.Setup - nodeid=02f76074ccc985d1133e77366fadd03d7b9ebcfe47ff11498f140d7fd6fd3e97c8 alias=alice
2025-05-23 14:23:39,009 INFO  fr.acinq.eclair.Setup - using chain=regtest chainHash=06226e46111a0b59caaf126043eb5bbf28c34f3a5e332a1fc7b2b73cf188910f
2025-05-23 14:23:39,154 INFO  fr.acinq.eclair.Setup - current bitcoin core feerates: min=1 sat/byte slow=1 sat/byte medium=1 sat/byte fast=1 sat/byte fastest=1 sat/byte
2025-05-23 14:23:39,220 INFO  f.a.eclair.router.Router - loading network announcements from db...
2025-05-23 14:23:39,223 INFO  f.a.eclair.router.Router - loaded from db: channels=0 nodes=0
2025-05-23 14:23:39,224 INFO  f.a.eclair.router.Router - 0 pruned channels at blockHeight=150
2025-05-23 14:23:39,237 INFO  f.a.eclair.router.Router - initialization completed, ready to process messages
2025-05-23 14:23:39,246 INFO  fr.acinq.eclair.Setup - initial address=bcrt1q684nga0h7l84vmkcr5pphhmfm399xdw5ezc3cn for bitcoin wallet=(default)
2025-05-23 14:23:39,360 INFO  akka.actor.ActorCell - channels listener is ready
2025-05-23 14:23:39,397 INFO  f.a.e.p.r.PostRestartHtlcCleaner - htlcsIn=0 notRelayed=0 relayedOut=0
2025-05-23 14:23:39,397 INFO  f.a.e.p.r.PostRestartHtlcCleaner - notRelayed=List()
2025-05-23 14:23:39,397 INFO  f.a.e.p.r.PostRestartHtlcCleaner - relayedOut=Map()
2025-05-23 14:23:39,406 INFO  f.a.e.i.PendingChannelsRateLimiter - restored 0 public peers with pending channel opens
2025-05-23 14:23:39,406 INFO  f.a.e.i.PendingChannelsRateLimiter - restored 0 private peers with pending channel opens
2025-05-23 14:23:39,406 DEBUG f.a.e.i.PendingChannelsRateLimiter - stashed commands: 0
2025-05-23 14:23:39,412 INFO  f.a.e.io.Switchboard - restoring 0 peer(s) with 0 channel(s) and 0 peers with pending on-the-fly funding
2025-05-23 14:23:39,424 INFO  f.acinq.eclair.io.Server CON - bound on /[0:0:0:0:0:0:0:0]:9735
2025-05-23 14:23:40,250 INFO  f.a.e.b.b.zmq.ZMQActor - connected to tcp://127.0.0.1:29000
2025-05-23 14:23:40,250 INFO  f.a.e.b.b.zmq.ZMQActor - connected to tcp://127.0.0.1:29001
2025-05-23 14:23:40,252 INFO  fr.acinq.eclair.Boot - json API enabled on port=9000
2025-05-23 14:23:52,054 DEBUG f.a.e.io.Switchboard - creating new peer (current=0)
2025-05-23 14:23:52,066 DEBUG f.a.e.i.ReconnectionTask CON n:0323ec7778fa9b479faf2ae69387ad7ddfdc9e288422e1bc21dde0df5caf790ddf - connecting to 127.0.0.1:9737
2025-05-23 14:23:52,066 INFO  f.a.e.io.ClientSpawner - initiating new connection to nodeId=0323ec7778fa9b479faf2ae69387ad7ddfdc9e288422e1bc21dde0df5caf790ddf origin=Actor[akka://eclair-node/deadLetters]
2025-05-23 14:23:52,073 INFO  f.acinq.eclair.io.Client CON n:0323ec7778fa9b479faf2ae69387ad7ddfdc9e288422e1bc21dde0df5caf790ddf - connected to 127.0.0.1:9737
2025-05-23 14:23:52,097 INFO  f.a.e.io.PeerConnection CON n:0323ec7778fa9b479faf2ae69387ad7ddfdc9e288422e1bc21dde0df5caf790ddf - connection authenticated (direction=outgoing)
2025-05-23 14:23:52,100 DEBUG f.a.e.io.PeerConnection CON n:0323ec7778fa9b479faf2ae69387ad7ddfdc9e288422e1bc21dde0df5caf790ddf - using features=option_simple_close:optional,option_route_blinding:optional,option_dual_fund:optional,gossip_queries_ex:optional,option_quiesce:optional,option_data_loss_protect:mandatory,option_static_remotekey:mandatory,option_scid_alias:optional,option_onion_messages:optional,option_support_large_channel:optional,option_anchors_zero_fee_htlc_tx:optional,payment_secret:mandatory,option_shutdown_anysegwit:optional,option_channel_type:mandatory,basic_mpp:optional,gossip_queries:optional,var_onion_optin:mandatory,option_splice:optional
2025-05-23 14:23:52,109 DEBUG f.a.e.io.PeerConnection CON n:0323ec7778fa9b479faf2ae69387ad7ddfdc9e288422e1bc21dde0df5caf790ddf - next ping scheduled in 30 seconds
2025-05-23 14:23:52,110 INFO  f.a.e.io.PeerConnection CON n:0323ec7778fa9b479faf2ae69387ad7ddfdc9e288422e1bc21dde0df5caf790ddf - peer is using features=option_upfront_shutdown_script:optional,option_route_blinding:optional,option_zeroconf:optional,option_dual_fund:optional,gossip_queries_ex:optional,option_quiesce:optional,option_data_loss_protect:mandatory,option_static_remotekey:mandatory,option_scid_alias:optional,option_onion_messages:optional,option_support_large_channel:optional,option_anchors_zero_fee_htlc_tx:optional,payment_secret:mandatory,option_shutdown_anysegwit:optional,option_channel_type:optional,basic_mpp:optional,gossip_queries:optional,var_onion_optin:mandatory,option_splice:optional, networks=06226e46111a0b59caaf126043eb5bbf28c34f3a5e332a1fc7b2b73cf188910f
2025-05-23 14:23:52,110 INFO  f.a.e.io.PeerConnection CON n:0323ec7778fa9b479faf2ae69387ad7ddfdc9e288422e1bc21dde0df5caf790ddf - peer reports that our IP address is 127.0.0.1:37184 (public=false)
2025-05-23 14:23:52,112 INFO  f.a.e.io.PeerConnection CON n:0323ec7778fa9b479faf2ae69387ad7ddfdc9e288422e1bc21dde0df5caf790ddf - not syncing with this peer
2025-05-23 14:23:52,112 DEBUG f.a.e.io.PeerConnection CON n:0323ec7778fa9b479faf2ae69387ad7ddfdc9e288422e1bc21dde0df5caf790ddf - rebroadcast will be delayed by 40 seconds
2025-05-23 14:23:52,112 DEBUG fr.acinq.eclair.io.Peer CON n:0323ec7778fa9b479faf2ae69387ad7ddfdc9e288422e1bc21dde0df5caf790ddf - got authenticated connection to address 127.0.0.1:9737
2025-05-23 14:23:52,114 DEBUG f.a.e.io.PeerConnection SYN n:0323ec7778fa9b479faf2ae69387ad7ddfdc9e288422e1bc21dde0df5caf790ddf - next ping scheduled in 30 seconds
2025-05-23 14:23:52,114 INFO  f.a.e.io.PeerConnection SYN n:0323ec7778fa9b479faf2ae69387ad7ddfdc9e288422e1bc21dde0df5caf790ddf - setting up gossipTimestampFilter=GossipTimestampFilter(06226e46111a0b59caaf126043eb5bbf28c34f3a5e332a1fc7b2b73cf188910f,0 unixsec,4294967295,TlvStream(Set(),Set()))
2025-05-23 14:23:52,119 DEBUG f.a.e.i.ReconnectionTask CON n:0323ec7778fa9b479faf2ae69387ad7ddfdc9e288422e1bc21dde0df5caf790ddf - peer is connected
2025-05-23 14:23:52,171 INFO  fr.acinq.eclair.io.Peer n:0323ec7778fa9b479faf2ae69387ad7ddfdc9e288422e1bc21dde0df5caf790ddf - requesting a new channel with type=anchor_outputs_zero_fee_htlc_tx+scid_alias fundingAmount=500000 sat dualFunded=true pushAmount=None fundingFeerate=253 sat/kw temporaryChannelId=cf9d1d3c4fabdd1e856cba30779f71661438aa519afd600a31c36e97ecedb12a localParams=LocalParams(02f76074ccc985d1133e77366fadd03d7b9ebcfe47ff11498f140d7fd6fd3e97c8,m/1791901471'/653133768'/1917493392'/1725105431/1533571274/2138857711/1397788944/1495910924'/1',546 sat,225000000 msat,None,1 msat,CltvExpiryDelta(720),30,true,true,None,None,option_simple_close:optional,option_route_blinding:optional,option_dual_fund:optional,gossip_queries_ex:optional,option_quiesce:optional,option_data_loss_protect:mandatory,option_static_remotekey:mandatory,option_scid_alias:optional,option_onion_messages:optional,option_support_large_channel:optional,option_anchors_zero_fee_htlc_tx:optional,payment_secret:mandatory,option_shutdown_anysegwit:optional,option_channel_type:mandatory,basic_mpp:optional,gossip_queries:optional,var_onion_optin:mandatory,option_splice:optional)
2025-05-23 14:23:52,206 INFO  f.a.e.i.Peer n:0323ec7778fa9b479faf2ae69387ad7ddfdc9e288422e1bc21dde0df5caf790ddf c:cf9d1d3c4fabdd1e856cba30779f71661438aa519afd600a31c36e97ecedb12a - OUT msg=OpenDualFundedChannel(06226e46111a0b59caaf126043eb5bbf28c34f3a5e332a1fc7b2b73cf188910f,cf9d1d3c4fabdd1e856cba30779f71661438aa519afd600a31c36e97ecedb12a,253 sat/kw,316 sat/kw,500000 sat,546 sat,225000000,1 msat,CltvExpiryDelta(720),30,150,0312a611390e6482c7ab6f3efa3854c5c267bfb130a008fa271651c5b2889d3612,02e9c9948ee449e86eeac001b654ea5d8c876ddb0c0ee57eb909dca0f2fe696c6c,027dadb9b4fa7dd4608d6ad66005a1be462be06af1f83ed8b75b642ebeb544fda7,036fc7428f38f403e369a1bb08b929d43563bd6860512d1818bad457f1d13c253a,0321807361797275ab0de10630c89c579cdd61e46f53a0a9f5ac6cdb946531eb22,03c139b5d132e9a2f91893a19786dbae3cf06a06f71278bb572b8b30453377dfee,03c2a72cbfca5d05202f186ca0dc244f31c8faccd9241de88f5ed042c27351000a,ChannelFlags(announceChannel=false, nonInitiatorPaysCommitFees=false),TlvStream(Set(ChannelTypeTlv(anchor_outputs_zero_fee_htlc_tx+scid_alias)),Set()))
2025-05-23 14:23:52,206 INFO  f.a.eclair.Diagnostics n:0323ec7778fa9b479faf2ae69387ad7ddfdc9e288422e1bc21dde0df5caf790ddf c:cf9d1d3c4fabdd1e856cba30779f71661438aa519afd600a31c36e97ecedb12a - OUT msg=OpenDualFundedChannel(06226e46111a0b59caaf126043eb5bbf28c34f3a5e332a1fc7b2b73cf188910f,cf9d1d3c4fabdd1e856cba30779f71661438aa519afd600a31c36e97ecedb12a,253 sat/kw,316 sat/kw,500000 sat,546 sat,225000000,1 msat,CltvExpiryDelta(720),30,150,0312a611390e6482c7ab6f3efa3854c5c267bfb130a008fa271651c5b2889d3612,02e9c9948ee449e86eeac001b654ea5d8c876ddb0c0ee57eb909dca0f2fe696c6c,027dadb9b4fa7dd4608d6ad66005a1be462be06af1f83ed8b75b642ebeb544fda7,036fc7428f38f403e369a1bb08b929d43563bd6860512d1818bad457f1d13c253a,0321807361797275ab0de10630c89c579cdd61e46f53a0a9f5ac6cdb946531eb22,03c139b5d132e9a2f91893a19786dbae3cf06a06f71278bb572b8b30453377dfee,03c2a72cbfca5d05202f186ca0dc244f31c8faccd9241de88f5ed042c27351000a,ChannelFlags(announceChannel=false, nonInitiatorPaysCommitFees=false),TlvStream(Set(ChannelTypeTlv(anchor_outputs_zero_fee_htlc_tx+scid_alias)),Set()))
2025-05-23 14:23:52,226 INFO  f.a.eclair.Diagnostics n:0323ec7778fa9b479faf2ae69387ad7ddfdc9e288422e1bc21dde0df5caf790ddf c:cf9d1d3c4fabdd1e856cba30779f71661438aa519afd600a31c36e97ecedb12a - IN msg=AcceptDualFundedChannel(cf9d1d3c4fabdd1e856cba30779f71661438aa519afd600a31c36e97ecedb12a,0 sat,546 sat,18446744073709551615,0 msat,9,CltvExpiryDelta(6),483,03ce7915f417808589e9b68b2de3303f8eed4a92839e0ae10e91b2b968c79d4e6d,023b31c73838ac881e1da1b751735159b0d628a72bf08523557403e58670208ca2,03f36db4e26f5aecc5952419bd0c91da446cba1d68dcfef9246057a4c47d58967d,02dfe4ba865461a62d6be8b353fe2e0855b1d01b6e37eb5f4b60e0fef81745df75,030fbe2974b2b7870fbdca9cef32c84d05f02baedb86f36221f226db3b98a5b949,025fb940669c78f8fc99bc8d2eae29d871315cdc6f3afa3e68413b9eec0d171765,031dd18706f8b85f9a1d6f1a18cfe70b06b4f19b6b6c14fa19a725dafc44a296f5,TlvStream(Set(ChannelTypeTlv(anchor_outputs_zero_fee_htlc_tx+scid_alias)),Set()))
2025-05-23 14:23:52,226 DEBUG f.a.e.io.PeerConnection n:0323ec7778fa9b479faf2ae69387ad7ddfdc9e288422e1bc21dde0df5caf790ddf - next ping scheduled in 30 seconds
2025-05-23 14:23:52,227 INFO  f.a.e.i.Peer n:0323ec7778fa9b479faf2ae69387ad7ddfdc9e288422e1bc21dde0df5caf790ddf c:cf9d1d3c4fabdd1e856cba30779f71661438aa519afd600a31c36e97ecedb12a - IN msg=AcceptDualFundedChannel(cf9d1d3c4fabdd1e856cba30779f71661438aa519afd600a31c36e97ecedb12a,0 sat,546 sat,18446744073709551615,0 msat,9,CltvExpiryDelta(6),483,03ce7915f417808589e9b68b2de3303f8eed4a92839e0ae10e91b2b968c79d4e6d,023b31c73838ac881e1da1b751735159b0d628a72bf08523557403e58670208ca2,03f36db4e26f5aecc5952419bd0c91da446cba1d68dcfef9246057a4c47d58967d,02dfe4ba865461a62d6be8b353fe2e0855b1d01b6e37eb5f4b60e0fef81745df75,030fbe2974b2b7870fbdca9cef32c84d05f02baedb86f36221f226db3b98a5b949,025fb940669c78f8fc99bc8d2eae29d871315cdc6f3afa3e68413b9eec0d171765,031dd18706f8b85f9a1d6f1a18cfe70b06b4f19b6b6c14fa19a725dafc44a296f5,TlvStream(Set(ChannelTypeTlv(anchor_outputs_zero_fee_htlc_tx+scid_alias)),Set()))
2025-05-23 14:23:52,236 INFO  fr.acinq.eclair.io.Peer n:0323ec7778fa9b479faf2ae69387ad7ddfdc9e288422e1bc21dde0df5caf790ddf - channel id switch: previousId=cf9d1d3c4fabdd1e856cba30779f71661438aa519afd600a31c36e97ecedb12a nextId=f621dec023a55a430da036e0d0498647eebd4c74afca91ce7fd696e079e6a98f
2025-05-23 14:23:52,236 DEBUG f.a.e.c.fsm.Channel n:0323ec7778fa9b479faf2ae69387ad7ddfdc9e288422e1bc21dde0df5caf790ddf c:cf9d1d3c4fabdd1e856cba30779f71661438aa519afd600a31c36e97ecedb12a - remote params: RemoteParams(0323ec7778fa9b479faf2ae69387ad7ddfdc9e288422e1bc21dde0df5caf790ddf,546 sat,18446744073709551615,None,0 msat,CltvExpiryDelta(6),483,023b31c73838ac881e1da1b751735159b0d628a72bf08523557403e58670208ca2,03f36db4e26f5aecc5952419bd0c91da446cba1d68dcfef9246057a4c47d58967d,02dfe4ba865461a62d6be8b353fe2e0855b1d01b6e37eb5f4b60e0fef81745df75,030fbe2974b2b7870fbdca9cef32c84d05f02baedb86f36221f226db3b98a5b949,option_upfront_shutdown_script:optional,option_route_blinding:optional,option_zeroconf:optional,option_dual_fund:optional,gossip_queries_ex:optional,option_quiesce:optional,option_data_loss_protect:mandatory,option_static_remotekey:mandatory,option_scid_alias:optional,option_onion_messages:optional,option_support_large_channel:optional,option_anchors_zero_fee_htlc_tx:optional,payment_secret:mandatory,option_shutdown_anysegwit:optional,option_channel_type:optional,basic_mpp:optional,gossip_queries:optional,var_onion_optin:mandatory,option_splice:optional,None)
2025-05-23 14:23:52,237 DEBUG f.a.e.io.PeerConnection n:0323ec7778fa9b479faf2ae69387ad7ddfdc9e288422e1bc21dde0df5caf790ddf - sending sync channel range query with flags_opt=Some(QueryFlags(3)) replacePrevious=false
2025-05-23 14:23:52,242 DEBUG f.a.e.io.PeerConnection SYN n:0323ec7778fa9b479faf2ae69387ad7ddfdc9e288422e1bc21dde0df5caf790ddf - next ping scheduled in 30 seconds
2025-05-23 14:23:52,242 INFO  f.a.eclair.router.Router SYN n:0323ec7778fa9b479faf2ae69387ad7ddfdc9e288422e1bc21dde0df5caf790ddf - received empty reply_channel_range, sync is complete
2025-05-23 14:23:52,399 DEBUG f.a.e.c.f.InteractiveTxFunder n:0323ec7778fa9b479faf2ae69387ad7ddfdc9e288422e1bc21dde0df5caf790ddf c:f621dec023a55a430da036e0d0498647eebd4c74afca91ce7fd696e079e6a98f - added 1 inputs and 2 outputs to interactive tx
2025-05-23 14:23:52,402 INFO  f.a.e.c.f.InteractiveTxBuilder n:0323ec7778fa9b479faf2ae69387ad7ddfdc9e288422e1bc21dde0df5caf790ddf c:f621dec023a55a430da036e0d0498647eebd4c74afca91ce7fd696e079e6a98f - adding local input 6f1ca7f0d15b1a13fccf4096bf43950aa768f1ad300a655255812116111b8bba:0 to interactive-tx
2025-05-23 14:23:52,404 INFO  f.a.e.i.Peer n:0323ec7778fa9b479faf2ae69387ad7ddfdc9e288422e1bc21dde0df5caf790ddf c:f621dec023a55a430da036e0d0498647eebd4c74afca91ce7fd696e079e6a98f - OUT msg=TxAddInput(f621dec023a55a430da036e0d0498647eebd4c74afca91ce7fd696e079e6a98f,0,Some(02000000010000000000000000000000000000000000000000000000000000000000000000ffffffff03012600ffffffff0200f2052a010000001600140a78c05823204d3ef65facf087b9bf0a5f20e21b0000000000000000266a24aa21a9ede2f61c3f71d1defd3fa999dfa36953755c690689799962b48bebd836974e8cf900000000),0,4294967293,TlvStream(Set(),Set()))
2025-05-23 14:23:52,404 INFO  f.a.eclair.Diagnostics n:0323ec7778fa9b479faf2ae69387ad7ddfdc9e288422e1bc21dde0df5caf790ddf c:f621dec023a55a430da036e0d0498647eebd4c74afca91ce7fd696e079e6a98f - OUT msg=TxAddInput(f621dec023a55a430da036e0d0498647eebd4c74afca91ce7fd696e079e6a98f,0,Some(02000000010000000000000000000000000000000000000000000000000000000000000000ffffffff03012600ffffffff0200f2052a010000001600140a78c05823204d3ef65facf087b9bf0a5f20e21b0000000000000000266a24aa21a9ede2f61c3f71d1defd3fa999dfa36953755c690689799962b48bebd836974e8cf900000000),0,4294967293,TlvStream(Set(),Set()))
2025-05-23 14:23:52,406 INFO  f.a.eclair.Diagnostics n:0323ec7778fa9b479faf2ae69387ad7ddfdc9e288422e1bc21dde0df5caf790ddf c:f621dec023a55a430da036e0d0498647eebd4c74afca91ce7fd696e079e6a98f - IN msg=TxComplete(f621dec023a55a430da036e0d0498647eebd4c74afca91ce7fd696e079e6a98f,TlvStream(Set(),Set()))
2025-05-23 14:23:52,407 DEBUG f.a.e.io.PeerConnection n:0323ec7778fa9b479faf2ae69387ad7ddfdc9e288422e1bc21dde0df5caf790ddf - next ping scheduled in 30 seconds
2025-05-23 14:23:52,407 INFO  f.a.e.i.Peer n:0323ec7778fa9b479faf2ae69387ad7ddfdc9e288422e1bc21dde0df5caf790ddf c:f621dec023a55a430da036e0d0498647eebd4c74afca91ce7fd696e079e6a98f - IN msg=TxComplete(f621dec023a55a430da036e0d0498647eebd4c74afca91ce7fd696e079e6a98f,TlvStream(Set(),Set()))
2025-05-23 14:23:52,408 INFO  f.a.e.i.Peer n:0323ec7778fa9b479faf2ae69387ad7ddfdc9e288422e1bc21dde0df5caf790ddf c:f621dec023a55a430da036e0d0498647eebd4c74afca91ce7fd696e079e6a98f - OUT msg=TxAddOutput(f621dec023a55a430da036e0d0498647eebd4c74afca91ce7fd696e079e6a98f,2,4999499833 sat,ByteVector(34 bytes, 0x5120b258a4fcdd314935f871e1fd419ffa357f5e9eb16b26e4b78daebacc2f3fea60),TlvStream(Set(),Set()))
2025-05-23 14:23:52,408 INFO  f.a.eclair.Diagnostics n:0323ec7778fa9b479faf2ae69387ad7ddfdc9e288422e1bc21dde0df5caf790ddf c:f621dec023a55a430da036e0d0498647eebd4c74afca91ce7fd696e079e6a98f - OUT msg=TxAddOutput(f621dec023a55a430da036e0d0498647eebd4c74afca91ce7fd696e079e6a98f,2,4999499833 sat,ByteVector(34 bytes, 0x5120b258a4fcdd314935f871e1fd419ffa357f5e9eb16b26e4b78daebacc2f3fea60),TlvStream(Set(),Set()))
2025-05-23 14:23:52,410 INFO  f.a.eclair.Diagnostics n:0323ec7778fa9b479faf2ae69387ad7ddfdc9e288422e1bc21dde0df5caf790ddf c:f621dec023a55a430da036e0d0498647eebd4c74afca91ce7fd696e079e6a98f - IN msg=TxComplete(f621dec023a55a430da036e0d0498647eebd4c74afca91ce7fd696e079e6a98f,TlvStream(Set(),Set()))
2025-05-23 14:23:52,411 DEBUG f.a.e.io.PeerConnection n:0323ec7778fa9b479faf2ae69387ad7ddfdc9e288422e1bc21dde0df5caf790ddf - next ping scheduled in 30 seconds
2025-05-23 14:23:52,411 INFO  f.a.e.i.Peer n:0323ec7778fa9b479faf2ae69387ad7ddfdc9e288422e1bc21dde0df5caf790ddf c:f621dec023a55a430da036e0d0498647eebd4c74afca91ce7fd696e079e6a98f - IN msg=TxComplete(f621dec023a55a430da036e0d0498647eebd4c74afca91ce7fd696e079e6a98f,TlvStream(Set(),Set()))
2025-05-23 14:23:52,411 INFO  f.a.e.i.Peer n:0323ec7778fa9b479faf2ae69387ad7ddfdc9e288422e1bc21dde0df5caf790ddf c:f621dec023a55a430da036e0d0498647eebd4c74afca91ce7fd696e079e6a98f - OUT msg=TxAddOutput(f621dec023a55a430da036e0d0498647eebd4c74afca91ce7fd696e079e6a98f,4,500000 sat,ByteVector(34 bytes, 0x00202090a1721882b1c634a50fa4777d62fbe8a4da8b76eea6e6ed083c46befee11d),TlvStream(Set(),Set()))
2025-05-23 14:23:52,411 INFO  f.a.eclair.Diagnostics n:0323ec7778fa9b479faf2ae69387ad7ddfdc9e288422e1bc21dde0df5caf790ddf c:f621dec023a55a430da036e0d0498647eebd4c74afca91ce7fd696e079e6a98f - OUT msg=TxAddOutput(f621dec023a55a430da036e0d0498647eebd4c74afca91ce7fd696e079e6a98f,4,500000 sat,ByteVector(34 bytes, 0x00202090a1721882b1c634a50fa4777d62fbe8a4da8b76eea6e6ed083c46befee11d),TlvStream(Set(),Set()))
2025-05-23 14:23:52,414 INFO  f.a.eclair.Diagnostics n:0323ec7778fa9b479faf2ae69387ad7ddfdc9e288422e1bc21dde0df5caf790ddf c:f621dec023a55a430da036e0d0498647eebd4c74afca91ce7fd696e079e6a98f - IN msg=TxComplete(f621dec023a55a430da036e0d0498647eebd4c74afca91ce7fd696e079e6a98f,TlvStream(Set(),Set()))
2025-05-23 14:23:52,414 DEBUG f.a.e.io.PeerConnection n:0323ec7778fa9b479faf2ae69387ad7ddfdc9e288422e1bc21dde0df5caf790ddf - next ping scheduled in 30 seconds
2025-05-23 14:23:52,414 INFO  f.a.e.i.Peer n:0323ec7778fa9b479faf2ae69387ad7ddfdc9e288422e1bc21dde0df5caf790ddf c:f621dec023a55a430da036e0d0498647eebd4c74afca91ce7fd696e079e6a98f - IN msg=TxComplete(f621dec023a55a430da036e0d0498647eebd4c74afca91ce7fd696e079e6a98f,TlvStream(Set(),Set()))
2025-05-23 14:23:52,415 INFO  f.a.e.i.Peer n:0323ec7778fa9b479faf2ae69387ad7ddfdc9e288422e1bc21dde0df5caf790ddf c:f621dec023a55a430da036e0d0498647eebd4c74afca91ce7fd696e079e6a98f - OUT msg=TxComplete(f621dec023a55a430da036e0d0498647eebd4c74afca91ce7fd696e079e6a98f,TlvStream(Set(),Set()))
2025-05-23 14:23:52,415 INFO  f.a.eclair.Diagnostics n:0323ec7778fa9b479faf2ae69387ad7ddfdc9e288422e1bc21dde0df5caf790ddf c:f621dec023a55a430da036e0d0498647eebd4c74afca91ce7fd696e079e6a98f - OUT msg=TxComplete(f621dec023a55a430da036e0d0498647eebd4c74afca91ce7fd696e079e6a98f,TlvStream(Set(),Set()))
2025-05-23 14:23:52,422 INFO  f.a.eclair.Diagnostics n:0323ec7778fa9b479faf2ae69387ad7ddfdc9e288422e1bc21dde0df5caf790ddf c:f621dec023a55a430da036e0d0498647eebd4c74afca91ce7fd696e079e6a98f - IN msg=CommitSig(f621dec023a55a430da036e0d0498647eebd4c74afca91ce7fd696e079e6a98f,7bfc4c99e39647a23bff23c30d8a2d70ae826a43e5e9ff7ac34e44c4d0cd05116d6b510cf07f2d62e3b90781627fc184059aeab73c02e7cd41027cdd9e54ac6e,List(),TlvStream(Set(),Set()))
2025-05-23 14:23:52,422 DEBUG f.a.e.io.PeerConnection n:0323ec7778fa9b479faf2ae69387ad7ddfdc9e288422e1bc21dde0df5caf790ddf - next ping scheduled in 30 seconds
2025-05-23 14:23:52,422 INFO  f.a.e.i.Peer n:0323ec7778fa9b479faf2ae69387ad7ddfdc9e288422e1bc21dde0df5caf790ddf c:f621dec023a55a430da036e0d0498647eebd4c74afca91ce7fd696e079e6a98f - IN msg=CommitSig(f621dec023a55a430da036e0d0498647eebd4c74afca91ce7fd696e079e6a98f,7bfc4c99e39647a23bff23c30d8a2d70ae826a43e5e9ff7ac34e44c4d0cd05116d6b510cf07f2d62e3b90781627fc184059aeab73c02e7cd41027cdd9e54ac6e,List(),TlvStream(Set(),Set()))
2025-05-23 14:23:52,422 DEBUG f.a.e.c.fsm.Channel n:0323ec7778fa9b479faf2ae69387ad7ddfdc9e288422e1bc21dde0df5caf790ddf c:f621dec023a55a430da036e0d0498647eebd4c74afca91ce7fd696e079e6a98f - received their commit_sig, deferring message
2025-05-23 14:23:52,457 INFO  f.a.e.c.f.InteractiveTxBuilder n:0323ec7778fa9b479faf2ae69387ad7ddfdc9e288422e1bc21dde0df5caf790ddf c:f621dec023a55a430da036e0d0498647eebd4c74afca91ce7fd696e079e6a98f - interactive-tx txid=84109b19e656e7648a6921337e06e14e20ae76cc353ffad4144f719db3e75696 partially signed with 1 local inputs, 0 remote inputs, 1 local outputs and 0 remote outputs
2025-05-23 14:23:52,459 DEBUG f.a.e.c.fsm.Channel n:0323ec7778fa9b479faf2ae69387ad7ddfdc9e288422e1bc21dde0df5caf790ddf c:f621dec023a55a430da036e0d0498647eebd4c74afca91ce7fd696e079e6a98f - updating database record for channelId=f621dec023a55a430da036e0d0498647eebd4c74afca91ce7fd696e079e6a98f
2025-05-23 14:23:52,471 INFO  f.a.e.i.Peer n:0323ec7778fa9b479faf2ae69387ad7ddfdc9e288422e1bc21dde0df5caf790ddf c:f621dec023a55a430da036e0d0498647eebd4c74afca91ce7fd696e079e6a98f - OUT msg=CommitSig(f621dec023a55a430da036e0d0498647eebd4c74afca91ce7fd696e079e6a98f,dca3e990e9ff6118a9a3b2aed7ce088951f1fc5e1ed3f4e3bf52d8040616b5ab4a8c08997cd2fd6279f64732fa0a9824d8ecd25a6caa32f3949aee6037b7f72d,List(),TlvStream(Set(),Set()))
2025-05-23 14:23:52,471 INFO  f.a.eclair.Diagnostics n:0323ec7778fa9b479faf2ae69387ad7ddfdc9e288422e1bc21dde0df5caf790ddf c:f621dec023a55a430da036e0d0498647eebd4c74afca91ce7fd696e079e6a98f - OUT msg=CommitSig(f621dec023a55a430da036e0d0498647eebd4c74afca91ce7fd696e079e6a98f,dca3e990e9ff6118a9a3b2aed7ce088951f1fc5e1ed3f4e3bf52d8040616b5ab4a8c08997cd2fd6279f64732fa0a9824d8ecd25a6caa32f3949aee6037b7f72d,List(),TlvStream(Set(),Set()))
2025-05-23 14:23:52,475 DEBUG f.a.e.c.fsm.Channel n:0323ec7778fa9b479faf2ae69387ad7ddfdc9e288422e1bc21dde0df5caf790ddf c:f621dec023a55a430da036e0d0498647eebd4c74afca91ce7fd696e079e6a98f - updating database record for channelId=f621dec023a55a430da036e0d0498647eebd4c74afca91ce7fd696e079e6a98f
2025-05-23 14:23:52,478 INFO  f.a.eclair.Diagnostics n:0323ec7778fa9b479faf2ae69387ad7ddfdc9e288422e1bc21dde0df5caf790ddf c:f621dec023a55a430da036e0d0498647eebd4c74afca91ce7fd696e079e6a98f - IN msg=TxSignatures(f621dec023a55a430da036e0d0498647eebd4c74afca91ce7fd696e079e6a98f,84109b19e656e7648a6921337e06e14e20ae76cc353ffad4144f719db3e75696,List(),TlvStream(Set(),Set()))
2025-05-23 14:23:52,478 DEBUG f.a.e.io.PeerConnection n:0323ec7778fa9b479faf2ae69387ad7ddfdc9e288422e1bc21dde0df5caf790ddf - next ping scheduled in 30 seconds
2025-05-23 14:23:52,478 INFO  f.a.e.i.Peer n:0323ec7778fa9b479faf2ae69387ad7ddfdc9e288422e1bc21dde0df5caf790ddf c:f621dec023a55a430da036e0d0498647eebd4c74afca91ce7fd696e079e6a98f - IN msg=TxSignatures(f621dec023a55a430da036e0d0498647eebd4c74afca91ce7fd696e079e6a98f,84109b19e656e7648a6921337e06e14e20ae76cc353ffad4144f719db3e75696,List(),TlvStream(Set(),Set()))
2025-05-23 14:23:52,482 INFO  f.a.e.c.fsm.Channel n:0323ec7778fa9b479faf2ae69387ad7ddfdc9e288422e1bc21dde0df5caf790ddf c:f621dec023a55a430da036e0d0498647eebd4c74afca91ce7fd696e079e6a98f - interactive-tx fully signed with 1 local inputs, 0 remote inputs, 1 local outputs and 0 remote outputs
2025-05-23 14:23:52,486 DEBUG f.a.e.c.fsm.Channel n:0323ec7778fa9b479faf2ae69387ad7ddfdc9e288422e1bc21dde0df5caf790ddf c:f621dec023a55a430da036e0d0498647eebd4c74afca91ce7fd696e079e6a98f - updating database record for channelId=f621dec023a55a430da036e0d0498647eebd4c74afca91ce7fd696e079e6a98f
2025-05-23 14:23:52,493 INFO  f.a.e.i.Peer n:0323ec7778fa9b479faf2ae69387ad7ddfdc9e288422e1bc21dde0df5caf790ddf c:f621dec023a55a430da036e0d0498647eebd4c74afca91ce7fd696e079e6a98f - OUT msg=TxSignatures(f621dec023a55a430da036e0d0498647eebd4c74afca91ce7fd696e079e6a98f,84109b19e656e7648a6921337e06e14e20ae76cc353ffad4144f719db3e75696,List(ScriptWitness(List(ByteVector(71 bytes, 0x30440220204e2b7f9c574080a349b19488bbf1becb5b55a8c42e4a2d27231b6067793480022011ce3fbf26e26b0fd7593a863f01ebe91f8abb9464fc230bdbc9f6d43d088bda01), ByteVector(33 bytes, 0x02c143a5594d36be3dad9b3f9ffcdd32c17612f5c1b2afc87b63e43235d11e22a1)))),TlvStream(Set(),Set()))
2025-05-23 14:23:52,494 INFO  f.a.eclair.Diagnostics n:0323ec7778fa9b479faf2ae69387ad7ddfdc9e288422e1bc21dde0df5caf790ddf c:f621dec023a55a430da036e0d0498647eebd4c74afca91ce7fd696e079e6a98f - OUT msg=TxSignatures(f621dec023a55a430da036e0d0498647eebd4c74afca91ce7fd696e079e6a98f,84109b19e656e7648a6921337e06e14e20ae76cc353ffad4144f719db3e75696,List(ScriptWitness(List(ByteVector(71 bytes, 0x30440220204e2b7f9c574080a349b19488bbf1becb5b55a8c42e4a2d27231b6067793480022011ce3fbf26e26b0fd7593a863f01ebe91f8abb9464fc230bdbc9f6d43d088bda01), ByteVector(33 bytes, 0x02c143a5594d36be3dad9b3f9ffcdd32c17612f5c1b2afc87b63e43235d11e22a1)))),TlvStream(Set(),Set()))
2025-05-23 14:23:52,500 INFO  f.a.e.db.DbEventHandler n:0323ec7778fa9b479faf2ae69387ad7ddfdc9e288422e1bc21dde0df5caf790ddf c:f621dec023a55a430da036e0d0498647eebd4c74afca91ce7fd696e079e6a98f - paying mining fee=167 sat for txid=84109b19e656e7648a6921337e06e14e20ae76cc353ffad4144f719db3e75696 desc=funding
2025-05-23 14:23:57,323 DEBUG f.a.e.io.PeerConnection SYN n:0323ec7778fa9b479faf2ae69387ad7ddfdc9e288422e1bc21dde0df5caf790ddf - next ping scheduled in 30 seconds
2025-05-23 14:23:57,324 INFO  f.a.eclair.router.Router SYN n:0323ec7778fa9b479faf2ae69387ad7ddfdc9e288422e1bc21dde0df5caf790ddf - received query_channel_range with firstBlockNum=1 numberOfBlocks=150 extendedQueryFlags_opt=TlvStream(Set(QueryFlags(1)),Set())
2025-05-23 14:23:57,333 INFO  f.a.eclair.router.Router SYN n:0323ec7778fa9b479faf2ae69387ad7ddfdc9e288422e1bc21dde0df5caf790ddf - replying with 0 items for range=(1, 150)
2025-05-23 14:24:02,619 INFO  f.a.eclair.Diagnostics n:0323ec7778fa9b479faf2ae69387ad7ddfdc9e288422e1bc21dde0df5caf790ddf c:f621dec023a55a430da036e0d0498647eebd4c74afca91ce7fd696e079e6a98f - IN msg=ChannelReady(f621dec023a55a430da036e0d0498647eebd4c74afca91ce7fd696e079e6a98f,031dd18706f8b85f9a1d6f1a18cfe70b06b4f19b6b6c14fa19a725dafc44a296f5,TlvStream(Set(ShortChannelIdTlv(0xd3af3fce9f81b8cf)),Set()))
2025-05-23 14:24:02,619 DEBUG f.a.e.io.PeerConnection n:0323ec7778fa9b479faf2ae69387ad7ddfdc9e288422e1bc21dde0df5caf790ddf - next ping scheduled in 30 seconds
2025-05-23 14:24:02,619 INFO  f.a.e.i.Peer n:0323ec7778fa9b479faf2ae69387ad7ddfdc9e288422e1bc21dde0df5caf790ddf c:f621dec023a55a430da036e0d0498647eebd4c74afca91ce7fd696e079e6a98f - IN msg=ChannelReady(f621dec023a55a430da036e0d0498647eebd4c74afca91ce7fd696e079e6a98f,031dd18706f8b85f9a1d6f1a18cfe70b06b4f19b6b6c14fa19a725dafc44a296f5,TlvStream(Set(ShortChannelIdTlv(0xd3af3fce9f81b8cf)),Set()))
2025-05-23 14:24:02,620 INFO  f.a.e.c.fsm.Channel n:0323ec7778fa9b479faf2ae69387ad7ddfdc9e288422e1bc21dde0df5caf790ddf c:f621dec023a55a430da036e0d0498647eebd4c74afca91ce7fd696e079e6a98f - this channel isn't zero-conf, but they sent an early channel_ready with an alias: no need to wait for confirmations
2025-05-23 14:24:02,620 DEBUG f.a.e.c.fsm.Channel n:0323ec7778fa9b479faf2ae69387ad7ddfdc9e288422e1bc21dde0df5caf790ddf c:f621dec023a55a430da036e0d0498647eebd4c74afca91ce7fd696e079e6a98f - received their channel_ready, deferring message
2025-05-23 14:24:02,625 INFO  f.a.e.c.fsm.Channel n:0323ec7778fa9b479faf2ae69387ad7ddfdc9e288422e1bc21dde0df5caf790ddf c:f621dec023a55a430da036e0d0498647eebd4c74afca91ce7fd696e079e6a98f - funding txid=84109b19e656e7648a6921337e06e14e20ae76cc353ffad4144f719db3e75696 was successfully published for zero-conf channelId=f621dec023a55a430da036e0d0498647eebd4c74afca91ce7fd696e079e6a98f
2025-05-23 14:24:02,631 INFO  f.a.e.c.fsm.Channel n:0323ec7778fa9b479faf2ae69387ad7ddfdc9e288422e1bc21dde0df5caf790ddf c:f621dec023a55a430da036e0d0498647eebd4c74afca91ce7fd696e079e6a98f - setting localFundingStatus=ZeroconfPublishedFundingTx for fundingTxId=84109b19e656e7648a6921337e06e14e20ae76cc353ffad4144f719db3e75696 fundingTxIndex=0
2025-05-23 14:24:02,637 DEBUG f.a.e.c.fsm.Channel n:0323ec7778fa9b479faf2ae69387ad7ddfdc9e288422e1bc21dde0df5caf790ddf c:f621dec023a55a430da036e0d0498647eebd4c74afca91ce7fd696e079e6a98f - updating database record for channelId=f621dec023a55a430da036e0d0498647eebd4c74afca91ce7fd696e079e6a98f
2025-05-23 14:24:02,643 INFO  f.a.e.i.Peer n:0323ec7778fa9b479faf2ae69387ad7ddfdc9e288422e1bc21dde0df5caf790ddf c:f621dec023a55a430da036e0d0498647eebd4c74afca91ce7fd696e079e6a98f - OUT msg=ChannelReady(f621dec023a55a430da036e0d0498647eebd4c74afca91ce7fd696e079e6a98f,03c2a72cbfca5d05202f186ca0dc244f31c8faccd9241de88f5ed042c27351000a,TlvStream(Set(ShortChannelIdTlv(0x143f02e27b496a9)),Set()))
2025-05-23 14:24:02,643 INFO  f.a.eclair.Diagnostics n:0323ec7778fa9b479faf2ae69387ad7ddfdc9e288422e1bc21dde0df5caf790ddf c:f621dec023a55a430da036e0d0498647eebd4c74afca91ce7fd696e079e6a98f - OUT msg=ChannelReady(f621dec023a55a430da036e0d0498647eebd4c74afca91ce7fd696e079e6a98f,03c2a72cbfca5d05202f186ca0dc244f31c8faccd9241de88f5ed042c27351000a,TlvStream(Set(ShortChannelIdTlv(0x143f02e27b496a9)),Set()))
2025-05-23 14:24:02,643 INFO  f.a.e.c.fsm.Channel n:0323ec7778fa9b479faf2ae69387ad7ddfdc9e288422e1bc21dde0df5caf790ddf c:f621dec023a55a430da036e0d0498647eebd4c74afca91ce7fd696e079e6a98f - shortIds: real=none localAlias=0x143f02e27b496a9 remoteAlias=0xd3af3fce9f81b8cf
2025-05-23 14:24:02,644 INFO  f.a.e.c.fsm.Channel n:0323ec7778fa9b479faf2ae69387ad7ddfdc9e288422e1bc21dde0df5caf790ddf c:f621dec023a55a430da036e0d0498647eebd4c74afca91ce7fd696e079e6a98f - using shortChannelId=0x143f02e27b496a9 for initial channel_update
2025-05-23 14:24:02,650 DEBUG f.a.e.c.fsm.Channel n:0323ec7778fa9b479faf2ae69387ad7ddfdc9e288422e1bc21dde0df5caf790ddf c:f621dec023a55a430da036e0d0498647eebd4c74afca91ce7fd696e079e6a98f - updating database record for channelId=f621dec023a55a430da036e0d0498647eebd4c74afca91ce7fd696e079e6a98f
2025-05-23 14:24:02,652 DEBUG f.a.e.io.PeerConnection SYN n:0323ec7778fa9b479faf2ae69387ad7ddfdc9e288422e1bc21dde0df5caf790ddf - next ping scheduled in 30 seconds
2025-05-23 14:24:02,658 DEBUG f.a.e.c.fsm.Channel n:0323ec7778fa9b479faf2ae69387ad7ddfdc9e288422e1bc21dde0df5caf790ddf c:f621dec023a55a430da036e0d0498647eebd4c74afca91ce7fd696e079e6a98f - emitting channel update event: reason=initial sendToPeer=true channel_update=ChannelUpdate(483be3296bbd7adce98c388559d0eda4a0d5ec7e98c11448775d1485f223f17701a79227baee86e70bb3355dcec649f93dff71703d66efa4c50d2ed27cd3485e,06226e46111a0b59caaf126043eb5bbf28c34f3a5e332a1fc7b2b73cf188910f,0x143f02e27b496a9,1748003042 unixsec,MessageFlags(true),ChannelFlags(true,true),CltvExpiryDelta(144),0 msat,1000 msat,100,225000000 msat,TlvStream(Set(),Set())) channel_announcement=None
2025-05-23 14:24:02,659 INFO  f.a.e.i.Peer SYN n:0323ec7778fa9b479faf2ae69387ad7ddfdc9e288422e1bc21dde0df5caf790ddf - OUT msg=ChannelUpdate(470f2b00c847163c34024d8c4b609f804d978968c76f304b7971d3c76b6ccded00947da7dba8dd751cb435fee4e5bba998f204a144e9bde8061dcb762d8fd710,06226e46111a0b59caaf126043eb5bbf28c34f3a5e332a1fc7b2b73cf188910f,0xd3af3fce9f81b8cf,1748003042 unixsec,MessageFlags(true),ChannelFlags(true,true),CltvExpiryDelta(144),0 msat,1000 msat,100,225000000 msat,TlvStream(Set(),Set()))
2025-05-23 14:24:02,661 DEBUG f.a.e.io.PeerConnection SYN n:0323ec7778fa9b479faf2ae69387ad7ddfdc9e288422e1bc21dde0df5caf790ddf - next ping scheduled in 30 seconds
2025-05-23 14:24:04,737 INFO  f.a.e.c.fsm.Channel n:0323ec7778fa9b479faf2ae69387ad7ddfdc9e288422e1bc21dde0df5caf790ddf c:f621dec023a55a430da036e0d0498647eebd4c74afca91ce7fd696e079e6a98f - funding txid=84109b19e656e7648a6921337e06e14e20ae76cc353ffad4144f719db3e75696 was confirmed at blockHeight=151 txIndex=1
2025-05-23 14:24:04,740 INFO  f.a.e.c.fsm.Channel n:0323ec7778fa9b479faf2ae69387ad7ddfdc9e288422e1bc21dde0df5caf790ddf c:f621dec023a55a430da036e0d0498647eebd4c74afca91ce7fd696e079e6a98f - setting localFundingStatus=ConfirmedFundingTx for fundingTxId=84109b19e656e7648a6921337e06e14e20ae76cc353ffad4144f719db3e75696 fundingTxIndex=0
2025-05-23 14:24:04,745 DEBUG f.a.e.c.fsm.Channel n:0323ec7778fa9b479faf2ae69387ad7ddfdc9e288422e1bc21dde0df5caf790ddf c:f621dec023a55a430da036e0d0498647eebd4c74afca91ce7fd696e079e6a98f - updating database record for channelId=f621dec023a55a430da036e0d0498647eebd4c74afca91ce7fd696e079e6a98f
2025-05-23 14:24:18,033 INFO  f.a.e.i.Peer n:0323ec7778fa9b479faf2ae69387ad7ddfdc9e288422e1bc21dde0df5caf790ddf c:f621dec023a55a430da036e0d0498647eebd4c74afca91ce7fd696e079e6a98f - OUT msg=Stfu(f621dec023a55a430da036e0d0498647eebd4c74afca91ce7fd696e079e6a98f,true)
2025-05-23 14:24:18,033 INFO  f.a.eclair.Diagnostics n:0323ec7778fa9b479faf2ae69387ad7ddfdc9e288422e1bc21dde0df5caf790ddf c:f621dec023a55a430da036e0d0498647eebd4c74afca91ce7fd696e079e6a98f - OUT msg=Stfu(f621dec023a55a430da036e0d0498647eebd4c74afca91ce7fd696e079e6a98f,true)
2025-05-23 14:24:18,034 INFO  f.a.eclair.Diagnostics n:0323ec7778fa9b479faf2ae69387ad7ddfdc9e288422e1bc21dde0df5caf790ddf c:f621dec023a55a430da036e0d0498647eebd4c74afca91ce7fd696e079e6a98f - IN msg=Stfu(f621dec023a55a430da036e0d0498647eebd4c74afca91ce7fd696e079e6a98f,false)
2025-05-23 14:24:18,034 DEBUG f.a.e.io.PeerConnection n:0323ec7778fa9b479faf2ae69387ad7ddfdc9e288422e1bc21dde0df5caf790ddf - next ping scheduled in 30 seconds
2025-05-23 14:24:18,034 INFO  f.a.e.i.Peer n:0323ec7778fa9b479faf2ae69387ad7ddfdc9e288422e1bc21dde0df5caf790ddf c:f621dec023a55a430da036e0d0498647eebd4c74afca91ce7fd696e079e6a98f - IN msg=Stfu(f621dec023a55a430da036e0d0498647eebd4c74afca91ce7fd696e079e6a98f,false)
2025-05-23 14:24:18,035 INFO  f.a.e.c.fsm.Channel n:0323ec7778fa9b479faf2ae69387ad7ddfdc9e288422e1bc21dde0df5caf790ddf c:f621dec023a55a430da036e0d0498647eebd4c74afca91ce7fd696e079e6a98f - initiating splice with local.in.amount=15007 sat local.in.push=0 msat local.out.amount=0 sat
2025-05-23 14:24:18,037 INFO  f.a.e.i.Peer n:0323ec7778fa9b479faf2ae69387ad7ddfdc9e288422e1bc21dde0df5caf790ddf c:f621dec023a55a430da036e0d0498647eebd4c74afca91ce7fd696e079e6a98f - OUT msg=SpliceInit(f621dec023a55a430da036e0d0498647eebd4c74afca91ce7fd696e079e6a98f,15007 sat,253 sat/kw,159,039e81bc01a06deeb12b6cd809e38f60a461958954a39ab6e426f3b058c50915f9,TlvStream(Set(),Set()))
2025-05-23 14:24:18,037 INFO  f.a.eclair.Diagnostics n:0323ec7778fa9b479faf2ae69387ad7ddfdc9e288422e1bc21dde0df5caf790ddf c:f621dec023a55a430da036e0d0498647eebd4c74afca91ce7fd696e079e6a98f - OUT msg=SpliceInit(f621dec023a55a430da036e0d0498647eebd4c74afca91ce7fd696e079e6a98f,15007 sat,253 sat/kw,159,039e81bc01a06deeb12b6cd809e38f60a461958954a39ab6e426f3b058c50915f9,TlvStream(Set(),Set()))
2025-05-23 14:24:18,039 INFO  f.a.eclair.Diagnostics n:0323ec7778fa9b479faf2ae69387ad7ddfdc9e288422e1bc21dde0df5caf790ddf c:f621dec023a55a430da036e0d0498647eebd4c74afca91ce7fd696e079e6a98f - IN msg=SpliceAck(f621dec023a55a430da036e0d0498647eebd4c74afca91ce7fd696e079e6a98f,0 sat,03ce7915f417808589e9b68b2de3303f8eed4a92839e0ae10e91b2b968c79d4e6d,TlvStream(Set(),Set()))
2025-05-23 14:24:18,039 DEBUG f.a.e.io.PeerConnection n:0323ec7778fa9b479faf2ae69387ad7ddfdc9e288422e1bc21dde0df5caf790ddf - next ping scheduled in 30 seconds
2025-05-23 14:24:18,039 INFO  f.a.e.i.Peer n:0323ec7778fa9b479faf2ae69387ad7ddfdc9e288422e1bc21dde0df5caf790ddf c:f621dec023a55a430da036e0d0498647eebd4c74afca91ce7fd696e079e6a98f - IN msg=SpliceAck(f621dec023a55a430da036e0d0498647eebd4c74afca91ce7fd696e079e6a98f,0 sat,03ce7915f417808589e9b68b2de3303f8eed4a92839e0ae10e91b2b968c79d4e6d,TlvStream(Set(),Set()))
2025-05-23 14:24:18,039 INFO  f.a.e.c.fsm.Channel n:0323ec7778fa9b479faf2ae69387ad7ddfdc9e288422e1bc21dde0df5caf790ddf c:f621dec023a55a430da036e0d0498647eebd4c74afca91ce7fd696e079e6a98f - our peer accepted our splice request and will contribute 0 sat to the funding transaction
2025-05-23 14:24:18,060 DEBUG f.a.e.c.f.InteractiveTxFunder n:0323ec7778fa9b479faf2ae69387ad7ddfdc9e288422e1bc21dde0df5caf790ddf c:f621dec023a55a430da036e0d0498647eebd4c74afca91ce7fd696e079e6a98f - added 2 inputs and 2 outputs to interactive tx
2025-05-23 14:24:18,062 INFO  f.a.e.i.Peer n:0323ec7778fa9b479faf2ae69387ad7ddfdc9e288422e1bc21dde0df5caf790ddf c:f621dec023a55a430da036e0d0498647eebd4c74afca91ce7fd696e079e6a98f - OUT msg=TxAddInput(f621dec023a55a430da036e0d0498647eebd4c74afca91ce7fd696e079e6a98f,0,None,1,4294967293,TlvStream(Set(SharedInputTxId(84109b19e656e7648a6921337e06e14e20ae76cc353ffad4144f719db3e75696), ExperimentalSharedInputTxId(84109b19e656e7648a6921337e06e14e20ae76cc353ffad4144f719db3e75696)),Set()))
2025-05-23 14:24:18,062 INFO  f.a.eclair.Diagnostics n:0323ec7778fa9b479faf2ae69387ad7ddfdc9e288422e1bc21dde0df5caf790ddf c:f621dec023a55a430da036e0d0498647eebd4c74afca91ce7fd696e079e6a98f - OUT msg=TxAddInput(f621dec023a55a430da036e0d0498647eebd4c74afca91ce7fd696e079e6a98f,0,None,1,4294967293,TlvStream(Set(SharedInputTxId(84109b19e656e7648a6921337e06e14e20ae76cc353ffad4144f719db3e75696), ExperimentalSharedInputTxId(84109b19e656e7648a6921337e06e14e20ae76cc353ffad4144f719db3e75696)),Set()))
2025-05-23 14:24:18,065 INFO  f.a.eclair.Diagnostics n:0323ec7778fa9b479faf2ae69387ad7ddfdc9e288422e1bc21dde0df5caf790ddf c:f621dec023a55a430da036e0d0498647eebd4c74afca91ce7fd696e079e6a98f - IN msg=TxComplete(f621dec023a55a430da036e0d0498647eebd4c74afca91ce7fd696e079e6a98f,TlvStream(Set(),Set()))
2025-05-23 14:24:18,066 DEBUG f.a.e.io.PeerConnection n:0323ec7778fa9b479faf2ae69387ad7ddfdc9e288422e1bc21dde0df5caf790ddf - next ping scheduled in 30 seconds
2025-05-23 14:24:18,066 INFO  f.a.e.i.Peer n:0323ec7778fa9b479faf2ae69387ad7ddfdc9e288422e1bc21dde0df5caf790ddf c:f621dec023a55a430da036e0d0498647eebd4c74afca91ce7fd696e079e6a98f - IN msg=TxComplete(f621dec023a55a430da036e0d0498647eebd4c74afca91ce7fd696e079e6a98f,TlvStream(Set(),Set()))
2025-05-23 14:24:18,066 INFO  f.a.e.c.f.InteractiveTxBuilder n:0323ec7778fa9b479faf2ae69387ad7ddfdc9e288422e1bc21dde0df5caf790ddf c:f621dec023a55a430da036e0d0498647eebd4c74afca91ce7fd696e079e6a98f - adding local input d8147048dba465ba15284956c50468940de9c1bef96b66e19d7ec03729bb7fc5:1 to interactive-tx
2025-05-23 14:24:18,066 INFO  f.a.e.i.Peer n:0323ec7778fa9b479faf2ae69387ad7ddfdc9e288422e1bc21dde0df5caf790ddf c:f621dec023a55a430da036e0d0498647eebd4c74afca91ce7fd696e079e6a98f - OUT msg=TxAddInput(f621dec023a55a430da036e0d0498647eebd4c74afca91ce7fd696e079e6a98f,2,Some(0200000001c39601b01245a1669ad3faa4b5bfddddc1aabc620a87878b04f9a484155d4ccb0000000000fdffffff0200e1f505000000001600147877e2514bd0cd27c1d2a90a07c4222bb59315117310102401000000160014e19b44ae080cefb406f83c370ff08e70438d6b4d96000000),1,4294967293,TlvStream(Set(),Set()))
2025-05-23 14:24:18,067 INFO  f.a.eclair.Diagnostics n:0323ec7778fa9b479faf2ae69387ad7ddfdc9e288422e1bc21dde0df5caf790ddf c:f621dec023a55a430da036e0d0498647eebd4c74afca91ce7fd696e079e6a98f - OUT msg=TxAddInput(f621dec023a55a430da036e0d0498647eebd4c74afca91ce7fd696e079e6a98f,2,Some(0200000001c39601b01245a1669ad3faa4b5bfddddc1aabc620a87878b04f9a484155d4ccb0000000000fdffffff0200e1f505000000001600147877e2514bd0cd27c1d2a90a07c4222bb59315117310102401000000160014e19b44ae080cefb406f83c370ff08e70438d6b4d96000000),1,4294967293,TlvStream(Set(),Set()))
2025-05-23 14:24:18,068 INFO  f.a.eclair.Diagnostics n:0323ec7778fa9b479faf2ae69387ad7ddfdc9e288422e1bc21dde0df5caf790ddf c:f621dec023a55a430da036e0d0498647eebd4c74afca91ce7fd696e079e6a98f - IN msg=TxComplete(f621dec023a55a430da036e0d0498647eebd4c74afca91ce7fd696e079e6a98f,TlvStream(Set(),Set()))
2025-05-23 14:24:18,068 DEBUG f.a.e.io.PeerConnection n:0323ec7778fa9b479faf2ae69387ad7ddfdc9e288422e1bc21dde0df5caf790ddf - next ping scheduled in 30 seconds
2025-05-23 14:24:18,068 INFO  f.a.e.i.Peer n:0323ec7778fa9b479faf2ae69387ad7ddfdc9e288422e1bc21dde0df5caf790ddf c:f621dec023a55a430da036e0d0498647eebd4c74afca91ce7fd696e079e6a98f - IN msg=TxComplete(f621dec023a55a430da036e0d0498647eebd4c74afca91ce7fd696e079e6a98f,TlvStream(Set(),Set()))
2025-05-23 14:24:18,069 INFO  f.a.e.i.Peer n:0323ec7778fa9b479faf2ae69387ad7ddfdc9e288422e1bc21dde0df5caf790ddf c:f621dec023a55a430da036e0d0498647eebd4c74afca91ce7fd696e079e6a98f - OUT msg=TxAddOutput(f621dec023a55a430da036e0d0498647eebd4c74afca91ce7fd696e079e6a98f,4,4899984586 sat,ByteVector(34 bytes, 0x512029a91e49c2a610c22502626eadb3e836d2dbbd95fe52d09beb6c398142c3bd6a),TlvStream(Set(),Set()))
2025-05-23 14:24:18,069 INFO  f.a.eclair.Diagnostics n:0323ec7778fa9b479faf2ae69387ad7ddfdc9e288422e1bc21dde0df5caf790ddf c:f621dec023a55a430da036e0d0498647eebd4c74afca91ce7fd696e079e6a98f - OUT msg=TxAddOutput(f621dec023a55a430da036e0d0498647eebd4c74afca91ce7fd696e079e6a98f,4,4899984586 sat,ByteVector(34 bytes, 0x512029a91e49c2a610c22502626eadb3e836d2dbbd95fe52d09beb6c398142c3bd6a),TlvStream(Set(),Set()))
2025-05-23 14:24:18,070 INFO  f.a.eclair.Diagnostics n:0323ec7778fa9b479faf2ae69387ad7ddfdc9e288422e1bc21dde0df5caf790ddf c:f621dec023a55a430da036e0d0498647eebd4c74afca91ce7fd696e079e6a98f - IN msg=TxComplete(f621dec023a55a430da036e0d0498647eebd4c74afca91ce7fd696e079e6a98f,TlvStream(Set(),Set()))
2025-05-23 14:24:18,070 DEBUG f.a.e.io.PeerConnection n:0323ec7778fa9b479faf2ae69387ad7ddfdc9e288422e1bc21dde0df5caf790ddf - next ping scheduled in 30 seconds
2025-05-23 14:24:18,070 INFO  f.a.e.i.Peer n:0323ec7778fa9b479faf2ae69387ad7ddfdc9e288422e1bc21dde0df5caf790ddf c:f621dec023a55a430da036e0d0498647eebd4c74afca91ce7fd696e079e6a98f - IN msg=TxComplete(f621dec023a55a430da036e0d0498647eebd4c74afca91ce7fd696e079e6a98f,TlvStream(Set(),Set()))
2025-05-23 14:24:18,071 INFO  f.a.e.i.Peer n:0323ec7778fa9b479faf2ae69387ad7ddfdc9e288422e1bc21dde0df5caf790ddf c:f621dec023a55a430da036e0d0498647eebd4c74afca91ce7fd696e079e6a98f - OUT msg=TxAddOutput(f621dec023a55a430da036e0d0498647eebd4c74afca91ce7fd696e079e6a98f,6,515007 sat,ByteVector(34 bytes, 0x00205e4aee053a956d785f1e58bdbe905cc037a3baedcdf7af34bc08f456861e9589),TlvStream(Set(),Set()))
2025-05-23 14:24:18,071 INFO  f.a.eclair.Diagnostics n:0323ec7778fa9b479faf2ae69387ad7ddfdc9e288422e1bc21dde0df5caf790ddf c:f621dec023a55a430da036e0d0498647eebd4c74afca91ce7fd696e079e6a98f - OUT msg=TxAddOutput(f621dec023a55a430da036e0d0498647eebd4c74afca91ce7fd696e079e6a98f,6,515007 sat,ByteVector(34 bytes, 0x00205e4aee053a956d785f1e58bdbe905cc037a3baedcdf7af34bc08f456861e9589),TlvStream(Set(),Set()))
2025-05-23 14:24:18,072 INFO  f.a.eclair.Diagnostics n:0323ec7778fa9b479faf2ae69387ad7ddfdc9e288422e1bc21dde0df5caf790ddf c:f621dec023a55a430da036e0d0498647eebd4c74afca91ce7fd696e079e6a98f - IN msg=TxComplete(f621dec023a55a430da036e0d0498647eebd4c74afca91ce7fd696e079e6a98f,TlvStream(Set(),Set()))
2025-05-23 14:24:18,072 DEBUG f.a.e.io.PeerConnection n:0323ec7778fa9b479faf2ae69387ad7ddfdc9e288422e1bc21dde0df5caf790ddf - next ping scheduled in 30 seconds
2025-05-23 14:24:18,073 INFO  f.a.e.i.Peer n:0323ec7778fa9b479faf2ae69387ad7ddfdc9e288422e1bc21dde0df5caf790ddf c:f621dec023a55a430da036e0d0498647eebd4c74afca91ce7fd696e079e6a98f - IN msg=TxComplete(f621dec023a55a430da036e0d0498647eebd4c74afca91ce7fd696e079e6a98f,TlvStream(Set(),Set()))
2025-05-23 14:24:18,073 INFO  f.a.e.i.Peer n:0323ec7778fa9b479faf2ae69387ad7ddfdc9e288422e1bc21dde0df5caf790ddf c:f621dec023a55a430da036e0d0498647eebd4c74afca91ce7fd696e079e6a98f - OUT msg=TxComplete(f621dec023a55a430da036e0d0498647eebd4c74afca91ce7fd696e079e6a98f,TlvStream(Set(),Set()))
2025-05-23 14:24:18,073 INFO  f.a.eclair.Diagnostics n:0323ec7778fa9b479faf2ae69387ad7ddfdc9e288422e1bc21dde0df5caf790ddf c:f621dec023a55a430da036e0d0498647eebd4c74afca91ce7fd696e079e6a98f - OUT msg=TxComplete(f621dec023a55a430da036e0d0498647eebd4c74afca91ce7fd696e079e6a98f,TlvStream(Set(),Set()))
2025-05-23 14:24:18,078 INFO  f.a.eclair.Diagnostics n:0323ec7778fa9b479faf2ae69387ad7ddfdc9e288422e1bc21dde0df5caf790ddf c:f621dec023a55a430da036e0d0498647eebd4c74afca91ce7fd696e079e6a98f - IN msg=CommitSig(f621dec023a55a430da036e0d0498647eebd4c74afca91ce7fd696e079e6a98f,3f7515e135f6ed9ee36898d22218e5c2971516107fae4632408778278e39fb150dc2fcf6d565ab70dcb5aa0f28efed2d29d5b03077324dde0551819fd4574bd8,List(),TlvStream(Set(),Set()))
2025-05-23 14:24:18,078 DEBUG f.a.e.io.PeerConnection n:0323ec7778fa9b479faf2ae69387ad7ddfdc9e288422e1bc21dde0df5caf790ddf - next ping scheduled in 30 seconds
2025-05-23 14:24:18,078 INFO  f.a.e.i.Peer n:0323ec7778fa9b479faf2ae69387ad7ddfdc9e288422e1bc21dde0df5caf790ddf c:f621dec023a55a430da036e0d0498647eebd4c74afca91ce7fd696e079e6a98f - IN msg=CommitSig(f621dec023a55a430da036e0d0498647eebd4c74afca91ce7fd696e079e6a98f,3f7515e135f6ed9ee36898d22218e5c2971516107fae4632408778278e39fb150dc2fcf6d565ab70dcb5aa0f28efed2d29d5b03077324dde0551819fd4574bd8,List(),TlvStream(Set(),Set()))
2025-05-23 14:24:18,078 DEBUG f.a.e.c.fsm.Channel n:0323ec7778fa9b479faf2ae69387ad7ddfdc9e288422e1bc21dde0df5caf790ddf c:f621dec023a55a430da036e0d0498647eebd4c74afca91ce7fd696e079e6a98f - received sig for batch of size=1 for fundingTxId=None
2025-05-23 14:24:18,078 DEBUG f.a.e.c.fsm.Channel n:0323ec7778fa9b479faf2ae69387ad7ddfdc9e288422e1bc21dde0df5caf790ddf c:f621dec023a55a430da036e0d0498647eebd4c74afca91ce7fd696e079e6a98f - received their commit_sig, deferring message
2025-05-23 14:24:18,084 INFO  f.a.e.c.f.InteractiveTxBuilder n:0323ec7778fa9b479faf2ae69387ad7ddfdc9e288422e1bc21dde0df5caf790ddf c:f621dec023a55a430da036e0d0498647eebd4c74afca91ce7fd696e079e6a98f - interactive-tx txid=6ac9c66b4a6bdf5bec8ea91cdee4ae869854926676e4d20d29e28fbcfb68232a partially signed with 1 local inputs, 0 remote inputs, 1 local outputs and 0 remote outputs
2025-05-23 14:24:18,086 INFO  f.a.e.c.fsm.Channel n:0323ec7778fa9b479faf2ae69387ad7ddfdc9e288422e1bc21dde0df5caf790ddf c:f621dec023a55a430da036e0d0498647eebd4c74afca91ce7fd696e079e6a98f - splice tx created with fundingTxIndex=1 fundingTxId=6ac9c66b4a6bdf5bec8ea91cdee4ae869854926676e4d20d29e28fbcfb68232a
2025-05-23 14:24:18,087 DEBUG f.a.e.c.fsm.Channel n:0323ec7778fa9b479faf2ae69387ad7ddfdc9e288422e1bc21dde0df5caf790ddf c:f621dec023a55a430da036e0d0498647eebd4c74afca91ce7fd696e079e6a98f - updating database record for channelId=f621dec023a55a430da036e0d0498647eebd4c74afca91ce7fd696e079e6a98f
2025-05-23 14:24:18,092 DEBUG f.a.e.c.fsm.Channel n:0323ec7778fa9b479faf2ae69387ad7ddfdc9e288422e1bc21dde0df5caf790ddf c:f621dec023a55a430da036e0d0498647eebd4c74afca91ce7fd696e079e6a98f - received sig for batch of size=1 for fundingTxId=None
2025-05-23 14:24:18,092 INFO  f.a.e.i.Peer n:0323ec7778fa9b479faf2ae69387ad7ddfdc9e288422e1bc21dde0df5caf790ddf c:f621dec023a55a430da036e0d0498647eebd4c74afca91ce7fd696e079e6a98f - OUT msg=CommitSig(f621dec023a55a430da036e0d0498647eebd4c74afca91ce7fd696e079e6a98f,3641345974fc2ea95029e0dc96c2b9fa6e45e9b3a01a44d6dd6ed19a9071055d3a70b43451d86393e6e3f52c02b35f24f7301ed386c5628edfabb304327bc20b,List(),TlvStream(Set(),Set()))
2025-05-23 14:24:18,092 INFO  f.a.eclair.Diagnostics n:0323ec7778fa9b479faf2ae69387ad7ddfdc9e288422e1bc21dde0df5caf790ddf c:f621dec023a55a430da036e0d0498647eebd4c74afca91ce7fd696e079e6a98f - OUT msg=CommitSig(f621dec023a55a430da036e0d0498647eebd4c74afca91ce7fd696e079e6a98f,3641345974fc2ea95029e0dc96c2b9fa6e45e9b3a01a44d6dd6ed19a9071055d3a70b43451d86393e6e3f52c02b35f24f7301ed386c5628edfabb304327bc20b,List(),TlvStream(Set(),Set()))
2025-05-23 14:24:18,093 DEBUG f.a.e.c.fsm.Channel n:0323ec7778fa9b479faf2ae69387ad7ddfdc9e288422e1bc21dde0df5caf790ddf c:f621dec023a55a430da036e0d0498647eebd4c74afca91ce7fd696e079e6a98f - updating database record for channelId=f621dec023a55a430da036e0d0498647eebd4c74afca91ce7fd696e079e6a98f
2025-05-23 14:24:18,097 INFO  f.a.eclair.Diagnostics n:0323ec7778fa9b479faf2ae69387ad7ddfdc9e288422e1bc21dde0df5caf790ddf c:f621dec023a55a430da036e0d0498647eebd4c74afca91ce7fd696e079e6a98f - IN msg=TxSignatures(f621dec023a55a430da036e0d0498647eebd4c74afca91ce7fd696e079e6a98f,6ac9c66b4a6bdf5bec8ea91cdee4ae869854926676e4d20d29e28fbcfb68232a,List(),TlvStream(Set(PreviousFundingTxSig(43bc606928d55cb05249112f965a5b89d13b4c329d6db9e7b2b89e6668ea44065b6c87c89a6c139a6e0234b2cdffa6c1f544693aab1f7b0645e2040dcdd7a7d8)),Set()))
2025-05-23 14:24:18,097 DEBUG f.a.e.io.PeerConnection n:0323ec7778fa9b479faf2ae69387ad7ddfdc9e288422e1bc21dde0df5caf790ddf - next ping scheduled in 30 seconds
2025-05-23 14:24:18,097 INFO  f.a.e.i.Peer n:0323ec7778fa9b479faf2ae69387ad7ddfdc9e288422e1bc21dde0df5caf790ddf c:f621dec023a55a430da036e0d0498647eebd4c74afca91ce7fd696e079e6a98f - IN msg=TxSignatures(f621dec023a55a430da036e0d0498647eebd4c74afca91ce7fd696e079e6a98f,6ac9c66b4a6bdf5bec8ea91cdee4ae869854926676e4d20d29e28fbcfb68232a,List(),TlvStream(Set(PreviousFundingTxSig(43bc606928d55cb05249112f965a5b89d13b4c329d6db9e7b2b89e6668ea44065b6c87c89a6c139a6e0234b2cdffa6c1f544693aab1f7b0645e2040dcdd7a7d8)),Set()))
2025-05-23 14:24:18,100 INFO  f.a.e.c.fsm.Channel n:0323ec7778fa9b479faf2ae69387ad7ddfdc9e288422e1bc21dde0df5caf790ddf c:f621dec023a55a430da036e0d0498647eebd4c74afca91ce7fd696e079e6a98f - interactive-tx fully signed with 1 local inputs, 0 remote inputs, 1 local outputs and 0 remote outputs
2025-05-23 14:24:18,100 INFO  f.a.e.c.fsm.Channel n:0323ec7778fa9b479faf2ae69387ad7ddfdc9e288422e1bc21dde0df5caf790ddf c:f621dec023a55a430da036e0d0498647eebd4c74afca91ce7fd696e079e6a98f - publishing funding tx for channelId=f621dec023a55a430da036e0d0498647eebd4c74afca91ce7fd696e079e6a98f fundingTxId=6ac9c66b4a6bdf5bec8ea91cdee4ae869854926676e4d20d29e28fbcfb68232a
2025-05-23 14:24:18,100 DEBUG f.a.e.c.fsm.Channel n:0323ec7778fa9b479faf2ae69387ad7ddfdc9e288422e1bc21dde0df5caf790ddf c:f621dec023a55a430da036e0d0498647eebd4c74afca91ce7fd696e079e6a98f - updating database record for channelId=f621dec023a55a430da036e0d0498647eebd4c74afca91ce7fd696e079e6a98f
2025-05-23 14:24:18,105 INFO  f.a.e.i.Peer n:0323ec7778fa9b479faf2ae69387ad7ddfdc9e288422e1bc21dde0df5caf790ddf c:f621dec023a55a430da036e0d0498647eebd4c74afca91ce7fd696e079e6a98f - OUT msg=TxSignatures(f621dec023a55a430da036e0d0498647eebd4c74afca91ce7fd696e079e6a98f,6ac9c66b4a6bdf5bec8ea91cdee4ae869854926676e4d20d29e28fbcfb68232a,List(ScriptWitness(List(ByteVector(71 bytes, 0x304402207b25929e473e45305cee6fe9b7ab93e052a691b82b506401e97c337c67e2a5f80220362235306356f03d0d4b4166091de2faa56fbd12a9c0b77b192933f2fc3961a801), ByteVector(33 bytes, 0x03b0b621bea44ed4b5ef1f9146eb825076b2be40813844e2dbcb373be85fd5d486)))),TlvStream(Set(PreviousFundingTxSig(f4871eca8cbaaafb1452854f1c17b174ccff4149c5dfe75ea640ca06e03fc85a2a872687d4517edc8c4313bed5ce00868dfc4b685b403161e0d8661c0ac81ff7), ExperimentalPreviousFundingTxSig(f4871eca8cbaaafb1452854f1c17b174ccff4149c5dfe75ea640ca06e03fc85a2a872687d4517edc8c4313bed5ce00868dfc4b685b403161e0d8661c0ac81ff7)),Set()))
2025-05-23 14:24:18,105 INFO  f.a.eclair.Diagnostics n:0323ec7778fa9b479faf2ae69387ad7ddfdc9e288422e1bc21dde0df5caf790ddf c:f621dec023a55a430da036e0d0498647eebd4c74afca91ce7fd696e079e6a98f - OUT msg=TxSignatures(f621dec023a55a430da036e0d0498647eebd4c74afca91ce7fd696e079e6a98f,6ac9c66b4a6bdf5bec8ea91cdee4ae869854926676e4d20d29e28fbcfb68232a,List(ScriptWitness(List(ByteVector(71 bytes, 0x304402207b25929e473e45305cee6fe9b7ab93e052a691b82b506401e97c337c67e2a5f80220362235306356f03d0d4b4166091de2faa56fbd12a9c0b77b192933f2fc3961a801), ByteVector(33 bytes, 0x03b0b621bea44ed4b5ef1f9146eb825076b2be40813844e2dbcb373be85fd5d486)))),TlvStream(Set(PreviousFundingTxSig(f4871eca8cbaaafb1452854f1c17b174ccff4149c5dfe75ea640ca06e03fc85a2a872687d4517edc8c4313bed5ce00868dfc4b685b403161e0d8661c0ac81ff7), ExperimentalPreviousFundingTxSig(f4871eca8cbaaafb1452854f1c17b174ccff4149c5dfe75ea640ca06e03fc85a2a872687d4517edc8c4313bed5ce00868dfc4b685b403161e0d8661c0ac81ff7)),Set()))
2025-05-23 14:24:18,112 INFO  f.a.e.db.DbEventHandler n:0323ec7778fa9b479faf2ae69387ad7ddfdc9e288422e1bc21dde0df5caf790ddf c:f621dec023a55a430da036e0d0498647eebd4c74afca91ce7fd696e079e6a98f - paying mining fee=266 sat for txid=6ac9c66b4a6bdf5bec8ea91cdee4ae869854926676e4d20d29e28fbcfb68232a desc=funding
2025-05-23 14:24:22,118 DEBUG f.a.e.io.PeerConnection SYN n:0323ec7778fa9b479faf2ae69387ad7ddfdc9e288422e1bc21dde0df5caf790ddf - next ping scheduled in 30 seconds
2025-05-23 14:24:22,118 INFO  f.a.e.io.PeerConnection SYN n:0323ec7778fa9b479faf2ae69387ad7ddfdc9e288422e1bc21dde0df5caf790ddf - setting up gossipTimestampFilter=GossipTimestampFilter(06226e46111a0b59caaf126043eb5bbf28c34f3a5e332a1fc7b2b73cf188910f,0 unixsec,4294967295,TlvStream(Set(),Set()))
2025-05-23 14:24:38,226 INFO  f.a.eclair.router.Router PAY h:36f35edd4d71d5ffdd796750906839f07f3f500ad89c384b3555a8ea680de907 p:0a13418a i:0a13418a - finding routes 02f76074ccc985d1133e77366fadd03d7b9ebcfe47ff11498f140d7fd6fd3e97c8->0323ec7778fa9b479faf2ae69387ad7ddfdc9e288422e1bc21dde0df5caf790ddf with assistedChannels= ignoreNodes= ignoreChannels= excludedChannels=
2025-05-23 14:24:38,245 INFO  f.a.e.p.s.MultiPartPaymentLifecycle PAY n:0323ec7778fa9b479faf2ae69387ad7ddfdc9e288422e1bc21dde0df5caf790ddf h:36f35edd4d71d5ffdd796750906839f07f3f500ad89c384b3555a8ea680de907 p:0a13418a i:0a13418a - 1 routes found (attempt=1/5)
2025-05-23 14:24:38,259 INFO  f.a.e.p.s.PaymentLifecycle PAY n:0323ec7778fa9b479faf2ae69387ad7ddfdc9e288422e1bc21dde0df5caf790ddf h:36f35edd4d71d5ffdd796750906839f07f3f500ad89c384b3555a8ea680de907 p:0a13418a i:9811f5e6 - route found: attempt=1/1 route=0323ec7778fa9b479faf2ae69387ad7ddfdc9e288422e1bc21dde0df5caf790ddf channels=0x143f02e27b496a9
2025-05-23 14:24:38,276 INFO  f.a.e.i.Peer PAY n:0323ec7778fa9b479faf2ae69387ad7ddfdc9e288422e1bc21dde0df5caf790ddf c:f621dec023a55a430da036e0d0498647eebd4c74afca91ce7fd696e079e6a98f - OUT msg=UpdateAddHtlc(f621dec023a55a430da036e0d0498647eebd4c74afca91ce7fd696e079e6a98f,0,15007000 msat,36f35edd4d71d5ffdd796750906839f07f3f500ad89c384b3555a8ea680de907,CltvExpiry(422),OnionRoutingPacket(0,ByteVector(33 bytes, 0x03b824d221d5fe241298f4d05578c245dd322deb365e93290dce97f942c047363d),ByteVector(1300 bytes, #-747563950),8e77f79b32319dc73a3bc327ea2e6a5cfd51fe5e252ed1a43f7aba45de9d69fa),TlvStream(Set(Endorsement(7)),Set()))
2025-05-23 14:24:38,276 INFO  f.a.eclair.Diagnostics PAY n:0323ec7778fa9b479faf2ae69387ad7ddfdc9e288422e1bc21dde0df5caf790ddf c:f621dec023a55a430da036e0d0498647eebd4c74afca91ce7fd696e079e6a98f - OUT msg=UpdateAddHtlc(f621dec023a55a430da036e0d0498647eebd4c74afca91ce7fd696e079e6a98f,0,15007000 msat,36f35edd4d71d5ffdd796750906839f07f3f500ad89c384b3555a8ea680de907,CltvExpiry(422),OnionRoutingPacket(0,ByteVector(33 bytes, 0x03b824d221d5fe241298f4d05578c245dd322deb365e93290dce97f942c047363d),ByteVector(1300 bytes, #-747563950),8e77f79b32319dc73a3bc327ea2e6a5cfd51fe5e252ed1a43f7aba45de9d69fa),TlvStream(Set(Endorsement(7)),Set()))
2025-05-23 14:24:38,281 INFO  f.a.e.c.fsm.Channel n:0323ec7778fa9b479faf2ae69387ad7ddfdc9e288422e1bc21dde0df5caf790ddf c:f621dec023a55a430da036e0d0498647eebd4c74afca91ce7fd696e079e6a98f - built remote commit number=1 toLocalMsat=0 toRemoteMsat=500000000 htlc_in= htlc_out=0 feeratePerKw=316 sat/kw txid=47aa9c0263e6b88b2460051408cfe2529df605b9ed37e6bdff1cd950ffbce03d fundingTxId=6ac9c66b4a6bdf5bec8ea91cdee4ae869854926676e4d20d29e28fbcfb68232a
2025-05-23 14:24:38,283 INFO  f.a.e.c.fsm.Channel n:0323ec7778fa9b479faf2ae69387ad7ddfdc9e288422e1bc21dde0df5caf790ddf c:f621dec023a55a430da036e0d0498647eebd4c74afca91ce7fd696e079e6a98f - built remote commit number=1 toLocalMsat=0 toRemoteMsat=484993000 htlc_in= htlc_out=0 feeratePerKw=316 sat/kw txid=5576d6cab63de1aabe299812c32bf70779d883daeaffa16d869fa835a292c001 fundingTxId=84109b19e656e7648a6921337e06e14e20ae76cc353ffad4144f719db3e75696
2025-05-23 14:24:38,286 DEBUG f.a.e.c.fsm.Channel n:0323ec7778fa9b479faf2ae69387ad7ddfdc9e288422e1bc21dde0df5caf790ddf c:f621dec023a55a430da036e0d0498647eebd4c74afca91ce7fd696e079e6a98f - sending a new sig, spec:
specs:
localcommit:
  toLocal: 515007000 msat
  toRemote: 0 msat
  htlcs:

remotecommit:
  toLocal: 0 msat
  toRemote: 515007000 msat
  htlcs:

next remotecommit:
  toLocal: 0 msat
  toRemote: 500000000 msat
  htlcs:
    IN 0 CltvExpiry(422)
2025-05-23 14:24:38,287 DEBUG f.a.e.c.fsm.Channel n:0323ec7778fa9b479faf2ae69387ad7ddfdc9e288422e1bc21dde0df5caf790ddf c:f621dec023a55a430da036e0d0498647eebd4c74afca91ce7fd696e079e6a98f - adding paymentHash=36f35edd4d71d5ffdd796750906839f07f3f500ad89c384b3555a8ea680de907 cltvExpiry=CltvExpiry(422) to htlcs db for commitNumber=1
2025-05-23 14:24:38,289 DEBUG f.a.e.c.fsm.Channel n:0323ec7778fa9b479faf2ae69387ad7ddfdc9e288422e1bc21dde0df5caf790ddf c:f621dec023a55a430da036e0d0498647eebd4c74afca91ce7fd696e079e6a98f - Not sending our commit sigs for interop test: Disconnection after exchanging tx_signatures and one side sends commit_sig for channel update
2025-05-23 14:24:38,290 DEBUG f.a.e.c.fsm.Channel n:0323ec7778fa9b479faf2ae69387ad7ddfdc9e288422e1bc21dde0df5caf790ddf c:f621dec023a55a430da036e0d0498647eebd4c74afca91ce7fd696e079e6a98f - scheduling acknowledgement of cmds ids=
2025-05-23 14:24:38,290 DEBUG fr.acinq.eclair.io.Peer CON n:0323ec7778fa9b479faf2ae69387ad7ddfdc9e288422e1bc21dde0df5caf790ddf - disconnecting
2025-05-23 14:24:38,291 DEBUG f.a.e.io.PeerConnection CON n:0323ec7778fa9b479faf2ae69387ad7ddfdc9e288422e1bc21dde0df5caf790ddf - stopping with reason=UserRequest
2025-05-23 14:24:38,293 DEBUG fr.acinq.eclair.io.Peer CON n:0323ec7778fa9b479faf2ae69387ad7ddfdc9e288422e1bc21dde0df5caf790ddf - connection lost
2025-05-23 14:24:38,294 INFO  f.a.e.c.TransportHandler CON n:0323ec7778fa9b479faf2ae69387ad7ddfdc9e288422e1bc21dde0df5caf790ddf - stopping (unackedReceived= unackedSent=None)
2025-05-23 14:24:38,295 INFO  f.a.e.i.ReconnectionTask CON n:0323ec7778fa9b479faf2ae69387ad7ddfdc9e288422e1bc21dde0df5caf790ddf - peer is disconnected, next reconnection in 5256 milliseconds
2025-05-23 14:24:43,575 DEBUG f.a.e.i.ReconnectionTask CON n:0323ec7778fa9b479faf2ae69387ad7ddfdc9e288422e1bc21dde0df5caf790ddf - connecting to 127.0.0.1:9737
2025-05-23 14:24:43,575 INFO  f.a.e.io.ClientSpawner - initiating new connection to nodeId=0323ec7778fa9b479faf2ae69387ad7ddfdc9e288422e1bc21dde0df5caf790ddf origin=Actor[akka://eclair-node/deadLetters]
2025-05-23 14:24:43,577 INFO  f.acinq.eclair.io.Client CON n:0323ec7778fa9b479faf2ae69387ad7ddfdc9e288422e1bc21dde0df5caf790ddf - connected to 127.0.0.1:9737
2025-05-23 14:24:43,584 INFO  f.a.e.io.PeerConnection CON n:0323ec7778fa9b479faf2ae69387ad7ddfdc9e288422e1bc21dde0df5caf790ddf - connection authenticated (direction=outgoing)
2025-05-23 14:24:43,585 DEBUG f.a.e.io.PeerConnection CON n:0323ec7778fa9b479faf2ae69387ad7ddfdc9e288422e1bc21dde0df5caf790ddf - using features=option_simple_close:optional,option_route_blinding:optional,option_dual_fund:optional,gossip_queries_ex:optional,option_quiesce:optional,option_data_loss_protect:mandatory,option_static_remotekey:mandatory,option_scid_alias:optional,option_onion_messages:optional,option_support_large_channel:optional,option_anchors_zero_fee_htlc_tx:optional,payment_secret:mandatory,option_shutdown_anysegwit:optional,option_channel_type:mandatory,basic_mpp:optional,gossip_queries:optional,var_onion_optin:mandatory,option_splice:optional
2025-05-23 14:24:43,587 DEBUG f.a.e.io.PeerConnection CON n:0323ec7778fa9b479faf2ae69387ad7ddfdc9e288422e1bc21dde0df5caf790ddf - next ping scheduled in 30 seconds
2025-05-23 14:24:43,587 INFO  f.a.e.io.PeerConnection CON n:0323ec7778fa9b479faf2ae69387ad7ddfdc9e288422e1bc21dde0df5caf790ddf - peer is using features=option_upfront_shutdown_script:optional,option_route_blinding:optional,option_zeroconf:optional,option_dual_fund:optional,gossip_queries_ex:optional,option_quiesce:optional,option_data_loss_protect:mandatory,option_static_remotekey:mandatory,option_scid_alias:optional,option_onion_messages:optional,option_support_large_channel:optional,option_anchors_zero_fee_htlc_tx:optional,payment_secret:mandatory,option_shutdown_anysegwit:optional,option_channel_type:optional,basic_mpp:optional,gossip_queries:optional,var_onion_optin:mandatory,option_splice:optional, networks=06226e46111a0b59caaf126043eb5bbf28c34f3a5e332a1fc7b2b73cf188910f
2025-05-23 14:24:43,587 INFO  f.a.e.io.PeerConnection CON n:0323ec7778fa9b479faf2ae69387ad7ddfdc9e288422e1bc21dde0df5caf790ddf - peer reports that our IP address is 127.0.0.1:36828 (public=false)
2025-05-23 14:24:43,589 DEBUG f.a.e.io.PeerConnection CON n:0323ec7778fa9b479faf2ae69387ad7ddfdc9e288422e1bc21dde0df5caf790ddf - rebroadcast will be delayed by 32 seconds
2025-05-23 14:24:43,589 DEBUG fr.acinq.eclair.io.Peer CON n:0323ec7778fa9b479faf2ae69387ad7ddfdc9e288422e1bc21dde0df5caf790ddf - got authenticated connection to address 127.0.0.1:9737
2025-05-23 14:24:43,589 DEBUG f.a.e.io.PeerConnection n:0323ec7778fa9b479faf2ae69387ad7ddfdc9e288422e1bc21dde0df5caf790ddf - sending sync channel range query with flags_opt=Some(QueryFlags(3)) replacePrevious=true
2025-05-23 14:24:43,590 DEBUG f.a.e.io.PeerConnection SYN n:0323ec7778fa9b479faf2ae69387ad7ddfdc9e288422e1bc21dde0df5caf790ddf - next ping scheduled in 30 seconds
2025-05-23 14:24:43,590 INFO  f.a.e.io.PeerConnection SYN n:0323ec7778fa9b479faf2ae69387ad7ddfdc9e288422e1bc21dde0df5caf790ddf - setting up gossipTimestampFilter=GossipTimestampFilter(06226e46111a0b59caaf126043eb5bbf28c34f3a5e332a1fc7b2b73cf188910f,0 unixsec,4294967295,TlvStream(Set(),Set()))
2025-05-23 14:24:43,590 DEBUG f.a.e.i.ReconnectionTask CON n:0323ec7778fa9b479faf2ae69387ad7ddfdc9e288422e1bc21dde0df5caf790ddf - peer is connected
2025-05-23 14:24:43,594 DEBUG f.a.e.c.fsm.Channel n:0323ec7778fa9b479faf2ae69387ad7ddfdc9e288422e1bc21dde0df5caf790ddf c:f621dec023a55a430da036e0d0498647eebd4c74afca91ce7fd696e079e6a98f - localFundingStatus=DualFundedUnconfirmedFundingTx(FullySignedSharedTransaction(SharedTransaction(Some(Shared(0,84109b19e656e7648a6921337e06e14e20ae76cc353ffad4144f719db3e75696:1,ByteVector(34 bytes, 0x00202090a1721882b1c634a50fa4777d62fbe8a4da8b76eea6e6ed083c46befee11d),4294967293,500000000 msat,0 msat,0 msat)),Shared(6,ByteVector(34 bytes, 0x00205e4aee053a956d785f1e58bdbe905cc037a3baedcdf7af34bc08f456861e9589),515007000 msat,0 msat,0 msat),List(Local(2,0200000001c39601b01245a1669ad3faa4b5bfddddc1aabc620a87878b04f9a484155d4ccb0000000000fdffffff0200e1f505000000001600147877e2514bd0cd27c1d2a90a07c4222bb59315117310102401000000160014e19b44ae080cefb406f83c370ff08e70438d6b4d96000000,1,4294967293)),List(),List(Change(4,4899984586 sat,ByteVector(34 bytes, 0x512029a91e49c2a610c22502626eadb3e836d2dbbd95fe52d09beb6c398142c3bd6a))),List(),159),TxSignatures(f621dec023a55a430da036e0d0498647eebd4c74afca91ce7fd696e079e6a98f,6ac9c66b4a6bdf5bec8ea91cdee4ae869854926676e4d20d29e28fbcfb68232a,List(ScriptWitness(List(ByteVector(71 bytes, 0x304402207b25929e473e45305cee6fe9b7ab93e052a691b82b506401e97c337c67e2a5f80220362235306356f03d0d4b4166091de2faa56fbd12a9c0b77b192933f2fc3961a801), ByteVector(33 bytes, 0x03b0b621bea44ed4b5ef1f9146eb825076b2be40813844e2dbcb373be85fd5d486)))),TlvStream(Set(PreviousFundingTxSig(f4871eca8cbaaafb1452854f1c17b174ccff4149c5dfe75ea640ca06e03fc85a2a872687d4517edc8c4313bed5ce00868dfc4b685b403161e0d8661c0ac81ff7), ExperimentalPreviousFundingTxSig(f4871eca8cbaaafb1452854f1c17b174ccff4149c5dfe75ea640ca06e03fc85a2a872687d4517edc8c4313bed5ce00868dfc4b685b403161e0d8661c0ac81ff7)),Set())),TxSignatures(f621dec023a55a430da036e0d0498647eebd4c74afca91ce7fd696e079e6a98f,6ac9c66b4a6bdf5bec8ea91cdee4ae869854926676e4d20d29e28fbcfb68232a,List(),TlvStream(Set(PreviousFundingTxSig(43bc606928d55cb05249112f965a5b89d13b4c329d6db9e7b2b89e6668ea44065b6c87c89a6c139a6e0234b2cdffa6c1f544693aab1f7b0645e2040dcdd7a7d8)),Set())),Some(ScriptWitness(List(ByteVector(empty), ByteVector(72 bytes, 0x3045022100f4871eca8cbaaafb1452854f1c17b174ccff4149c5dfe75ea640ca06e03fc85a02202a872687d4517edc8c4313bed5ce00868dfc4b685b403161e0d8661c0ac81ff701), ByteVector(71 bytes, 0x3044022043bc606928d55cb05249112f965a5b89d13b4c329d6db9e7b2b89e6668ea440602205b6c87c89a6c139a6e0234b2cdffa6c1f544693aab1f7b0645e2040dcdd7a7d801), ByteVector(71 bytes, 0x52210312a611390e6482c7ab6f3efa3854c5c267bfb130a008fa271651c5b2889d36122103ce7915f417808589e9b68b2de3303f8eed4a92839e0ae10e91b2b968c79d4e6d52ae))))),159,InteractiveTxParams(f621dec023a55a430da036e0d0498647eebd4c74afca91ce7fd696e079e6a98f,true,15007 sat,0 sat,Some(Multisig2of2Input(InputInfo(84109b19e656e7648a6921337e06e14e20ae76cc353ffad4144f719db3e75696:1,TxOut(500000 sat,ByteVector(34 bytes, 0x00202090a1721882b1c634a50fa4777d62fbe8a4da8b76eea6e6ed083c46befee11d)),ByteVector(empty)),0,03ce7915f417808589e9b68b2de3303f8eed4a92839e0ae10e91b2b968c79d4e6d)),03ce7915f417808589e9b68b2de3303f8eed4a92839e0ae10e91b2b968c79d4e6d,List(),159,546 sat,253 sat/kw,RequireConfirmedInputs(false,false)),None), d.commitments.remoteCommitIndex=0, localFundingStatus.sharedTx.txId=6ac9c66b4a6bdf5bec8ea91cdee4ae869854926676e4d20d29e28fbcfb68232a
2025-05-23 14:24:43,594 DEBUG f.a.e.c.fsm.Channel n:0323ec7778fa9b479faf2ae69387ad7ddfdc9e288422e1bc21dde0df5caf790ddf c:f621dec023a55a430da036e0d0498647eebd4c74afca91ce7fd696e079e6a98f - our channel_reestablish: next_funding_tx_id=None, your_last_funding_locked=Some(84109b19e656e7648a6921337e06e14e20ae76cc353ffad4144f719db3e75696), my_current_funding_Locked=Some(84109b19e656e7648a6921337e06e14e20ae76cc353ffad4144f719db3e75696), next_local_commit_number=1
2025-05-23 14:24:43,595 INFO  f.a.e.i.Peer CON n:0323ec7778fa9b479faf2ae69387ad7ddfdc9e288422e1bc21dde0df5caf790ddf c:f621dec023a55a430da036e0d0498647eebd4c74afca91ce7fd696e079e6a98f - OUT msg=ChannelReestablish(f621dec023a55a430da036e0d0498647eebd4c74afca91ce7fd696e079e6a98f,1,0,<private_key>,03c139b5d132e9a2f91893a19786dbae3cf06a06f71278bb572b8b30453377dfee,TlvStream(Set(MyCurrentFundingLockedTlv(84109b19e656e7648a6921337e06e14e20ae76cc353ffad4144f719db3e75696), YourLastFundingLockedTlv(84109b19e656e7648a6921337e06e14e20ae76cc353ffad4144f719db3e75696)),Set()))
2025-05-23 14:24:43,595 DEBUG f.a.e.io.PeerConnection SYN n:0323ec7778fa9b479faf2ae69387ad7ddfdc9e288422e1bc21dde0df5caf790ddf - next ping scheduled in 30 seconds
2025-05-23 14:24:43,595 INFO  f.a.eclair.router.Router SYN n:0323ec7778fa9b479faf2ae69387ad7ddfdc9e288422e1bc21dde0df5caf790ddf - received empty reply_channel_range, sync is complete
2025-05-23 14:24:43,596 INFO  f.a.eclair.Diagnostics CON n:0323ec7778fa9b479faf2ae69387ad7ddfdc9e288422e1bc21dde0df5caf790ddf c:f621dec023a55a430da036e0d0498647eebd4c74afca91ce7fd696e079e6a98f - OUT msg=ChannelReestablish(f621dec023a55a430da036e0d0498647eebd4c74afca91ce7fd696e079e6a98f,1,0,<private_key>,03c139b5d132e9a2f91893a19786dbae3cf06a06f71278bb572b8b30453377dfee,TlvStream(Set(MyCurrentFundingLockedTlv(84109b19e656e7648a6921337e06e14e20ae76cc353ffad4144f719db3e75696), YourLastFundingLockedTlv(84109b19e656e7648a6921337e06e14e20ae76cc353ffad4144f719db3e75696)),Set()))
2025-05-23 14:24:43,598 INFO  f.a.eclair.Diagnostics CON n:0323ec7778fa9b479faf2ae69387ad7ddfdc9e288422e1bc21dde0df5caf790ddf c:f621dec023a55a430da036e0d0498647eebd4c74afca91ce7fd696e079e6a98f - IN msg=ChannelReestablish(f621dec023a55a430da036e0d0498647eebd4c74afca91ce7fd696e079e6a98f,1,0,<private_key>,03c2a72cbfca5d05202f186ca0dc244f31c8faccd9241de88f5ed042c27351000a,TlvStream(Set(YourLastFundingLockedTlv(84109b19e656e7648a6921337e06e14e20ae76cc353ffad4144f719db3e75696), MyCurrentFundingLockedTlv(84109b19e656e7648a6921337e06e14e20ae76cc353ffad4144f719db3e75696)),Set()))
2025-05-23 14:24:43,598 DEBUG f.a.e.io.PeerConnection CON n:0323ec7778fa9b479faf2ae69387ad7ddfdc9e288422e1bc21dde0df5caf790ddf - next ping scheduled in 30 seconds
2025-05-23 14:24:43,598 INFO  f.a.e.i.Peer CON n:0323ec7778fa9b479faf2ae69387ad7ddfdc9e288422e1bc21dde0df5caf790ddf c:f621dec023a55a430da036e0d0498647eebd4c74afca91ce7fd696e079e6a98f - IN msg=ChannelReestablish(f621dec023a55a430da036e0d0498647eebd4c74afca91ce7fd696e079e6a98f,1,0,<private_key>,03c2a72cbfca5d05202f186ca0dc244f31c8faccd9241de88f5ed042c27351000a,TlvStream(Set(YourLastFundingLockedTlv(84109b19e656e7648a6921337e06e14e20ae76cc353ffad4144f719db3e75696), MyCurrentFundingLockedTlv(84109b19e656e7648a6921337e06e14e20ae76cc353ffad4144f719db3e75696)),Set()))
2025-05-23 14:24:43,598 INFO  f.a.eclair.Diagnostics n:0323ec7778fa9b479faf2ae69387ad7ddfdc9e288422e1bc21dde0df5caf790ddf c:f621dec023a55a430da036e0d0498647eebd4c74afca91ce7fd696e079e6a98f - IN msg=ChannelReady(f621dec023a55a430da036e0d0498647eebd4c74afca91ce7fd696e079e6a98f,031dd18706f8b85f9a1d6f1a18cfe70b06b4f19b6b6c14fa19a725dafc44a296f5,TlvStream(Set(ShortChannelIdTlv(0xd3af3fce9f81b8cf)),Set()))
2025-05-23 14:24:43,598 DEBUG f.a.e.io.PeerConnection n:0323ec7778fa9b479faf2ae69387ad7ddfdc9e288422e1bc21dde0df5caf790ddf - next ping scheduled in 30 seconds
2025-05-23 14:24:43,598 INFO  f.a.e.i.Peer n:0323ec7778fa9b479faf2ae69387ad7ddfdc9e288422e1bc21dde0df5caf790ddf c:f621dec023a55a430da036e0d0498647eebd4c74afca91ce7fd696e079e6a98f - IN msg=ChannelReady(f621dec023a55a430da036e0d0498647eebd4c74afca91ce7fd696e079e6a98f,031dd18706f8b85f9a1d6f1a18cfe70b06b4f19b6b6c14fa19a725dafc44a296f5,TlvStream(Set(ShortChannelIdTlv(0xd3af3fce9f81b8cf)),Set()))
2025-05-23 14:24:43,599 DEBUG f.a.e.c.fsm.Channel CON n:0323ec7778fa9b479faf2ae69387ad7ddfdc9e288422e1bc21dde0df5caf790ddf c:f621dec023a55a430da036e0d0498647eebd4c74afca91ce7fd696e079e6a98f - their channel_reestablish: next_funding_tx_id=None, your_last_funding_locked=Some(84109b19e656e7648a6921337e06e14e20ae76cc353ffad4144f719db3e75696), my_current_funding_Locked=Some(84109b19e656e7648a6921337e06e14e20ae76cc353ffad4144f719db3e75696), next_local_commit_number=1
2025-05-23 14:24:43,600 DEBUG f.a.e.c.fsm.Channel CON n:0323ec7778fa9b479faf2ae69387ad7ddfdc9e288422e1bc21dde0df5caf790ddf c:f621dec023a55a430da036e0d0498647eebd4c74afca91ce7fd696e079e6a98f - d.spliceStatus=NoSplice, d.commitments.remoteCommitIndex=0, d.commitments.latest.fundingTxId=6ac9c66b4a6bdf5bec8ea91cdee4ae869854926676e4d20d29e28fbcfb68232a
2025-05-23 14:24:43,600 INFO  f.a.e.c.fsm.Channel CON n:0323ec7778fa9b479faf2ae69387ad7ddfdc9e288422e1bc21dde0df5caf790ddf c:f621dec023a55a430da036e0d0498647eebd4c74afca91ce7fd696e079e6a98f - setting remoteFundingStatus=Locked$ for fundingTxId=84109b19e656e7648a6921337e06e14e20ae76cc353ffad4144f719db3e75696 fundingTxIndex=0
2025-05-23 14:24:43,601 DEBUG f.a.e.c.fsm.Channel CON n:0323ec7778fa9b479faf2ae69387ad7ddfdc9e288422e1bc21dde0df5caf790ddf c:f621dec023a55a430da036e0d0498647eebd4c74afca91ce7fd696e079e6a98f - discarding proposed OUT: 
2025-05-23 14:24:43,602 DEBUG f.a.e.c.fsm.Channel CON n:0323ec7778fa9b479faf2ae69387ad7ddfdc9e288422e1bc21dde0df5caf790ddf c:f621dec023a55a430da036e0d0498647eebd4c74afca91ce7fd696e079e6a98f - discarding proposed IN: 
2025-05-23 14:24:43,603 DEBUG f.a.e.c.fsm.Channel CON n:0323ec7778fa9b479faf2ae69387ad7ddfdc9e288422e1bc21dde0df5caf790ddf c:f621dec023a55a430da036e0d0498647eebd4c74afca91ce7fd696e079e6a98f - localNextHtlcId=1->1
2025-05-23 14:24:43,603 DEBUG f.a.e.c.fsm.Channel CON n:0323ec7778fa9b479faf2ae69387ad7ddfdc9e288422e1bc21dde0df5caf790ddf c:f621dec023a55a430da036e0d0498647eebd4c74afca91ce7fd696e079e6a98f - remoteNextHtlcId=0->0
2025-05-23 14:24:43,604 INFO  f.a.e.i.Peer PAY n:0323ec7778fa9b479faf2ae69387ad7ddfdc9e288422e1bc21dde0df5caf790ddf c:f621dec023a55a430da036e0d0498647eebd4c74afca91ce7fd696e079e6a98f - OUT msg=UpdateAddHtlc(f621dec023a55a430da036e0d0498647eebd4c74afca91ce7fd696e079e6a98f,0,15007000 msat,36f35edd4d71d5ffdd796750906839f07f3f500ad89c384b3555a8ea680de907,CltvExpiry(422),OnionRoutingPacket(0,ByteVector(33 bytes, 0x03b824d221d5fe241298f4d05578c245dd322deb365e93290dce97f942c047363d),ByteVector(1300 bytes, #-747563950),8e77f79b32319dc73a3bc327ea2e6a5cfd51fe5e252ed1a43f7aba45de9d69fa),TlvStream(Set(Endorsement(7)),Set()))
2025-05-23 14:24:43,604 INFO  f.a.e.i.Peer n:0323ec7778fa9b479faf2ae69387ad7ddfdc9e288422e1bc21dde0df5caf790ddf c:f621dec023a55a430da036e0d0498647eebd4c74afca91ce7fd696e079e6a98f - OUT msg=CommitSig(f621dec023a55a430da036e0d0498647eebd4c74afca91ce7fd696e079e6a98f,d118a47201f4f8efa8ed4def71da3c50c7f246e3dbef13903d660552c9f51a0900db0795c5824a5df062c7a60d4151f10375b306886d95e54dfc47f0969cac8d,List(062542c508fbb11869727c41a0b4e902f038673a1444acdf090e5881ec22ce8162f09a9bc321daa1fd8d9fb7d07399d57b5e79ca45decd2c336e94b6bc87b36d),TlvStream(Set(BatchTlv(2,6ac9c66b4a6bdf5bec8ea91cdee4ae869854926676e4d20d29e28fbcfb68232a)),Set()))
2025-05-23 14:24:43,604 INFO  f.a.e.i.Peer n:0323ec7778fa9b479faf2ae69387ad7ddfdc9e288422e1bc21dde0df5caf790ddf c:f621dec023a55a430da036e0d0498647eebd4c74afca91ce7fd696e079e6a98f - OUT msg=CommitSig(f621dec023a55a430da036e0d0498647eebd4c74afca91ce7fd696e079e6a98f,1f232ae19199924bcd6186311424b21205cd1e98e874172a80557ebe969f86c24bcc2cb3761054256dcb9d9a905bd4313879cf8b4ce6f2888f57a1be07fa044d,List(ec524b170c28f41e1adf90a7395e40ea3689769a9bfe1dc0c64d9ea6ea3c03664eaa2d3c0d3722c01a6aa88e39dd59850b2de1527bff509587cfb01eb9b2c0e7),TlvStream(Set(BatchTlv(2,84109b19e656e7648a6921337e06e14e20ae76cc353ffad4144f719db3e75696)),Set()))
2025-05-23 14:24:43,604 INFO  f.a.eclair.Diagnostics PAY n:0323ec7778fa9b479faf2ae69387ad7ddfdc9e288422e1bc21dde0df5caf790ddf c:f621dec023a55a430da036e0d0498647eebd4c74afca91ce7fd696e079e6a98f - OUT msg=UpdateAddHtlc(f621dec023a55a430da036e0d0498647eebd4c74afca91ce7fd696e079e6a98f,0,15007000 msat,36f35edd4d71d5ffdd796750906839f07f3f500ad89c384b3555a8ea680de907,CltvExpiry(422),OnionRoutingPacket(0,ByteVector(33 bytes, 0x03b824d221d5fe241298f4d05578c245dd322deb365e93290dce97f942c047363d),ByteVector(1300 bytes, #-747563950),8e77f79b32319dc73a3bc327ea2e6a5cfd51fe5e252ed1a43f7aba45de9d69fa),TlvStream(Set(Endorsement(7)),Set()))
2025-05-23 14:24:43,606 INFO  f.a.eclair.Diagnostics n:0323ec7778fa9b479faf2ae69387ad7ddfdc9e288422e1bc21dde0df5caf790ddf c:f621dec023a55a430da036e0d0498647eebd4c74afca91ce7fd696e079e6a98f - OUT msg=CommitSig(f621dec023a55a430da036e0d0498647eebd4c74afca91ce7fd696e079e6a98f,d118a47201f4f8efa8ed4def71da3c50c7f246e3dbef13903d660552c9f51a0900db0795c5824a5df062c7a60d4151f10375b306886d95e54dfc47f0969cac8d,List(062542c508fbb11869727c41a0b4e902f038673a1444acdf090e5881ec22ce8162f09a9bc321daa1fd8d9fb7d07399d57b5e79ca45decd2c336e94b6bc87b36d),TlvStream(Set(BatchTlv(2,6ac9c66b4a6bdf5bec8ea91cdee4ae869854926676e4d20d29e28fbcfb68232a)),Set()))
2025-05-23 14:24:43,607 DEBUG f.a.e.io.PeerConnection SYN n:0323ec7778fa9b479faf2ae69387ad7ddfdc9e288422e1bc21dde0df5caf790ddf - next ping scheduled in 30 seconds
2025-05-23 14:24:43,607 INFO  f.a.eclair.Diagnostics n:0323ec7778fa9b479faf2ae69387ad7ddfdc9e288422e1bc21dde0df5caf790ddf c:f621dec023a55a430da036e0d0498647eebd4c74afca91ce7fd696e079e6a98f - OUT msg=CommitSig(f621dec023a55a430da036e0d0498647eebd4c74afca91ce7fd696e079e6a98f,1f232ae19199924bcd6186311424b21205cd1e98e874172a80557ebe969f86c24bcc2cb3761054256dcb9d9a905bd4313879cf8b4ce6f2888f57a1be07fa044d,List(ec524b170c28f41e1adf90a7395e40ea3689769a9bfe1dc0c64d9ea6ea3c03664eaa2d3c0d3722c01a6aa88e39dd59850b2de1527bff509587cfb01eb9b2c0e7),TlvStream(Set(BatchTlv(2,84109b19e656e7648a6921337e06e14e20ae76cc353ffad4144f719db3e75696)),Set()))
2025-05-23 14:24:43,615 INFO  f.a.eclair.Diagnostics n:0323ec7778fa9b479faf2ae69387ad7ddfdc9e288422e1bc21dde0df5caf790ddf c:f621dec023a55a430da036e0d0498647eebd4c74afca91ce7fd696e079e6a98f - IN msg=RevokeAndAck(f621dec023a55a430da036e0d0498647eebd4c74afca91ce7fd696e079e6a98f,<private_key>,0276db9a836830c6a93ff7e1cfdd51e8254c885fd646719c4372f5654ccbe9ec30,TlvStream(Set(),Set()))
2025-05-23 14:24:43,615 DEBUG f.a.e.io.PeerConnection n:0323ec7778fa9b479faf2ae69387ad7ddfdc9e288422e1bc21dde0df5caf790ddf - next ping scheduled in 30 seconds
2025-05-23 14:24:43,615 INFO  f.a.e.i.Peer n:0323ec7778fa9b479faf2ae69387ad7ddfdc9e288422e1bc21dde0df5caf790ddf c:f621dec023a55a430da036e0d0498647eebd4c74afca91ce7fd696e079e6a98f - IN msg=RevokeAndAck(f621dec023a55a430da036e0d0498647eebd4c74afca91ce7fd696e079e6a98f,<private_key>,0276db9a836830c6a93ff7e1cfdd51e8254c885fd646719c4372f5654ccbe9ec30,TlvStream(Set(),Set()))
2025-05-23 14:24:43,618 DEBUG f.a.e.c.fsm.Channel CON n:0323ec7778fa9b479faf2ae69387ad7ddfdc9e288422e1bc21dde0df5caf790ddf c:f621dec023a55a430da036e0d0498647eebd4c74afca91ce7fd696e079e6a98f - nothing to replay
2025-05-23 14:24:43,618 DEBUG f.a.e.c.fsm.Channel n:0323ec7778fa9b479faf2ae69387ad7ddfdc9e288422e1bc21dde0df5caf790ddf c:f621dec023a55a430da036e0d0498647eebd4c74afca91ce7fd696e079e6a98f - refreshing channel_update announcement (reason=Reconnected)
2025-05-23 14:24:43,618 DEBUG f.a.e.c.fsm.Channel n:0323ec7778fa9b479faf2ae69387ad7ddfdc9e288422e1bc21dde0df5caf790ddf c:f621dec023a55a430da036e0d0498647eebd4c74afca91ce7fd696e079e6a98f - updating database record for channelId=f621dec023a55a430da036e0d0498647eebd4c74afca91ce7fd696e079e6a98f
2025-05-23 14:24:43,621 INFO  f.a.eclair.Diagnostics n:0323ec7778fa9b479faf2ae69387ad7ddfdc9e288422e1bc21dde0df5caf790ddf c:f621dec023a55a430da036e0d0498647eebd4c74afca91ce7fd696e079e6a98f - IN msg=CommitSig(f621dec023a55a430da036e0d0498647eebd4c74afca91ce7fd696e079e6a98f,0ae40009635c321fa9b1c5fa1b4f46fe99cb83c4d127bc2b355477b2347cf221698df7d9ab375f2608d5baca73547858767df29e18c01f9d5c6f0131f6d537d3,List(772265e0785dd187e7d29e32f719f8a53337ac1e122d1cf75db199071b45ecbe488078392ade05c458d6ed9489853dbed6f26fea05edddaec39460d1327e21ea),TlvStream(Set(BatchTlv(2,84109b19e656e7648a6921337e06e14e20ae76cc353ffad4144f719db3e75696)),Set()))
2025-05-23 14:24:43,621 INFO  f.a.eclair.Diagnostics n:0323ec7778fa9b479faf2ae69387ad7ddfdc9e288422e1bc21dde0df5caf790ddf c:f621dec023a55a430da036e0d0498647eebd4c74afca91ce7fd696e079e6a98f - IN msg=CommitSig(f621dec023a55a430da036e0d0498647eebd4c74afca91ce7fd696e079e6a98f,79fbbbf61f3359ed508bdc2f4f9b0c03a83f6f1b3b7e62df64d684cec49df1ca22d4689fa286feecb643e06c0191635a2a990c877c3cc97120e03fefdf6474dc,List(0147e474c3df3c1db635c7f8cb45cf49454c1c39955e85deb4f5a78df45ff8157f0c5e297cba729bde0ca64d8db8263c19d4b404ac0d4a3236d154c723f19b8b),TlvStream(Set(BatchTlv(2,6ac9c66b4a6bdf5bec8ea91cdee4ae869854926676e4d20d29e28fbcfb68232a)),Set()))
2025-05-23 14:24:43,621 DEBUG f.a.e.io.PeerConnection n:0323ec7778fa9b479faf2ae69387ad7ddfdc9e288422e1bc21dde0df5caf790ddf - next ping scheduled in 30 seconds
2025-05-23 14:24:43,621 DEBUG f.a.e.io.PeerConnection n:0323ec7778fa9b479faf2ae69387ad7ddfdc9e288422e1bc21dde0df5caf790ddf - next ping scheduled in 30 seconds
2025-05-23 14:24:43,621 INFO  f.a.e.i.Peer n:0323ec7778fa9b479faf2ae69387ad7ddfdc9e288422e1bc21dde0df5caf790ddf c:f621dec023a55a430da036e0d0498647eebd4c74afca91ce7fd696e079e6a98f - IN msg=CommitSig(f621dec023a55a430da036e0d0498647eebd4c74afca91ce7fd696e079e6a98f,0ae40009635c321fa9b1c5fa1b4f46fe99cb83c4d127bc2b355477b2347cf221698df7d9ab375f2608d5baca73547858767df29e18c01f9d5c6f0131f6d537d3,List(772265e0785dd187e7d29e32f719f8a53337ac1e122d1cf75db199071b45ecbe488078392ade05c458d6ed9489853dbed6f26fea05edddaec39460d1327e21ea),TlvStream(Set(BatchTlv(2,84109b19e656e7648a6921337e06e14e20ae76cc353ffad4144f719db3e75696)),Set()))
2025-05-23 14:24:43,621 INFO  f.a.e.i.Peer n:0323ec7778fa9b479faf2ae69387ad7ddfdc9e288422e1bc21dde0df5caf790ddf c:f621dec023a55a430da036e0d0498647eebd4c74afca91ce7fd696e079e6a98f - IN msg=CommitSig(f621dec023a55a430da036e0d0498647eebd4c74afca91ce7fd696e079e6a98f,79fbbbf61f3359ed508bdc2f4f9b0c03a83f6f1b3b7e62df64d684cec49df1ca22d4689fa286feecb643e06c0191635a2a990c877c3cc97120e03fefdf6474dc,List(0147e474c3df3c1db635c7f8cb45cf49454c1c39955e85deb4f5a78df45ff8157f0c5e297cba729bde0ca64d8db8263c19d4b404ac0d4a3236d154c723f19b8b),TlvStream(Set(BatchTlv(2,6ac9c66b4a6bdf5bec8ea91cdee4ae869854926676e4d20d29e28fbcfb68232a)),Set()))
2025-05-23 14:24:43,623 DEBUG f.a.e.c.fsm.Channel n:0323ec7778fa9b479faf2ae69387ad7ddfdc9e288422e1bc21dde0df5caf790ddf c:f621dec023a55a430da036e0d0498647eebd4c74afca91ce7fd696e079e6a98f - emitting channel update event: reason=normal->normal sendToPeer=true channel_update=ChannelUpdate(d2a1f26cb04ca8936594561259faee951fbd54e40b6487ba8606b338168fee9c0565959eea3656731eac5768f072bb171f417682926c25aa8f159593f630a98b,06226e46111a0b59caaf126043eb5bbf28c34f3a5e332a1fc7b2b73cf188910f,0x143f02e27b496a9,1748003083 unixsec,MessageFlags(true),ChannelFlags(true,true),CltvExpiryDelta(144),0 msat,1000 msat,100,225000000 msat,TlvStream(Set(),Set())) channel_announcement=None
2025-05-23 14:24:43,623 INFO  f.a.e.i.Peer SYN n:0323ec7778fa9b479faf2ae69387ad7ddfdc9e288422e1bc21dde0df5caf790ddf - OUT msg=ChannelUpdate(c3dd5b96f77b96542e82c1eae3af9ebeb8318248f1a6e0525233d443e97a5f6b1669cb8ff21574cdc552b7d11509b93ee24b4b2064d9ac146bc710069360657a,06226e46111a0b59caaf126043eb5bbf28c34f3a5e332a1fc7b2b73cf188910f,0xd3af3fce9f81b8cf,1748003083 unixsec,MessageFlags(true),ChannelFlags(true,true),CltvExpiryDelta(144),0 msat,1000 msat,100,225000000 msat,TlvStream(Set(),Set()))
2025-05-23 14:24:43,626 DEBUG f.a.e.c.fsm.Channel n:0323ec7778fa9b479faf2ae69387ad7ddfdc9e288422e1bc21dde0df5caf790ddf c:f621dec023a55a430da036e0d0498647eebd4c74afca91ce7fd696e079e6a98f - received a new rev, spec:
specs:
localcommit:
  toLocal: 515007000 msat
  toRemote: 0 msat
  htlcs:

remotecommit:
  toLocal: 0 msat
  toRemote: 500000000 msat
  htlcs:
    IN 0 CltvExpiry(422)
next remotecommit:
  toLocal: N/A
  toRemote: N/A
  htlcs:
N/A
2025-05-23 14:24:43,626 DEBUG f.a.e.c.fsm.Channel n:0323ec7778fa9b479faf2ae69387ad7ddfdc9e288422e1bc21dde0df5caf790ddf c:f621dec023a55a430da036e0d0498647eebd4c74afca91ce7fd696e079e6a98f - updating database record for channelId=f621dec023a55a430da036e0d0498647eebd4c74afca91ce7fd696e079e6a98f
2025-05-23 14:24:43,629 DEBUG f.a.e.c.fsm.Channel n:0323ec7778fa9b479faf2ae69387ad7ddfdc9e288422e1bc21dde0df5caf790ddf c:f621dec023a55a430da036e0d0498647eebd4c74afca91ce7fd696e079e6a98f - received sig for batch of size=2 for fundingTxId=Some(84109b19e656e7648a6921337e06e14e20ae76cc353ffad4144f719db3e75696)
2025-05-23 14:24:43,630 DEBUG f.a.e.c.fsm.Channel n:0323ec7778fa9b479faf2ae69387ad7ddfdc9e288422e1bc21dde0df5caf790ddf c:f621dec023a55a430da036e0d0498647eebd4c74afca91ce7fd696e079e6a98f - received sig for batch of size=2 for fundingTxId=Some(6ac9c66b4a6bdf5bec8ea91cdee4ae869854926676e4d20d29e28fbcfb68232a)
2025-05-23 14:24:43,633 INFO  f.a.e.c.fsm.Channel n:0323ec7778fa9b479faf2ae69387ad7ddfdc9e288422e1bc21dde0df5caf790ddf c:f621dec023a55a430da036e0d0498647eebd4c74afca91ce7fd696e079e6a98f - built local commit number=1 toLocalMsat=500000000 toRemoteMsat=0 htlc_in= htlc_out=0 feeratePerKw=316 sat/kw txid=8096cc68fe764edd47679fc689ddac7808cd6fe73fd66ffc043dcf80a92a7150 fundingTxId=6ac9c66b4a6bdf5bec8ea91cdee4ae869854926676e4d20d29e28fbcfb68232a
2025-05-23 14:24:43,634 INFO  f.a.e.c.fsm.Channel n:0323ec7778fa9b479faf2ae69387ad7ddfdc9e288422e1bc21dde0df5caf790ddf c:f621dec023a55a430da036e0d0498647eebd4c74afca91ce7fd696e079e6a98f - built local commit number=1 toLocalMsat=484993000 toRemoteMsat=0 htlc_in= htlc_out=0 feeratePerKw=316 sat/kw txid=594aee5665716224c4be74e40f43ee5c8bcb4b2a9d989f70748583a5e94c8519 fundingTxId=84109b19e656e7648a6921337e06e14e20ae76cc353ffad4144f719db3e75696
2025-05-23 14:24:43,635 DEBUG f.a.e.c.fsm.Channel n:0323ec7778fa9b479faf2ae69387ad7ddfdc9e288422e1bc21dde0df5caf790ddf c:f621dec023a55a430da036e0d0498647eebd4c74afca91ce7fd696e079e6a98f - received a new sig, spec:
specs:
localcommit:
  toLocal: 500000000 msat
  toRemote: 0 msat
  htlcs:
    OUT 0 CltvExpiry(422)
remotecommit:
  toLocal: 0 msat
  toRemote: 500000000 msat
  htlcs:
    IN 0 CltvExpiry(422)
next remotecommit:
  toLocal: N/A
  toRemote: N/A
  htlcs:
N/A
2025-05-23 14:24:43,635 DEBUG f.a.e.c.fsm.Channel n:0323ec7778fa9b479faf2ae69387ad7ddfdc9e288422e1bc21dde0df5caf790ddf c:f621dec023a55a430da036e0d0498647eebd4c74afca91ce7fd696e079e6a98f - updating database record for channelId=f621dec023a55a430da036e0d0498647eebd4c74afca91ce7fd696e079e6a98f
2025-05-23 14:24:43,639 INFO  f.a.e.i.Peer n:0323ec7778fa9b479faf2ae69387ad7ddfdc9e288422e1bc21dde0df5caf790ddf c:f621dec023a55a430da036e0d0498647eebd4c74afca91ce7fd696e079e6a98f - OUT msg=RevokeAndAck(f621dec023a55a430da036e0d0498647eebd4c74afca91ce7fd696e079e6a98f,<private_key>,03515b058713b423d649d572e09900d66922ffdeab0573a2f9fd2cf687f5b9f089,TlvStream(Set(),Set()))
2025-05-23 14:24:43,640 INFO  f.a.eclair.Diagnostics n:0323ec7778fa9b479faf2ae69387ad7ddfdc9e288422e1bc21dde0df5caf790ddf c:f621dec023a55a430da036e0d0498647eebd4c74afca91ce7fd696e079e6a98f - OUT msg=RevokeAndAck(f621dec023a55a430da036e0d0498647eebd4c74afca91ce7fd696e079e6a98f,<private_key>,03515b058713b423d649d572e09900d66922ffdeab0573a2f9fd2cf687f5b9f089,TlvStream(Set(),Set()))
2025-05-23 14:24:43,648 INFO  f.a.eclair.Diagnostics PAY n:0323ec7778fa9b479faf2ae69387ad7ddfdc9e288422e1bc21dde0df5caf790ddf c:f621dec023a55a430da036e0d0498647eebd4c74afca91ce7fd696e079e6a98f - IN msg=UpdateFulfillHtlc(f621dec023a55a430da036e0d0498647eebd4c74afca91ce7fd696e079e6a98f,0,e380aa2f7d8c9d7153e4419a9366887b8a41ac52a5263d218d3436df135aca66,TlvStream(Set(),Set()))
2025-05-23 14:24:43,649 DEBUG f.a.e.io.PeerConnection PAY n:0323ec7778fa9b479faf2ae69387ad7ddfdc9e288422e1bc21dde0df5caf790ddf - next ping scheduled in 30 seconds
2025-05-23 14:24:43,649 INFO  f.a.e.i.Peer PAY n:0323ec7778fa9b479faf2ae69387ad7ddfdc9e288422e1bc21dde0df5caf790ddf c:f621dec023a55a430da036e0d0498647eebd4c74afca91ce7fd696e079e6a98f - IN msg=UpdateFulfillHtlc(f621dec023a55a430da036e0d0498647eebd4c74afca91ce7fd696e079e6a98f,0,e380aa2f7d8c9d7153e4419a9366887b8a41ac52a5263d218d3436df135aca66,TlvStream(Set(),Set()))
2025-05-23 14:24:43,660 INFO  f.a.eclair.Diagnostics n:0323ec7778fa9b479faf2ae69387ad7ddfdc9e288422e1bc21dde0df5caf790ddf c:f621dec023a55a430da036e0d0498647eebd4c74afca91ce7fd696e079e6a98f - IN msg=CommitSig(f621dec023a55a430da036e0d0498647eebd4c74afca91ce7fd696e079e6a98f,78f6906a3e65021f7b319fea70f5145505da45cf7a9aff8c3c81e6063ed4e97b6c882e80eae58c3d3e814b75e96a1e7fce9d4d4c53f2331dea5a5d315ff178b3,List(),TlvStream(Set(BatchTlv(2,84109b19e656e7648a6921337e06e14e20ae76cc353ffad4144f719db3e75696)),Set()))
2025-05-23 14:24:43,661 DEBUG f.a.e.io.PeerConnection n:0323ec7778fa9b479faf2ae69387ad7ddfdc9e288422e1bc21dde0df5caf790ddf - next ping scheduled in 30 seconds
2025-05-23 14:24:43,661 INFO  f.a.e.i.Peer n:0323ec7778fa9b479faf2ae69387ad7ddfdc9e288422e1bc21dde0df5caf790ddf c:f621dec023a55a430da036e0d0498647eebd4c74afca91ce7fd696e079e6a98f - IN msg=CommitSig(f621dec023a55a430da036e0d0498647eebd4c74afca91ce7fd696e079e6a98f,78f6906a3e65021f7b319fea70f5145505da45cf7a9aff8c3c81e6063ed4e97b6c882e80eae58c3d3e814b75e96a1e7fce9d4d4c53f2331dea5a5d315ff178b3,List(),TlvStream(Set(BatchTlv(2,84109b19e656e7648a6921337e06e14e20ae76cc353ffad4144f719db3e75696)),Set()))
2025-05-23 14:24:43,661 INFO  f.a.eclair.Diagnostics n:0323ec7778fa9b479faf2ae69387ad7ddfdc9e288422e1bc21dde0df5caf790ddf c:f621dec023a55a430da036e0d0498647eebd4c74afca91ce7fd696e079e6a98f - IN msg=CommitSig(f621dec023a55a430da036e0d0498647eebd4c74afca91ce7fd696e079e6a98f,67821c38996892e4adbd42b5a34a3ee982eef44c7cb278428d073d0012783bd37da14c6d27d69599f3ba3788daac22ae2243995da1501dcd593a0d12d0107f82,List(),TlvStream(Set(BatchTlv(2,6ac9c66b4a6bdf5bec8ea91cdee4ae869854926676e4d20d29e28fbcfb68232a)),Set()))
2025-05-23 14:24:43,661 DEBUG f.a.e.io.PeerConnection n:0323ec7778fa9b479faf2ae69387ad7ddfdc9e288422e1bc21dde0df5caf790ddf - next ping scheduled in 30 seconds
2025-05-23 14:24:43,661 DEBUG f.a.e.c.fsm.Channel n:0323ec7778fa9b479faf2ae69387ad7ddfdc9e288422e1bc21dde0df5caf790ddf c:f621dec023a55a430da036e0d0498647eebd4c74afca91ce7fd696e079e6a98f - received sig for batch of size=2 for fundingTxId=Some(84109b19e656e7648a6921337e06e14e20ae76cc353ffad4144f719db3e75696)
2025-05-23 14:24:43,661 INFO  f.a.e.i.Peer n:0323ec7778fa9b479faf2ae69387ad7ddfdc9e288422e1bc21dde0df5caf790ddf c:f621dec023a55a430da036e0d0498647eebd4c74afca91ce7fd696e079e6a98f - IN msg=CommitSig(f621dec023a55a430da036e0d0498647eebd4c74afca91ce7fd696e079e6a98f,67821c38996892e4adbd42b5a34a3ee982eef44c7cb278428d073d0012783bd37da14c6d27d69599f3ba3788daac22ae2243995da1501dcd593a0d12d0107f82,List(),TlvStream(Set(BatchTlv(2,6ac9c66b4a6bdf5bec8ea91cdee4ae869854926676e4d20d29e28fbcfb68232a)),Set()))
2025-05-23 14:24:43,661 DEBUG f.a.e.c.fsm.Channel n:0323ec7778fa9b479faf2ae69387ad7ddfdc9e288422e1bc21dde0df5caf790ddf c:f621dec023a55a430da036e0d0498647eebd4c74afca91ce7fd696e079e6a98f - received sig for batch of size=2 for fundingTxId=Some(6ac9c66b4a6bdf5bec8ea91cdee4ae869854926676e4d20d29e28fbcfb68232a)
2025-05-23 14:24:43,662 INFO  f.a.e.c.fsm.Channel n:0323ec7778fa9b479faf2ae69387ad7ddfdc9e288422e1bc21dde0df5caf790ddf c:f621dec023a55a430da036e0d0498647eebd4c74afca91ce7fd696e079e6a98f - built local commit number=2 toLocalMsat=500000000 toRemoteMsat=15007000 htlc_in= htlc_out= feeratePerKw=316 sat/kw txid=82f53a264f472d9c7b31235b7a80249652987adb2764d5172be124a11ba3630b fundingTxId=6ac9c66b4a6bdf5bec8ea91cdee4ae869854926676e4d20d29e28fbcfb68232a
2025-05-23 14:24:43,663 INFO  f.a.e.c.fsm.Channel n:0323ec7778fa9b479faf2ae69387ad7ddfdc9e288422e1bc21dde0df5caf790ddf c:f621dec023a55a430da036e0d0498647eebd4c74afca91ce7fd696e079e6a98f - built local commit number=2 toLocalMsat=484993000 toRemoteMsat=15007000 htlc_in= htlc_out= feeratePerKw=316 sat/kw txid=93f851667a52aff5ae41d1391c438d0b7d5232e72ccd626be10652bcc29da0f7 fundingTxId=84109b19e656e7648a6921337e06e14e20ae76cc353ffad4144f719db3e75696
2025-05-23 14:24:43,663 DEBUG f.a.e.c.fsm.Channel n:0323ec7778fa9b479faf2ae69387ad7ddfdc9e288422e1bc21dde0df5caf790ddf c:f621dec023a55a430da036e0d0498647eebd4c74afca91ce7fd696e079e6a98f - received a new sig, spec:
specs:
localcommit:
  toLocal: 500000000 msat
  toRemote: 15007000 msat
  htlcs:

remotecommit:
  toLocal: 0 msat
  toRemote: 500000000 msat
  htlcs:
    IN 0 CltvExpiry(422)
next remotecommit:
  toLocal: N/A
  toRemote: N/A
  htlcs:
N/A
2025-05-23 14:24:43,664 DEBUG f.a.e.c.fsm.Channel n:0323ec7778fa9b479faf2ae69387ad7ddfdc9e288422e1bc21dde0df5caf790ddf c:f621dec023a55a430da036e0d0498647eebd4c74afca91ce7fd696e079e6a98f - updating database record for channelId=f621dec023a55a430da036e0d0498647eebd4c74afca91ce7fd696e079e6a98f
2025-05-23 14:24:43,668 INFO  f.a.e.i.Peer n:0323ec7778fa9b479faf2ae69387ad7ddfdc9e288422e1bc21dde0df5caf790ddf c:f621dec023a55a430da036e0d0498647eebd4c74afca91ce7fd696e079e6a98f - OUT msg=RevokeAndAck(f621dec023a55a430da036e0d0498647eebd4c74afca91ce7fd696e079e6a98f,<private_key>,028a696647280fed1cd609906f91a1544574187f7871fb094b2c78094a7d7cda0b,TlvStream(Set(),Set()))
2025-05-23 14:24:43,668 INFO  f.a.eclair.Diagnostics n:0323ec7778fa9b479faf2ae69387ad7ddfdc9e288422e1bc21dde0df5caf790ddf c:f621dec023a55a430da036e0d0498647eebd4c74afca91ce7fd696e079e6a98f - OUT msg=RevokeAndAck(f621dec023a55a430da036e0d0498647eebd4c74afca91ce7fd696e079e6a98f,<private_key>,028a696647280fed1cd609906f91a1544574187f7871fb094b2c78094a7d7cda0b,TlvStream(Set(),Set()))
2025-05-23 14:24:43,668 INFO  f.a.e.c.fsm.Channel n:0323ec7778fa9b479faf2ae69387ad7ddfdc9e288422e1bc21dde0df5caf790ddf c:f621dec023a55a430da036e0d0498647eebd4c74afca91ce7fd696e079e6a98f - built remote commit number=2 toLocalMsat=15007000 toRemoteMsat=500000000 htlc_in= htlc_out= feeratePerKw=316 sat/kw txid=a31da1ea1c40eaa51fc1f90f18bd81fc6186659466c7c61f516e2de27caff4c9 fundingTxId=6ac9c66b4a6bdf5bec8ea91cdee4ae869854926676e4d20d29e28fbcfb68232a
2025-05-23 14:24:43,669 INFO  f.a.e.c.fsm.Channel n:0323ec7778fa9b479faf2ae69387ad7ddfdc9e288422e1bc21dde0df5caf790ddf c:f621dec023a55a430da036e0d0498647eebd4c74afca91ce7fd696e079e6a98f - built remote commit number=2 toLocalMsat=15007000 toRemoteMsat=484993000 htlc_in= htlc_out= feeratePerKw=316 sat/kw txid=07be40860e53d9379ce27a4dca2cb37337a9c3b09d6ce27d377ed77d66a4cac2 fundingTxId=84109b19e656e7648a6921337e06e14e20ae76cc353ffad4144f719db3e75696
2025-05-23 14:24:43,669 DEBUG f.a.e.c.fsm.Channel n:0323ec7778fa9b479faf2ae69387ad7ddfdc9e288422e1bc21dde0df5caf790ddf c:f621dec023a55a430da036e0d0498647eebd4c74afca91ce7fd696e079e6a98f - sending a new sig, spec:
specs:
localcommit:
  toLocal: 500000000 msat
  toRemote: 15007000 msat
  htlcs:

remotecommit:
  toLocal: 0 msat
  toRemote: 500000000 msat
  htlcs:
    IN 0 CltvExpiry(422)
next remotecommit:
  toLocal: 15007000 msat
  toRemote: 500000000 msat
  htlcs:

2025-05-23 14:24:43,670 DEBUG f.a.e.c.fsm.Channel n:0323ec7778fa9b479faf2ae69387ad7ddfdc9e288422e1bc21dde0df5caf790ddf c:f621dec023a55a430da036e0d0498647eebd4c74afca91ce7fd696e079e6a98f - updating database record for channelId=f621dec023a55a430da036e0d0498647eebd4c74afca91ce7fd696e079e6a98f
2025-05-23 14:24:43,674 INFO  a.actor.LocalActorRef - Message [fr.acinq.eclair.payment.send.MultiPartPaymentLifecycle$PreimageReceived] from Actor[akka://eclair-node/user/$k/payment-initiator/$a#-2094389614] to Actor[akka://eclair-node/user/$k/payment-initiator#336320808] was unhandled. [1] dead letters encountered. This logging can be turned off or adjusted with configuration settings 'akka.log-dead-letters' and 'akka.log-dead-letters-during-shutdown'.
2025-05-23 14:24:43,674 INFO  a.a.DeadLetterActorRef - Message [fr.acinq.eclair.payment.PaymentSent] from Actor[akka://eclair-node/user/$k/payment-initiator#336320808] to Actor[akka://eclair-node/deadLetters] was not delivered. [2] dead letters encountered. If this is not an expected behavior then Actor[akka://eclair-node/deadLetters] may have terminated unexpectedly. This logging can be turned off or adjusted with configuration settings 'akka.log-dead-letters' and 'akka.log-dead-letters-during-shutdown'.
2025-05-23 14:24:43,674 DEBUG f.a.e.c.fsm.Channel n:0323ec7778fa9b479faf2ae69387ad7ddfdc9e288422e1bc21dde0df5caf790ddf c:f621dec023a55a430da036e0d0498647eebd4c74afca91ce7fd696e079e6a98f - scheduling acknowledgement of cmds ids=
2025-05-23 14:24:43,674 INFO  f.a.e.i.Peer n:0323ec7778fa9b479faf2ae69387ad7ddfdc9e288422e1bc21dde0df5caf790ddf c:f621dec023a55a430da036e0d0498647eebd4c74afca91ce7fd696e079e6a98f - OUT msg=CommitSig(f621dec023a55a430da036e0d0498647eebd4c74afca91ce7fd696e079e6a98f,1d6baec08d47946c1b546651ba2c3c5681fe3595a3d328e5010d8412c4d7e4b930d417ba9ec73175e6bc25fec0561576a96f7f0d0f9cf308f5b2daf592c02773,List(),TlvStream(Set(BatchTlv(2,6ac9c66b4a6bdf5bec8ea91cdee4ae869854926676e4d20d29e28fbcfb68232a)),Set()))
2025-05-23 14:24:43,674 INFO  f.a.e.i.Peer n:0323ec7778fa9b479faf2ae69387ad7ddfdc9e288422e1bc21dde0df5caf790ddf c:f621dec023a55a430da036e0d0498647eebd4c74afca91ce7fd696e079e6a98f - OUT msg=CommitSig(f621dec023a55a430da036e0d0498647eebd4c74afca91ce7fd696e079e6a98f,46ae4f5f0d48e556739bf841334c5c59f1f29238afafc220ec696480a1579a351528ecbc49b6418141c51298f1145d96ff52f67b9606bc3bd28865864202190a,List(),TlvStream(Set(BatchTlv(2,84109b19e656e7648a6921337e06e14e20ae76cc353ffad4144f719db3e75696)),Set()))
2025-05-23 14:24:43,674 INFO  f.a.eclair.Diagnostics n:0323ec7778fa9b479faf2ae69387ad7ddfdc9e288422e1bc21dde0df5caf790ddf c:f621dec023a55a430da036e0d0498647eebd4c74afca91ce7fd696e079e6a98f - OUT msg=CommitSig(f621dec023a55a430da036e0d0498647eebd4c74afca91ce7fd696e079e6a98f,1d6baec08d47946c1b546651ba2c3c5681fe3595a3d328e5010d8412c4d7e4b930d417ba9ec73175e6bc25fec0561576a96f7f0d0f9cf308f5b2daf592c02773,List(),TlvStream(Set(BatchTlv(2,6ac9c66b4a6bdf5bec8ea91cdee4ae869854926676e4d20d29e28fbcfb68232a)),Set()))
2025-05-23 14:24:43,674 INFO  f.a.eclair.Diagnostics n:0323ec7778fa9b479faf2ae69387ad7ddfdc9e288422e1bc21dde0df5caf790ddf c:f621dec023a55a430da036e0d0498647eebd4c74afca91ce7fd696e079e6a98f - OUT msg=CommitSig(f621dec023a55a430da036e0d0498647eebd4c74afca91ce7fd696e079e6a98f,46ae4f5f0d48e556739bf841334c5c59f1f29238afafc220ec696480a1579a351528ecbc49b6418141c51298f1145d96ff52f67b9606bc3bd28865864202190a,List(),TlvStream(Set(BatchTlv(2,84109b19e656e7648a6921337e06e14e20ae76cc353ffad4144f719db3e75696)),Set()))
2025-05-23 14:24:43,681 INFO  f.a.eclair.Diagnostics n:0323ec7778fa9b479faf2ae69387ad7ddfdc9e288422e1bc21dde0df5caf790ddf c:f621dec023a55a430da036e0d0498647eebd4c74afca91ce7fd696e079e6a98f - IN msg=RevokeAndAck(f621dec023a55a430da036e0d0498647eebd4c74afca91ce7fd696e079e6a98f,<private_key>,0204dde9e74b6af5650907ef5d1ea279650a32a96c6c314b1883f18db0cb64a7c8,TlvStream(Set(),Set()))
2025-05-23 14:24:43,681 DEBUG f.a.e.io.PeerConnection n:0323ec7778fa9b479faf2ae69387ad7ddfdc9e288422e1bc21dde0df5caf790ddf - next ping scheduled in 30 seconds
2025-05-23 14:24:43,681 INFO  f.a.e.i.Peer n:0323ec7778fa9b479faf2ae69387ad7ddfdc9e288422e1bc21dde0df5caf790ddf c:f621dec023a55a430da036e0d0498647eebd4c74afca91ce7fd696e079e6a98f - IN msg=RevokeAndAck(f621dec023a55a430da036e0d0498647eebd4c74afca91ce7fd696e079e6a98f,<private_key>,0204dde9e74b6af5650907ef5d1ea279650a32a96c6c314b1883f18db0cb64a7c8,TlvStream(Set(),Set()))
2025-05-23 14:24:43,683 DEBUG f.a.e.c.fsm.Channel n:0323ec7778fa9b479faf2ae69387ad7ddfdc9e288422e1bc21dde0df5caf790ddf c:f621dec023a55a430da036e0d0498647eebd4c74afca91ce7fd696e079e6a98f - received a new rev, spec:
specs:
localcommit:
  toLocal: 500000000 msat
  toRemote: 15007000 msat
  htlcs:

remotecommit:
  toLocal: 15007000 msat
  toRemote: 500000000 msat
  htlcs:

next remotecommit:
  toLocal: N/A
  toRemote: N/A
  htlcs:
N/A
2025-05-23 14:24:43,683 DEBUG f.a.e.c.fsm.Channel n:0323ec7778fa9b479faf2ae69387ad7ddfdc9e288422e1bc21dde0df5caf790ddf c:f621dec023a55a430da036e0d0498647eebd4c74afca91ce7fd696e079e6a98f - updating database record for channelId=f621dec023a55a430da036e0d0498647eebd4c74afca91ce7fd696e079e6a98f
2025-05-23 14:25:13,705 DEBUG f.a.e.io.PeerConnection CON n:0323ec7778fa9b479faf2ae69387ad7ddfdc9e288422e1bc21dde0df5caf790ddf - next ping scheduled in 30 seconds
2025-05-23 14:25:13,707 DEBUG f.a.e.io.PeerConnection CON n:0323ec7778fa9b479faf2ae69387ad7ddfdc9e288422e1bc21dde0df5caf790ddf - received pong with latency=3 milliseconds
2025-05-23 14:25:43,723 DEBUG f.a.e.io.PeerConnection CON n:0323ec7778fa9b479faf2ae69387ad7ddfdc9e288422e1bc21dde0df5caf790ddf - next ping scheduled in 30 seconds
2025-05-23 14:25:43,723 DEBUG f.a.e.io.PeerConnection CON n:0323ec7778fa9b479faf2ae69387ad7ddfdc9e288422e1bc21dde0df5caf790ddf - received pong with latency=4 milliseconds
2025-05-23 14:25:45,714 INFO  f.a.e.c.fsm.Channel n:0323ec7778fa9b479faf2ae69387ad7ddfdc9e288422e1bc21dde0df5caf790ddf c:f621dec023a55a430da036e0d0498647eebd4c74afca91ce7fd696e079e6a98f - funding txid=6ac9c66b4a6bdf5bec8ea91cdee4ae869854926676e4d20d29e28fbcfb68232a was confirmed at blockHeight=160 txIndex=1
2025-05-23 14:25:45,714 INFO  f.a.e.c.fsm.Channel n:0323ec7778fa9b479faf2ae69387ad7ddfdc9e288422e1bc21dde0df5caf790ddf c:f621dec023a55a430da036e0d0498647eebd4c74afca91ce7fd696e079e6a98f - setting localFundingStatus=ConfirmedFundingTx for fundingTxId=6ac9c66b4a6bdf5bec8ea91cdee4ae869854926676e4d20d29e28fbcfb68232a fundingTxIndex=1
2025-05-23 14:25:45,715 DEBUG f.a.e.c.fsm.Channel n:0323ec7778fa9b479faf2ae69387ad7ddfdc9e288422e1bc21dde0df5caf790ddf c:f621dec023a55a430da036e0d0498647eebd4c74afca91ce7fd696e079e6a98f - updating database record for channelId=f621dec023a55a430da036e0d0498647eebd4c74afca91ce7fd696e079e6a98f
2025-05-23 14:25:45,723 INFO  f.a.e.i.Peer n:0323ec7778fa9b479faf2ae69387ad7ddfdc9e288422e1bc21dde0df5caf790ddf c:f621dec023a55a430da036e0d0498647eebd4c74afca91ce7fd696e079e6a98f - OUT msg=SpliceLocked(f621dec023a55a430da036e0d0498647eebd4c74afca91ce7fd696e079e6a98f,6ac9c66b4a6bdf5bec8ea91cdee4ae869854926676e4d20d29e28fbcfb68232a,TlvStream(Set(),Set()))
2025-05-23 14:25:45,724 INFO  f.a.eclair.Diagnostics n:0323ec7778fa9b479faf2ae69387ad7ddfdc9e288422e1bc21dde0df5caf790ddf c:f621dec023a55a430da036e0d0498647eebd4c74afca91ce7fd696e079e6a98f - OUT msg=SpliceLocked(f621dec023a55a430da036e0d0498647eebd4c74afca91ce7fd696e079e6a98f,6ac9c66b4a6bdf5bec8ea91cdee4ae869854926676e4d20d29e28fbcfb68232a,TlvStream(Set(),Set()))
2025-05-23 14:25:47,873 INFO  f.a.eclair.Diagnostics n:0323ec7778fa9b479faf2ae69387ad7ddfdc9e288422e1bc21dde0df5caf790ddf c:f621dec023a55a430da036e0d0498647eebd4c74afca91ce7fd696e079e6a98f - IN msg=SpliceLocked(f621dec023a55a430da036e0d0498647eebd4c74afca91ce7fd696e079e6a98f,6ac9c66b4a6bdf5bec8ea91cdee4ae869854926676e4d20d29e28fbcfb68232a,TlvStream(Set(),Set()))
2025-05-23 14:25:47,873 DEBUG f.a.e.io.PeerConnection n:0323ec7778fa9b479faf2ae69387ad7ddfdc9e288422e1bc21dde0df5caf790ddf - next ping scheduled in 30 seconds
2025-05-23 14:25:47,874 INFO  f.a.e.i.Peer n:0323ec7778fa9b479faf2ae69387ad7ddfdc9e288422e1bc21dde0df5caf790ddf c:f621dec023a55a430da036e0d0498647eebd4c74afca91ce7fd696e079e6a98f - IN msg=SpliceLocked(f621dec023a55a430da036e0d0498647eebd4c74afca91ce7fd696e079e6a98f,6ac9c66b4a6bdf5bec8ea91cdee4ae869854926676e4d20d29e28fbcfb68232a,TlvStream(Set(),Set()))
2025-05-23 14:25:47,874 INFO  f.a.e.c.fsm.Channel n:0323ec7778fa9b479faf2ae69387ad7ddfdc9e288422e1bc21dde0df5caf790ddf c:f621dec023a55a430da036e0d0498647eebd4c74afca91ce7fd696e079e6a98f - setting remoteFundingStatus=Locked$ for fundingTxId=6ac9c66b4a6bdf5bec8ea91cdee4ae869854926676e4d20d29e28fbcfb68232a fundingTxIndex=1
2025-05-23 14:25:47,874 INFO  f.a.e.c.fsm.Channel n:0323ec7778fa9b479faf2ae69387ad7ddfdc9e288422e1bc21dde0df5caf790ddf c:f621dec023a55a430da036e0d0498647eebd4c74afca91ce7fd696e079e6a98f - setting remoteFundingStatus=Locked$ for fundingTxId=84109b19e656e7648a6921337e06e14e20ae76cc353ffad4144f719db3e75696 fundingTxIndex=0
2025-05-23 14:25:47,874 INFO  f.a.e.c.fsm.Channel n:0323ec7778fa9b479faf2ae69387ad7ddfdc9e288422e1bc21dde0df5caf790ddf c:f621dec023a55a430da036e0d0498647eebd4c74afca91ce7fd696e079e6a98f - deactivating commitment fundingTxIndex=0 fundingTxId=84109b19e656e7648a6921337e06e14e20ae76cc353ffad4144f719db3e75696
2025-05-23 14:25:47,875 INFO  f.a.e.c.fsm.Channel n:0323ec7778fa9b479faf2ae69387ad7ddfdc9e288422e1bc21dde0df5caf790ddf c:f621dec023a55a430da036e0d0498647eebd4c74afca91ce7fd696e079e6a98f - pruning commitment fundingTxIndex=0 fundingTxId=84109b19e656e7648a6921337e06e14e20ae76cc353ffad4144f719db3e75696
2025-05-23 14:25:47,875 DEBUG f.a.e.c.fsm.Channel n:0323ec7778fa9b479faf2ae69387ad7ddfdc9e288422e1bc21dde0df5caf790ddf c:f621dec023a55a430da036e0d0498647eebd4c74afca91ce7fd696e079e6a98f - updating database record for channelId=f621dec023a55a430da036e0d0498647eebd4c74afca91ce7fd696e079e6a98f
2025-05-23 14:25:47,880 DEBUG f.a.e.io.PeerConnection SYN n:0323ec7778fa9b479faf2ae69387ad7ddfdc9e288422e1bc21dde0df5caf790ddf - next ping scheduled in 30 seconds
2025-05-23 14:26:03,820 INFO  f.a.eclair.EclairImpl - stopping eclair
