2025-05-23 14:28:55,413 INFO  fr.acinq.eclair.Plugin - loading 0 plugins
2025-05-23 14:28:55,564 INFO  a.e.slf4j.Slf4jLogger - Slf4jLogger started
2025-05-23 14:28:56,128 INFO  fr.acinq.eclair.Setup - hello!
2025-05-23 14:28:56,129 INFO  fr.acinq.eclair.Setup - version=0.13.0-SNAPSHOT commit=8370bd2
2025-05-23 14:28:56,130 INFO  fr.acinq.eclair.Setup - datadir=/home/remyers/github/lightning-cfg/.eclair/alice
2025-05-23 14:28:56,130 INFO  fr.acinq.eclair.Setup - initializing secure random generator
2025-05-23 14:28:56,173 INFO  f.a.eclair.NodeParams - create new seed file: /home/remyers/github/lightning-cfg/.eclair/alice/node_seed.dat
2025-05-23 14:28:56,173 INFO  f.a.eclair.NodeParams - create new seed file: /home/remyers/github/lightning-cfg/.eclair/alice/channel_seed.dat
2025-05-23 14:28:56,277 INFO  f.a.e.c.k.LocalOnChainKeyManager - using on-chain key manager wallet=eclair with xpub: bip84=vpub5YRMG6ZBf1WgHB5n3JdcRW1Qp6XsQhF2FfWFeL4npirVvf5WkTbQBw89XdY4LzPXoYmzc8pLBDPrwvP7a1UrNb23yATdVfR7fYVPCSfPdPR, bip86=tpubDCY4TLEZ2pZicEyTFdyKBAYn8N93gGmqtBLPPXHjt5HEphttqXspmQ3749PyMritQwhFSvEBtda1eamZHVHXQGHZR4PNksnevrwvbRLuy1f
2025-05-23 14:28:56,643 INFO  fr.acinq.eclair.Setup - bitcoind version=280100
2025-05-23 14:28:56,657 INFO  fr.acinq.eclair.Setup - current blockchain height=150
2025-05-23 14:28:56,657 INFO  fr.acinq.eclair.Setup - connecting to database with instanceId=b92dec23-2f44-4019-bff1-d9ce17c854f0
2025-05-23 14:28:56,850 INFO  fr.acinq.eclair.Setup - nodeid=02a0f8665492c55779e46233c63b7f8ca9a9552eb46eab5c9e8e6f95330ce98e50 alias=alice
2025-05-23 14:28:56,851 INFO  fr.acinq.eclair.Setup - using chain=regtest chainHash=06226e46111a0b59caaf126043eb5bbf28c34f3a5e332a1fc7b2b73cf188910f
2025-05-23 14:28:57,031 INFO  fr.acinq.eclair.Setup - current bitcoin core feerates: min=1 sat/byte slow=1 sat/byte medium=1 sat/byte fast=1 sat/byte fastest=1 sat/byte
2025-05-23 14:28:57,094 INFO  f.a.eclair.router.Router - loading network announcements from db...
2025-05-23 14:28:57,096 INFO  f.a.eclair.router.Router - loaded from db: channels=0 nodes=0
2025-05-23 14:28:57,096 INFO  f.a.eclair.router.Router - 0 pruned channels at blockHeight=150
2025-05-23 14:28:57,109 INFO  f.a.eclair.router.Router - initialization completed, ready to process messages
2025-05-23 14:28:57,119 INFO  fr.acinq.eclair.Setup - initial address=bcrt1qsslzzvppf5s0na36lf9vqypm8rkjqn0qrcnyv2 for bitcoin wallet=(default)
2025-05-23 14:28:57,229 INFO  akka.actor.ActorCell - channels listener is ready
2025-05-23 14:28:57,263 INFO  f.a.e.p.r.PostRestartHtlcCleaner - htlcsIn=0 notRelayed=0 relayedOut=0
2025-05-23 14:28:57,263 INFO  f.a.e.p.r.PostRestartHtlcCleaner - notRelayed=List()
2025-05-23 14:28:57,263 INFO  f.a.e.p.r.PostRestartHtlcCleaner - relayedOut=Map()
2025-05-23 14:28:57,270 INFO  f.a.e.i.PendingChannelsRateLimiter - restored 0 public peers with pending channel opens
2025-05-23 14:28:57,270 INFO  f.a.e.i.PendingChannelsRateLimiter - restored 0 private peers with pending channel opens
2025-05-23 14:28:57,270 DEBUG f.a.e.i.PendingChannelsRateLimiter - stashed commands: 0
2025-05-23 14:28:57,276 INFO  f.a.e.io.Switchboard - restoring 0 peer(s) with 0 channel(s) and 0 peers with pending on-the-fly funding
2025-05-23 14:28:57,287 INFO  f.acinq.eclair.io.Server CON - bound on /[0:0:0:0:0:0:0:0]:9735
2025-05-23 14:28:58,130 INFO  f.a.e.b.b.zmq.ZMQActor - connected to tcp://127.0.0.1:29000
2025-05-23 14:28:58,131 INFO  f.a.e.b.b.zmq.ZMQActor - connected to tcp://127.0.0.1:29001
2025-05-23 14:28:58,135 INFO  fr.acinq.eclair.Boot - json API enabled on port=9000
2025-05-23 14:29:09,887 DEBUG f.a.e.io.Switchboard - creating new peer (current=0)
2025-05-23 14:29:09,897 DEBUG f.a.e.i.ReconnectionTask CON n:03b0faaedb96a4a4c1384f224b68f4f15d272cf3b2405ce07680a89dde9f5d1a1c - connecting to 127.0.0.1:9737
2025-05-23 14:29:09,897 INFO  f.a.e.io.ClientSpawner - initiating new connection to nodeId=03b0faaedb96a4a4c1384f224b68f4f15d272cf3b2405ce07680a89dde9f5d1a1c origin=Actor[akka://eclair-node/deadLetters]
2025-05-23 14:29:09,902 INFO  f.acinq.eclair.io.Client CON n:03b0faaedb96a4a4c1384f224b68f4f15d272cf3b2405ce07680a89dde9f5d1a1c - connected to 127.0.0.1:9737
2025-05-23 14:29:09,931 INFO  f.a.e.io.PeerConnection CON n:03b0faaedb96a4a4c1384f224b68f4f15d272cf3b2405ce07680a89dde9f5d1a1c - connection authenticated (direction=outgoing)
2025-05-23 14:29:09,933 DEBUG f.a.e.io.PeerConnection CON n:03b0faaedb96a4a4c1384f224b68f4f15d272cf3b2405ce07680a89dde9f5d1a1c - using features=option_simple_close:optional,option_route_blinding:optional,option_dual_fund:optional,gossip_queries_ex:optional,option_quiesce:optional,option_data_loss_protect:mandatory,option_static_remotekey:mandatory,option_scid_alias:optional,option_onion_messages:optional,option_support_large_channel:optional,option_anchors_zero_fee_htlc_tx:optional,payment_secret:mandatory,option_shutdown_anysegwit:optional,option_channel_type:mandatory,basic_mpp:optional,gossip_queries:optional,var_onion_optin:mandatory,option_splice:optional
2025-05-23 14:29:09,947 DEBUG f.a.e.io.PeerConnection CON n:03b0faaedb96a4a4c1384f224b68f4f15d272cf3b2405ce07680a89dde9f5d1a1c - next ping scheduled in 30 seconds
2025-05-23 14:29:09,948 INFO  f.a.e.io.PeerConnection CON n:03b0faaedb96a4a4c1384f224b68f4f15d272cf3b2405ce07680a89dde9f5d1a1c - peer is using features=option_upfront_shutdown_script:optional,option_route_blinding:optional,option_zeroconf:optional,option_dual_fund:optional,gossip_queries_ex:optional,option_quiesce:optional,option_data_loss_protect:mandatory,option_static_remotekey:mandatory,option_scid_alias:optional,option_onion_messages:optional,option_support_large_channel:optional,option_anchors_zero_fee_htlc_tx:optional,payment_secret:mandatory,option_shutdown_anysegwit:optional,option_channel_type:optional,basic_mpp:optional,gossip_queries:optional,var_onion_optin:mandatory,option_splice:optional, networks=06226e46111a0b59caaf126043eb5bbf28c34f3a5e332a1fc7b2b73cf188910f
2025-05-23 14:29:09,948 INFO  f.a.e.io.PeerConnection CON n:03b0faaedb96a4a4c1384f224b68f4f15d272cf3b2405ce07680a89dde9f5d1a1c - peer reports that our IP address is 127.0.0.1:50260 (public=false)
2025-05-23 14:29:09,950 INFO  f.a.e.io.PeerConnection CON n:03b0faaedb96a4a4c1384f224b68f4f15d272cf3b2405ce07680a89dde9f5d1a1c - not syncing with this peer
2025-05-23 14:29:09,950 DEBUG f.a.e.io.PeerConnection CON n:03b0faaedb96a4a4c1384f224b68f4f15d272cf3b2405ce07680a89dde9f5d1a1c - rebroadcast will be delayed by 34 seconds
2025-05-23 14:29:09,950 DEBUG fr.acinq.eclair.io.Peer CON n:03b0faaedb96a4a4c1384f224b68f4f15d272cf3b2405ce07680a89dde9f5d1a1c - got authenticated connection to address 127.0.0.1:9737
2025-05-23 14:29:09,951 DEBUG f.a.e.io.PeerConnection SYN n:03b0faaedb96a4a4c1384f224b68f4f15d272cf3b2405ce07680a89dde9f5d1a1c - next ping scheduled in 30 seconds
2025-05-23 14:29:09,952 INFO  f.a.e.io.PeerConnection SYN n:03b0faaedb96a4a4c1384f224b68f4f15d272cf3b2405ce07680a89dde9f5d1a1c - setting up gossipTimestampFilter=GossipTimestampFilter(06226e46111a0b59caaf126043eb5bbf28c34f3a5e332a1fc7b2b73cf188910f,0 unixsec,4294967295,TlvStream(Set(),Set()))
2025-05-23 14:29:09,964 DEBUG f.a.e.i.ReconnectionTask CON n:03b0faaedb96a4a4c1384f224b68f4f15d272cf3b2405ce07680a89dde9f5d1a1c - peer is connected
2025-05-23 14:29:10,017 INFO  fr.acinq.eclair.io.Peer n:03b0faaedb96a4a4c1384f224b68f4f15d272cf3b2405ce07680a89dde9f5d1a1c - requesting a new channel with type=anchor_outputs_zero_fee_htlc_tx+scid_alias fundingAmount=500000 sat dualFunded=true pushAmount=None fundingFeerate=253 sat/kw temporaryChannelId=efa04734cf1d2751af8662308a0e09815ea3303b2a0b069f356bcc9a1e7fabcd localParams=LocalParams(02a0f8665492c55779e46233c63b7f8ca9a9552eb46eab5c9e8e6f95330ce98e50,m/1305160501/902336456'/714892719'/1775372360/1596928729/127754835/874392138'/1308076151'/1',546 sat,225000000 msat,None,1 msat,CltvExpiryDelta(720),30,true,true,None,None,option_simple_close:optional,option_route_blinding:optional,option_dual_fund:optional,gossip_queries_ex:optional,option_quiesce:optional,option_data_loss_protect:mandatory,option_static_remotekey:mandatory,option_scid_alias:optional,option_onion_messages:optional,option_support_large_channel:optional,option_anchors_zero_fee_htlc_tx:optional,payment_secret:mandatory,option_shutdown_anysegwit:optional,option_channel_type:mandatory,basic_mpp:optional,gossip_queries:optional,var_onion_optin:mandatory,option_splice:optional)
2025-05-23 14:29:10,050 INFO  f.a.e.i.Peer n:03b0faaedb96a4a4c1384f224b68f4f15d272cf3b2405ce07680a89dde9f5d1a1c c:efa04734cf1d2751af8662308a0e09815ea3303b2a0b069f356bcc9a1e7fabcd - OUT msg=OpenDualFundedChannel(06226e46111a0b59caaf126043eb5bbf28c34f3a5e332a1fc7b2b73cf188910f,efa04734cf1d2751af8662308a0e09815ea3303b2a0b069f356bcc9a1e7fabcd,253 sat/kw,316 sat/kw,500000 sat,546 sat,225000000,1 msat,CltvExpiryDelta(720),30,150,026089b8700767e7efced8ae4ebc103ed73e6761d322b6716031186b4cdf8171b2,03f8e88a2e6862656fe809575204d4ae80426ca2f9b8574138af12b450a71b4fe9,035dccb93ffad570e5caaf20e9c10336f9e41b734e7d810fd6ac5d3ccafb529ce2,03033242ffa9a485eb569f92dad4ce45376d2c217a7cae0477a3d3246d6ca72d30,03d11e352e3d006efaade392d37819982f5ab60824d40d4ec8bc9d808f24ef9da2,0302efbb969cb7854110a4fa404a2338e03308f8515240f4b248e4db2f954cd88a,02799f81786140bde8f454f32d65546ccc26abb3d94d7a97af85966571d5b19cda,ChannelFlags(announceChannel=false, nonInitiatorPaysCommitFees=false),TlvStream(Set(ChannelTypeTlv(anchor_outputs_zero_fee_htlc_tx+scid_alias)),Set()))
2025-05-23 14:29:10,051 INFO  f.a.eclair.Diagnostics n:03b0faaedb96a4a4c1384f224b68f4f15d272cf3b2405ce07680a89dde9f5d1a1c c:efa04734cf1d2751af8662308a0e09815ea3303b2a0b069f356bcc9a1e7fabcd - OUT msg=OpenDualFundedChannel(06226e46111a0b59caaf126043eb5bbf28c34f3a5e332a1fc7b2b73cf188910f,efa04734cf1d2751af8662308a0e09815ea3303b2a0b069f356bcc9a1e7fabcd,253 sat/kw,316 sat/kw,500000 sat,546 sat,225000000,1 msat,CltvExpiryDelta(720),30,150,026089b8700767e7efced8ae4ebc103ed73e6761d322b6716031186b4cdf8171b2,03f8e88a2e6862656fe809575204d4ae80426ca2f9b8574138af12b450a71b4fe9,035dccb93ffad570e5caaf20e9c10336f9e41b734e7d810fd6ac5d3ccafb529ce2,03033242ffa9a485eb569f92dad4ce45376d2c217a7cae0477a3d3246d6ca72d30,03d11e352e3d006efaade392d37819982f5ab60824d40d4ec8bc9d808f24ef9da2,0302efbb969cb7854110a4fa404a2338e03308f8515240f4b248e4db2f954cd88a,02799f81786140bde8f454f32d65546ccc26abb3d94d7a97af85966571d5b19cda,ChannelFlags(announceChannel=false, nonInitiatorPaysCommitFees=false),TlvStream(Set(ChannelTypeTlv(anchor_outputs_zero_fee_htlc_tx+scid_alias)),Set()))
2025-05-23 14:29:10,071 INFO  f.a.eclair.Diagnostics n:03b0faaedb96a4a4c1384f224b68f4f15d272cf3b2405ce07680a89dde9f5d1a1c c:efa04734cf1d2751af8662308a0e09815ea3303b2a0b069f356bcc9a1e7fabcd - IN msg=AcceptDualFundedChannel(efa04734cf1d2751af8662308a0e09815ea3303b2a0b069f356bcc9a1e7fabcd,0 sat,546 sat,18446744073709551615,0 msat,9,CltvExpiryDelta(6),483,037cfc8db3e380ee9feee78af5cf3c8f2a982ba0cadfa4e7f3700af6f20964907a,02408578d14af9a7edf5b5096781bbf5ab52ae00263a85e4b8004363215094fc43,028b00c2842623911f5ebc20921279bf1096fff185d1bb97dfdba8665dd62a66d4,03dc67a3729024020bfca57fbe5b6d86209b2a39389773b27ca9eab7f183d84f93,029d3acaef9f59494d346ea11082ef7bb7e8c5b7a78c4909fbaef471978b1db61f,03e59ebf4982d5e05c0b50320eb08b74a3f5849311cebb1fd6ae643f1d85fb3335,03e18504250f623ee9f0d7e7474850ed2b68104e5871ebc49f96ad6e98d2ec3e28,TlvStream(Set(ChannelTypeTlv(anchor_outputs_zero_fee_htlc_tx+scid_alias)),Set()))
2025-05-23 14:29:10,071 DEBUG f.a.e.io.PeerConnection n:03b0faaedb96a4a4c1384f224b68f4f15d272cf3b2405ce07680a89dde9f5d1a1c - next ping scheduled in 30 seconds
2025-05-23 14:29:10,071 INFO  f.a.e.i.Peer n:03b0faaedb96a4a4c1384f224b68f4f15d272cf3b2405ce07680a89dde9f5d1a1c c:efa04734cf1d2751af8662308a0e09815ea3303b2a0b069f356bcc9a1e7fabcd - IN msg=AcceptDualFundedChannel(efa04734cf1d2751af8662308a0e09815ea3303b2a0b069f356bcc9a1e7fabcd,0 sat,546 sat,18446744073709551615,0 msat,9,CltvExpiryDelta(6),483,037cfc8db3e380ee9feee78af5cf3c8f2a982ba0cadfa4e7f3700af6f20964907a,02408578d14af9a7edf5b5096781bbf5ab52ae00263a85e4b8004363215094fc43,028b00c2842623911f5ebc20921279bf1096fff185d1bb97dfdba8665dd62a66d4,03dc67a3729024020bfca57fbe5b6d86209b2a39389773b27ca9eab7f183d84f93,029d3acaef9f59494d346ea11082ef7bb7e8c5b7a78c4909fbaef471978b1db61f,03e59ebf4982d5e05c0b50320eb08b74a3f5849311cebb1fd6ae643f1d85fb3335,03e18504250f623ee9f0d7e7474850ed2b68104e5871ebc49f96ad6e98d2ec3e28,TlvStream(Set(ChannelTypeTlv(anchor_outputs_zero_fee_htlc_tx+scid_alias)),Set()))
2025-05-23 14:29:10,078 INFO  fr.acinq.eclair.io.Peer n:03b0faaedb96a4a4c1384f224b68f4f15d272cf3b2405ce07680a89dde9f5d1a1c - channel id switch: previousId=efa04734cf1d2751af8662308a0e09815ea3303b2a0b069f356bcc9a1e7fabcd nextId=421b12227e35036edbc0d01f3c656d70de611a4183995a12581658a864f0ccaf
2025-05-23 14:29:10,078 DEBUG f.a.e.c.fsm.Channel n:03b0faaedb96a4a4c1384f224b68f4f15d272cf3b2405ce07680a89dde9f5d1a1c c:efa04734cf1d2751af8662308a0e09815ea3303b2a0b069f356bcc9a1e7fabcd - remote params: RemoteParams(03b0faaedb96a4a4c1384f224b68f4f15d272cf3b2405ce07680a89dde9f5d1a1c,546 sat,18446744073709551615,None,0 msat,CltvExpiryDelta(6),483,02408578d14af9a7edf5b5096781bbf5ab52ae00263a85e4b8004363215094fc43,028b00c2842623911f5ebc20921279bf1096fff185d1bb97dfdba8665dd62a66d4,03dc67a3729024020bfca57fbe5b6d86209b2a39389773b27ca9eab7f183d84f93,029d3acaef9f59494d346ea11082ef7bb7e8c5b7a78c4909fbaef471978b1db61f,option_upfront_shutdown_script:optional,option_route_blinding:optional,option_zeroconf:optional,option_dual_fund:optional,gossip_queries_ex:optional,option_quiesce:optional,option_data_loss_protect:mandatory,option_static_remotekey:mandatory,option_scid_alias:optional,option_onion_messages:optional,option_support_large_channel:optional,option_anchors_zero_fee_htlc_tx:optional,payment_secret:mandatory,option_shutdown_anysegwit:optional,option_channel_type:optional,basic_mpp:optional,gossip_queries:optional,var_onion_optin:mandatory,option_splice:optional,None)
2025-05-23 14:29:10,079 DEBUG f.a.e.io.PeerConnection n:03b0faaedb96a4a4c1384f224b68f4f15d272cf3b2405ce07680a89dde9f5d1a1c - sending sync channel range query with flags_opt=Some(QueryFlags(3)) replacePrevious=false
2025-05-23 14:29:10,085 DEBUG f.a.e.io.PeerConnection SYN n:03b0faaedb96a4a4c1384f224b68f4f15d272cf3b2405ce07680a89dde9f5d1a1c - next ping scheduled in 30 seconds
2025-05-23 14:29:10,085 INFO  f.a.eclair.router.Router SYN n:03b0faaedb96a4a4c1384f224b68f4f15d272cf3b2405ce07680a89dde9f5d1a1c - received empty reply_channel_range, sync is complete
2025-05-23 14:29:10,252 DEBUG f.a.e.c.f.InteractiveTxFunder n:03b0faaedb96a4a4c1384f224b68f4f15d272cf3b2405ce07680a89dde9f5d1a1c c:421b12227e35036edbc0d01f3c656d70de611a4183995a12581658a864f0ccaf - added 1 inputs and 2 outputs to interactive tx
2025-05-23 14:29:10,254 INFO  f.a.e.c.f.InteractiveTxBuilder n:03b0faaedb96a4a4c1384f224b68f4f15d272cf3b2405ce07680a89dde9f5d1a1c c:421b12227e35036edbc0d01f3c656d70de611a4183995a12581658a864f0ccaf - adding local input e5dbcb539ed60e4bd6015c81fb5775c7552e0ff29cc5aa1b5781e84a64c6b39a:0 to interactive-tx
2025-05-23 14:29:10,256 INFO  f.a.e.i.Peer n:03b0faaedb96a4a4c1384f224b68f4f15d272cf3b2405ce07680a89dde9f5d1a1c c:421b12227e35036edbc0d01f3c656d70de611a4183995a12581658a864f0ccaf - OUT msg=TxAddInput(421b12227e35036edbc0d01f3c656d70de611a4183995a12581658a864f0ccaf,0,Some(02000000010000000000000000000000000000000000000000000000000000000000000000ffffffff03012f00ffffffff0200f2052a01000000160014d981402becfe5f3c5c8070cd7a1e82af1211aebd0000000000000000266a24aa21a9ede2f61c3f71d1defd3fa999dfa36953755c690689799962b48bebd836974e8cf900000000),0,4294967293,TlvStream(Set(),Set()))
2025-05-23 14:29:10,256 INFO  f.a.eclair.Diagnostics n:03b0faaedb96a4a4c1384f224b68f4f15d272cf3b2405ce07680a89dde9f5d1a1c c:421b12227e35036edbc0d01f3c656d70de611a4183995a12581658a864f0ccaf - OUT msg=TxAddInput(421b12227e35036edbc0d01f3c656d70de611a4183995a12581658a864f0ccaf,0,Some(02000000010000000000000000000000000000000000000000000000000000000000000000ffffffff03012f00ffffffff0200f2052a01000000160014d981402becfe5f3c5c8070cd7a1e82af1211aebd0000000000000000266a24aa21a9ede2f61c3f71d1defd3fa999dfa36953755c690689799962b48bebd836974e8cf900000000),0,4294967293,TlvStream(Set(),Set()))
2025-05-23 14:29:10,259 INFO  f.a.eclair.Diagnostics n:03b0faaedb96a4a4c1384f224b68f4f15d272cf3b2405ce07680a89dde9f5d1a1c c:421b12227e35036edbc0d01f3c656d70de611a4183995a12581658a864f0ccaf - IN msg=TxComplete(421b12227e35036edbc0d01f3c656d70de611a4183995a12581658a864f0ccaf,TlvStream(Set(),Set()))
2025-05-23 14:29:10,259 DEBUG f.a.e.io.PeerConnection n:03b0faaedb96a4a4c1384f224b68f4f15d272cf3b2405ce07680a89dde9f5d1a1c - next ping scheduled in 30 seconds
2025-05-23 14:29:10,260 INFO  f.a.e.i.Peer n:03b0faaedb96a4a4c1384f224b68f4f15d272cf3b2405ce07680a89dde9f5d1a1c c:421b12227e35036edbc0d01f3c656d70de611a4183995a12581658a864f0ccaf - IN msg=TxComplete(421b12227e35036edbc0d01f3c656d70de611a4183995a12581658a864f0ccaf,TlvStream(Set(),Set()))
2025-05-23 14:29:10,261 INFO  f.a.e.i.Peer n:03b0faaedb96a4a4c1384f224b68f4f15d272cf3b2405ce07680a89dde9f5d1a1c c:421b12227e35036edbc0d01f3c656d70de611a4183995a12581658a864f0ccaf - OUT msg=TxAddOutput(421b12227e35036edbc0d01f3c656d70de611a4183995a12581658a864f0ccaf,2,4999499833 sat,ByteVector(34 bytes, 0x51202deac6e6efc6078dc0ccf652484d96a7cf0706d9b702c2912f02a053af9a85bf),TlvStream(Set(),Set()))
2025-05-23 14:29:10,261 INFO  f.a.eclair.Diagnostics n:03b0faaedb96a4a4c1384f224b68f4f15d272cf3b2405ce07680a89dde9f5d1a1c c:421b12227e35036edbc0d01f3c656d70de611a4183995a12581658a864f0ccaf - OUT msg=TxAddOutput(421b12227e35036edbc0d01f3c656d70de611a4183995a12581658a864f0ccaf,2,4999499833 sat,ByteVector(34 bytes, 0x51202deac6e6efc6078dc0ccf652484d96a7cf0706d9b702c2912f02a053af9a85bf),TlvStream(Set(),Set()))
2025-05-23 14:29:10,263 INFO  f.a.eclair.Diagnostics n:03b0faaedb96a4a4c1384f224b68f4f15d272cf3b2405ce07680a89dde9f5d1a1c c:421b12227e35036edbc0d01f3c656d70de611a4183995a12581658a864f0ccaf - IN msg=TxComplete(421b12227e35036edbc0d01f3c656d70de611a4183995a12581658a864f0ccaf,TlvStream(Set(),Set()))
2025-05-23 14:29:10,263 DEBUG f.a.e.io.PeerConnection n:03b0faaedb96a4a4c1384f224b68f4f15d272cf3b2405ce07680a89dde9f5d1a1c - next ping scheduled in 30 seconds
2025-05-23 14:29:10,263 INFO  f.a.e.i.Peer n:03b0faaedb96a4a4c1384f224b68f4f15d272cf3b2405ce07680a89dde9f5d1a1c c:421b12227e35036edbc0d01f3c656d70de611a4183995a12581658a864f0ccaf - IN msg=TxComplete(421b12227e35036edbc0d01f3c656d70de611a4183995a12581658a864f0ccaf,TlvStream(Set(),Set()))
2025-05-23 14:29:10,263 INFO  f.a.e.i.Peer n:03b0faaedb96a4a4c1384f224b68f4f15d272cf3b2405ce07680a89dde9f5d1a1c c:421b12227e35036edbc0d01f3c656d70de611a4183995a12581658a864f0ccaf - OUT msg=TxAddOutput(421b12227e35036edbc0d01f3c656d70de611a4183995a12581658a864f0ccaf,4,500000 sat,ByteVector(34 bytes, 0x0020f28d6ceffc407c54017d2245bcb0ef0edc92d2be7a8bccf96b4ed63f0d1ac7cc),TlvStream(Set(),Set()))
2025-05-23 14:29:10,264 INFO  f.a.eclair.Diagnostics n:03b0faaedb96a4a4c1384f224b68f4f15d272cf3b2405ce07680a89dde9f5d1a1c c:421b12227e35036edbc0d01f3c656d70de611a4183995a12581658a864f0ccaf - OUT msg=TxAddOutput(421b12227e35036edbc0d01f3c656d70de611a4183995a12581658a864f0ccaf,4,500000 sat,ByteVector(34 bytes, 0x0020f28d6ceffc407c54017d2245bcb0ef0edc92d2be7a8bccf96b4ed63f0d1ac7cc),TlvStream(Set(),Set()))
2025-05-23 14:29:10,265 INFO  f.a.eclair.Diagnostics n:03b0faaedb96a4a4c1384f224b68f4f15d272cf3b2405ce07680a89dde9f5d1a1c c:421b12227e35036edbc0d01f3c656d70de611a4183995a12581658a864f0ccaf - IN msg=TxComplete(421b12227e35036edbc0d01f3c656d70de611a4183995a12581658a864f0ccaf,TlvStream(Set(),Set()))
2025-05-23 14:29:10,265 DEBUG f.a.e.io.PeerConnection n:03b0faaedb96a4a4c1384f224b68f4f15d272cf3b2405ce07680a89dde9f5d1a1c - next ping scheduled in 30 seconds
2025-05-23 14:29:10,265 INFO  f.a.e.i.Peer n:03b0faaedb96a4a4c1384f224b68f4f15d272cf3b2405ce07680a89dde9f5d1a1c c:421b12227e35036edbc0d01f3c656d70de611a4183995a12581658a864f0ccaf - IN msg=TxComplete(421b12227e35036edbc0d01f3c656d70de611a4183995a12581658a864f0ccaf,TlvStream(Set(),Set()))
2025-05-23 14:29:10,266 INFO  f.a.e.i.Peer n:03b0faaedb96a4a4c1384f224b68f4f15d272cf3b2405ce07680a89dde9f5d1a1c c:421b12227e35036edbc0d01f3c656d70de611a4183995a12581658a864f0ccaf - OUT msg=TxComplete(421b12227e35036edbc0d01f3c656d70de611a4183995a12581658a864f0ccaf,TlvStream(Set(),Set()))
2025-05-23 14:29:10,266 INFO  f.a.eclair.Diagnostics n:03b0faaedb96a4a4c1384f224b68f4f15d272cf3b2405ce07680a89dde9f5d1a1c c:421b12227e35036edbc0d01f3c656d70de611a4183995a12581658a864f0ccaf - OUT msg=TxComplete(421b12227e35036edbc0d01f3c656d70de611a4183995a12581658a864f0ccaf,TlvStream(Set(),Set()))
2025-05-23 14:29:10,276 INFO  f.a.eclair.Diagnostics n:03b0faaedb96a4a4c1384f224b68f4f15d272cf3b2405ce07680a89dde9f5d1a1c c:421b12227e35036edbc0d01f3c656d70de611a4183995a12581658a864f0ccaf - IN msg=CommitSig(421b12227e35036edbc0d01f3c656d70de611a4183995a12581658a864f0ccaf,12b126bf51591f24eae8af473cdd6db14266247f5b429f7f54c08f408dd0792e71d26e65b442691a8471e258203c95aecb655972542b315d6342ea046bf02066,List(),TlvStream(Set(),Set()))
2025-05-23 14:29:10,276 DEBUG f.a.e.io.PeerConnection n:03b0faaedb96a4a4c1384f224b68f4f15d272cf3b2405ce07680a89dde9f5d1a1c - next ping scheduled in 30 seconds
2025-05-23 14:29:10,276 INFO  f.a.e.i.Peer n:03b0faaedb96a4a4c1384f224b68f4f15d272cf3b2405ce07680a89dde9f5d1a1c c:421b12227e35036edbc0d01f3c656d70de611a4183995a12581658a864f0ccaf - IN msg=CommitSig(421b12227e35036edbc0d01f3c656d70de611a4183995a12581658a864f0ccaf,12b126bf51591f24eae8af473cdd6db14266247f5b429f7f54c08f408dd0792e71d26e65b442691a8471e258203c95aecb655972542b315d6342ea046bf02066,List(),TlvStream(Set(),Set()))
2025-05-23 14:29:10,276 DEBUG f.a.e.c.fsm.Channel n:03b0faaedb96a4a4c1384f224b68f4f15d272cf3b2405ce07680a89dde9f5d1a1c c:421b12227e35036edbc0d01f3c656d70de611a4183995a12581658a864f0ccaf - received their commit_sig, deferring message
2025-05-23 14:29:10,305 INFO  f.a.e.c.f.InteractiveTxBuilder n:03b0faaedb96a4a4c1384f224b68f4f15d272cf3b2405ce07680a89dde9f5d1a1c c:421b12227e35036edbc0d01f3c656d70de611a4183995a12581658a864f0ccaf - interactive-tx txid=78ec39b91d705b10bed1b023f61995f0639bc804d587bd2eec4ebfc900c54431 partially signed with 1 local inputs, 0 remote inputs, 1 local outputs and 0 remote outputs
2025-05-23 14:29:10,307 DEBUG f.a.e.c.fsm.Channel n:03b0faaedb96a4a4c1384f224b68f4f15d272cf3b2405ce07680a89dde9f5d1a1c c:421b12227e35036edbc0d01f3c656d70de611a4183995a12581658a864f0ccaf - updating database record for channelId=421b12227e35036edbc0d01f3c656d70de611a4183995a12581658a864f0ccaf
2025-05-23 14:29:10,314 INFO  f.a.e.i.Peer n:03b0faaedb96a4a4c1384f224b68f4f15d272cf3b2405ce07680a89dde9f5d1a1c c:421b12227e35036edbc0d01f3c656d70de611a4183995a12581658a864f0ccaf - OUT msg=CommitSig(421b12227e35036edbc0d01f3c656d70de611a4183995a12581658a864f0ccaf,47a7140e7a34081a6053a861c06e378a8981284ba4ca6dd84bbfc5974a3a17d83776fff2877fc3a34cc3ce586aee3a115ee79a313d5a3f64effb206da5331081,List(),TlvStream(Set(),Set()))
2025-05-23 14:29:10,314 INFO  f.a.eclair.Diagnostics n:03b0faaedb96a4a4c1384f224b68f4f15d272cf3b2405ce07680a89dde9f5d1a1c c:421b12227e35036edbc0d01f3c656d70de611a4183995a12581658a864f0ccaf - OUT msg=CommitSig(421b12227e35036edbc0d01f3c656d70de611a4183995a12581658a864f0ccaf,47a7140e7a34081a6053a861c06e378a8981284ba4ca6dd84bbfc5974a3a17d83776fff2877fc3a34cc3ce586aee3a115ee79a313d5a3f64effb206da5331081,List(),TlvStream(Set(),Set()))
2025-05-23 14:29:10,317 DEBUG f.a.e.c.fsm.Channel n:03b0faaedb96a4a4c1384f224b68f4f15d272cf3b2405ce07680a89dde9f5d1a1c c:421b12227e35036edbc0d01f3c656d70de611a4183995a12581658a864f0ccaf - updating database record for channelId=421b12227e35036edbc0d01f3c656d70de611a4183995a12581658a864f0ccaf
2025-05-23 14:29:10,321 INFO  f.a.eclair.Diagnostics n:03b0faaedb96a4a4c1384f224b68f4f15d272cf3b2405ce07680a89dde9f5d1a1c c:421b12227e35036edbc0d01f3c656d70de611a4183995a12581658a864f0ccaf - IN msg=TxSignatures(421b12227e35036edbc0d01f3c656d70de611a4183995a12581658a864f0ccaf,78ec39b91d705b10bed1b023f61995f0639bc804d587bd2eec4ebfc900c54431,List(),TlvStream(Set(),Set()))
2025-05-23 14:29:10,321 DEBUG f.a.e.io.PeerConnection n:03b0faaedb96a4a4c1384f224b68f4f15d272cf3b2405ce07680a89dde9f5d1a1c - next ping scheduled in 30 seconds
2025-05-23 14:29:10,321 INFO  f.a.e.i.Peer n:03b0faaedb96a4a4c1384f224b68f4f15d272cf3b2405ce07680a89dde9f5d1a1c c:421b12227e35036edbc0d01f3c656d70de611a4183995a12581658a864f0ccaf - IN msg=TxSignatures(421b12227e35036edbc0d01f3c656d70de611a4183995a12581658a864f0ccaf,78ec39b91d705b10bed1b023f61995f0639bc804d587bd2eec4ebfc900c54431,List(),TlvStream(Set(),Set()))
2025-05-23 14:29:10,327 INFO  f.a.e.c.fsm.Channel n:03b0faaedb96a4a4c1384f224b68f4f15d272cf3b2405ce07680a89dde9f5d1a1c c:421b12227e35036edbc0d01f3c656d70de611a4183995a12581658a864f0ccaf - interactive-tx fully signed with 1 local inputs, 0 remote inputs, 1 local outputs and 0 remote outputs
2025-05-23 14:29:10,333 DEBUG f.a.e.c.fsm.Channel n:03b0faaedb96a4a4c1384f224b68f4f15d272cf3b2405ce07680a89dde9f5d1a1c c:421b12227e35036edbc0d01f3c656d70de611a4183995a12581658a864f0ccaf - updating database record for channelId=421b12227e35036edbc0d01f3c656d70de611a4183995a12581658a864f0ccaf
2025-05-23 14:29:10,342 INFO  f.a.e.i.Peer n:03b0faaedb96a4a4c1384f224b68f4f15d272cf3b2405ce07680a89dde9f5d1a1c c:421b12227e35036edbc0d01f3c656d70de611a4183995a12581658a864f0ccaf - OUT msg=TxSignatures(421b12227e35036edbc0d01f3c656d70de611a4183995a12581658a864f0ccaf,78ec39b91d705b10bed1b023f61995f0639bc804d587bd2eec4ebfc900c54431,List(ScriptWitness(List(ByteVector(71 bytes, 0x304402203a2abe310b4820f77c5b25072f789ca41b9f5c0bff4686c9c8855431cc31ab8702201af6d4e932ece9e60eaddec13f146fe136dc64d154ce54d185cf584cd6d2727b01), ByteVector(33 bytes, 0x02c3f1db9ae607bf05cc79b7e763d0843083e10d956613501dba0e854c40b7c28a)))),TlvStream(Set(),Set()))
2025-05-23 14:29:10,342 INFO  f.a.eclair.Diagnostics n:03b0faaedb96a4a4c1384f224b68f4f15d272cf3b2405ce07680a89dde9f5d1a1c c:421b12227e35036edbc0d01f3c656d70de611a4183995a12581658a864f0ccaf - OUT msg=TxSignatures(421b12227e35036edbc0d01f3c656d70de611a4183995a12581658a864f0ccaf,78ec39b91d705b10bed1b023f61995f0639bc804d587bd2eec4ebfc900c54431,List(ScriptWitness(List(ByteVector(71 bytes, 0x304402203a2abe310b4820f77c5b25072f789ca41b9f5c0bff4686c9c8855431cc31ab8702201af6d4e932ece9e60eaddec13f146fe136dc64d154ce54d185cf584cd6d2727b01), ByteVector(33 bytes, 0x02c3f1db9ae607bf05cc79b7e763d0843083e10d956613501dba0e854c40b7c28a)))),TlvStream(Set(),Set()))
2025-05-23 14:29:10,349 INFO  f.a.e.db.DbEventHandler n:03b0faaedb96a4a4c1384f224b68f4f15d272cf3b2405ce07680a89dde9f5d1a1c c:421b12227e35036edbc0d01f3c656d70de611a4183995a12581658a864f0ccaf - paying mining fee=167 sat for txid=78ec39b91d705b10bed1b023f61995f0639bc804d587bd2eec4ebfc900c54431 desc=funding
2025-05-23 14:29:15,137 DEBUG f.a.e.io.PeerConnection SYN n:03b0faaedb96a4a4c1384f224b68f4f15d272cf3b2405ce07680a89dde9f5d1a1c - next ping scheduled in 30 seconds
2025-05-23 14:29:15,139 INFO  f.a.eclair.router.Router SYN n:03b0faaedb96a4a4c1384f224b68f4f15d272cf3b2405ce07680a89dde9f5d1a1c - received query_channel_range with firstBlockNum=1 numberOfBlocks=150 extendedQueryFlags_opt=TlvStream(Set(QueryFlags(1)),Set())
2025-05-23 14:29:15,147 INFO  f.a.eclair.router.Router SYN n:03b0faaedb96a4a4c1384f224b68f4f15d272cf3b2405ce07680a89dde9f5d1a1c - replying with 0 items for range=(1, 150)
2025-05-23 14:29:20,443 INFO  f.a.eclair.Diagnostics n:03b0faaedb96a4a4c1384f224b68f4f15d272cf3b2405ce07680a89dde9f5d1a1c c:421b12227e35036edbc0d01f3c656d70de611a4183995a12581658a864f0ccaf - IN msg=ChannelReady(421b12227e35036edbc0d01f3c656d70de611a4183995a12581658a864f0ccaf,03e18504250f623ee9f0d7e7474850ed2b68104e5871ebc49f96ad6e98d2ec3e28,TlvStream(Set(ShortChannelIdTlv(0x8e7a335ff448b0f3)),Set()))
2025-05-23 14:29:20,444 DEBUG f.a.e.io.PeerConnection n:03b0faaedb96a4a4c1384f224b68f4f15d272cf3b2405ce07680a89dde9f5d1a1c - next ping scheduled in 30 seconds
2025-05-23 14:29:20,444 INFO  f.a.e.i.Peer n:03b0faaedb96a4a4c1384f224b68f4f15d272cf3b2405ce07680a89dde9f5d1a1c c:421b12227e35036edbc0d01f3c656d70de611a4183995a12581658a864f0ccaf - IN msg=ChannelReady(421b12227e35036edbc0d01f3c656d70de611a4183995a12581658a864f0ccaf,03e18504250f623ee9f0d7e7474850ed2b68104e5871ebc49f96ad6e98d2ec3e28,TlvStream(Set(ShortChannelIdTlv(0x8e7a335ff448b0f3)),Set()))
2025-05-23 14:29:20,444 INFO  f.a.e.c.fsm.Channel n:03b0faaedb96a4a4c1384f224b68f4f15d272cf3b2405ce07680a89dde9f5d1a1c c:421b12227e35036edbc0d01f3c656d70de611a4183995a12581658a864f0ccaf - this channel isn't zero-conf, but they sent an early channel_ready with an alias: no need to wait for confirmations
2025-05-23 14:29:20,444 DEBUG f.a.e.c.fsm.Channel n:03b0faaedb96a4a4c1384f224b68f4f15d272cf3b2405ce07680a89dde9f5d1a1c c:421b12227e35036edbc0d01f3c656d70de611a4183995a12581658a864f0ccaf - received their channel_ready, deferring message
2025-05-23 14:29:20,448 INFO  f.a.e.c.fsm.Channel n:03b0faaedb96a4a4c1384f224b68f4f15d272cf3b2405ce07680a89dde9f5d1a1c c:421b12227e35036edbc0d01f3c656d70de611a4183995a12581658a864f0ccaf - funding txid=78ec39b91d705b10bed1b023f61995f0639bc804d587bd2eec4ebfc900c54431 was successfully published for zero-conf channelId=421b12227e35036edbc0d01f3c656d70de611a4183995a12581658a864f0ccaf
2025-05-23 14:29:20,454 INFO  f.a.e.c.fsm.Channel n:03b0faaedb96a4a4c1384f224b68f4f15d272cf3b2405ce07680a89dde9f5d1a1c c:421b12227e35036edbc0d01f3c656d70de611a4183995a12581658a864f0ccaf - setting localFundingStatus=ZeroconfPublishedFundingTx for fundingTxId=78ec39b91d705b10bed1b023f61995f0639bc804d587bd2eec4ebfc900c54431 fundingTxIndex=0
2025-05-23 14:29:20,457 DEBUG f.a.e.c.fsm.Channel n:03b0faaedb96a4a4c1384f224b68f4f15d272cf3b2405ce07680a89dde9f5d1a1c c:421b12227e35036edbc0d01f3c656d70de611a4183995a12581658a864f0ccaf - updating database record for channelId=421b12227e35036edbc0d01f3c656d70de611a4183995a12581658a864f0ccaf
2025-05-23 14:29:20,462 INFO  f.a.e.i.Peer n:03b0faaedb96a4a4c1384f224b68f4f15d272cf3b2405ce07680a89dde9f5d1a1c c:421b12227e35036edbc0d01f3c656d70de611a4183995a12581658a864f0ccaf - OUT msg=ChannelReady(421b12227e35036edbc0d01f3c656d70de611a4183995a12581658a864f0ccaf,02799f81786140bde8f454f32d65546ccc26abb3d94d7a97af85966571d5b19cda,TlvStream(Set(ShortChannelIdTlv(0x30a8d13d32102e9)),Set()))
2025-05-23 14:29:20,462 INFO  f.a.eclair.Diagnostics n:03b0faaedb96a4a4c1384f224b68f4f15d272cf3b2405ce07680a89dde9f5d1a1c c:421b12227e35036edbc0d01f3c656d70de611a4183995a12581658a864f0ccaf - OUT msg=ChannelReady(421b12227e35036edbc0d01f3c656d70de611a4183995a12581658a864f0ccaf,02799f81786140bde8f454f32d65546ccc26abb3d94d7a97af85966571d5b19cda,TlvStream(Set(ShortChannelIdTlv(0x30a8d13d32102e9)),Set()))
2025-05-23 14:29:20,463 INFO  f.a.e.c.fsm.Channel n:03b0faaedb96a4a4c1384f224b68f4f15d272cf3b2405ce07680a89dde9f5d1a1c c:421b12227e35036edbc0d01f3c656d70de611a4183995a12581658a864f0ccaf - shortIds: real=none localAlias=0x30a8d13d32102e9 remoteAlias=0x8e7a335ff448b0f3
2025-05-23 14:29:20,464 INFO  f.a.e.c.fsm.Channel n:03b0faaedb96a4a4c1384f224b68f4f15d272cf3b2405ce07680a89dde9f5d1a1c c:421b12227e35036edbc0d01f3c656d70de611a4183995a12581658a864f0ccaf - using shortChannelId=0x30a8d13d32102e9 for initial channel_update
2025-05-23 14:29:20,469 DEBUG f.a.e.c.fsm.Channel n:03b0faaedb96a4a4c1384f224b68f4f15d272cf3b2405ce07680a89dde9f5d1a1c c:421b12227e35036edbc0d01f3c656d70de611a4183995a12581658a864f0ccaf - updating database record for channelId=421b12227e35036edbc0d01f3c656d70de611a4183995a12581658a864f0ccaf
2025-05-23 14:29:20,472 DEBUG f.a.e.io.PeerConnection SYN n:03b0faaedb96a4a4c1384f224b68f4f15d272cf3b2405ce07680a89dde9f5d1a1c - next ping scheduled in 30 seconds
2025-05-23 14:29:20,473 DEBUG f.a.e.c.fsm.Channel n:03b0faaedb96a4a4c1384f224b68f4f15d272cf3b2405ce07680a89dde9f5d1a1c c:421b12227e35036edbc0d01f3c656d70de611a4183995a12581658a864f0ccaf - emitting channel update event: reason=initial sendToPeer=true channel_update=ChannelUpdate(fe1b7a0cef4476649605416b20a61e121e6bf75fc5223c894ba6a35987cb58f243ad5ef9bdf9415f988a1860acb8b52b2dd88382e491c6d3b64c3d55e9388df3,06226e46111a0b59caaf126043eb5bbf28c34f3a5e332a1fc7b2b73cf188910f,0x30a8d13d32102e9,1748003360 unixsec,MessageFlags(true),ChannelFlags(true,true),CltvExpiryDelta(144),0 msat,1000 msat,100,225000000 msat,TlvStream(Set(),Set())) channel_announcement=None
2025-05-23 14:29:20,474 INFO  f.a.e.i.Peer SYN n:03b0faaedb96a4a4c1384f224b68f4f15d272cf3b2405ce07680a89dde9f5d1a1c - OUT msg=ChannelUpdate(79ba0a0ed15a55fb2b362f065624a7019c980bff3cee6a7c3b51e3897574f8ee0aa2384ec78e573ab86dae796758f8d12b64b73ac7df8fd720ebd78194854939,06226e46111a0b59caaf126043eb5bbf28c34f3a5e332a1fc7b2b73cf188910f,0x8e7a335ff448b0f3,1748003360 unixsec,MessageFlags(true),ChannelFlags(true,true),CltvExpiryDelta(144),0 msat,1000 msat,100,225000000 msat,TlvStream(Set(),Set()))
2025-05-23 14:29:20,476 DEBUG f.a.e.io.PeerConnection SYN n:03b0faaedb96a4a4c1384f224b68f4f15d272cf3b2405ce07680a89dde9f5d1a1c - next ping scheduled in 30 seconds
2025-05-23 14:29:22,620 INFO  f.a.e.c.fsm.Channel n:03b0faaedb96a4a4c1384f224b68f4f15d272cf3b2405ce07680a89dde9f5d1a1c c:421b12227e35036edbc0d01f3c656d70de611a4183995a12581658a864f0ccaf - funding txid=78ec39b91d705b10bed1b023f61995f0639bc804d587bd2eec4ebfc900c54431 was confirmed at blockHeight=151 txIndex=1
2025-05-23 14:29:22,621 INFO  f.a.e.c.fsm.Channel n:03b0faaedb96a4a4c1384f224b68f4f15d272cf3b2405ce07680a89dde9f5d1a1c c:421b12227e35036edbc0d01f3c656d70de611a4183995a12581658a864f0ccaf - setting localFundingStatus=ConfirmedFundingTx for fundingTxId=78ec39b91d705b10bed1b023f61995f0639bc804d587bd2eec4ebfc900c54431 fundingTxIndex=0
2025-05-23 14:29:22,623 DEBUG f.a.e.c.fsm.Channel n:03b0faaedb96a4a4c1384f224b68f4f15d272cf3b2405ce07680a89dde9f5d1a1c c:421b12227e35036edbc0d01f3c656d70de611a4183995a12581658a864f0ccaf - updating database record for channelId=421b12227e35036edbc0d01f3c656d70de611a4183995a12581658a864f0ccaf
2025-05-23 14:29:35,889 INFO  f.a.e.i.Peer n:03b0faaedb96a4a4c1384f224b68f4f15d272cf3b2405ce07680a89dde9f5d1a1c c:421b12227e35036edbc0d01f3c656d70de611a4183995a12581658a864f0ccaf - OUT msg=Stfu(421b12227e35036edbc0d01f3c656d70de611a4183995a12581658a864f0ccaf,true)
2025-05-23 14:29:35,890 INFO  f.a.eclair.Diagnostics n:03b0faaedb96a4a4c1384f224b68f4f15d272cf3b2405ce07680a89dde9f5d1a1c c:421b12227e35036edbc0d01f3c656d70de611a4183995a12581658a864f0ccaf - OUT msg=Stfu(421b12227e35036edbc0d01f3c656d70de611a4183995a12581658a864f0ccaf,true)
2025-05-23 14:29:35,891 INFO  f.a.eclair.Diagnostics n:03b0faaedb96a4a4c1384f224b68f4f15d272cf3b2405ce07680a89dde9f5d1a1c c:421b12227e35036edbc0d01f3c656d70de611a4183995a12581658a864f0ccaf - IN msg=Stfu(421b12227e35036edbc0d01f3c656d70de611a4183995a12581658a864f0ccaf,false)
2025-05-23 14:29:35,891 DEBUG f.a.e.io.PeerConnection n:03b0faaedb96a4a4c1384f224b68f4f15d272cf3b2405ce07680a89dde9f5d1a1c - next ping scheduled in 30 seconds
2025-05-23 14:29:35,891 INFO  f.a.e.i.Peer n:03b0faaedb96a4a4c1384f224b68f4f15d272cf3b2405ce07680a89dde9f5d1a1c c:421b12227e35036edbc0d01f3c656d70de611a4183995a12581658a864f0ccaf - IN msg=Stfu(421b12227e35036edbc0d01f3c656d70de611a4183995a12581658a864f0ccaf,false)
2025-05-23 14:29:35,893 INFO  f.a.e.c.fsm.Channel n:03b0faaedb96a4a4c1384f224b68f4f15d272cf3b2405ce07680a89dde9f5d1a1c c:421b12227e35036edbc0d01f3c656d70de611a4183995a12581658a864f0ccaf - initiating splice with local.in.amount=15009 sat local.in.push=0 msat local.out.amount=0 sat
2025-05-23 14:29:35,895 INFO  f.a.e.i.Peer n:03b0faaedb96a4a4c1384f224b68f4f15d272cf3b2405ce07680a89dde9f5d1a1c c:421b12227e35036edbc0d01f3c656d70de611a4183995a12581658a864f0ccaf - OUT msg=SpliceInit(421b12227e35036edbc0d01f3c656d70de611a4183995a12581658a864f0ccaf,15009 sat,253 sat/kw,159,03bfa6ded1f9828c83d6d382a39e738bbcdcaeb2f27b0a11e0518c91a74d66cccf,TlvStream(Set(),Set()))
2025-05-23 14:29:35,896 INFO  f.a.eclair.Diagnostics n:03b0faaedb96a4a4c1384f224b68f4f15d272cf3b2405ce07680a89dde9f5d1a1c c:421b12227e35036edbc0d01f3c656d70de611a4183995a12581658a864f0ccaf - OUT msg=SpliceInit(421b12227e35036edbc0d01f3c656d70de611a4183995a12581658a864f0ccaf,15009 sat,253 sat/kw,159,03bfa6ded1f9828c83d6d382a39e738bbcdcaeb2f27b0a11e0518c91a74d66cccf,TlvStream(Set(),Set()))
2025-05-23 14:29:35,897 INFO  f.a.eclair.Diagnostics n:03b0faaedb96a4a4c1384f224b68f4f15d272cf3b2405ce07680a89dde9f5d1a1c c:421b12227e35036edbc0d01f3c656d70de611a4183995a12581658a864f0ccaf - IN msg=SpliceAck(421b12227e35036edbc0d01f3c656d70de611a4183995a12581658a864f0ccaf,0 sat,037cfc8db3e380ee9feee78af5cf3c8f2a982ba0cadfa4e7f3700af6f20964907a,TlvStream(Set(),Set()))
2025-05-23 14:29:35,898 DEBUG f.a.e.io.PeerConnection n:03b0faaedb96a4a4c1384f224b68f4f15d272cf3b2405ce07680a89dde9f5d1a1c - next ping scheduled in 30 seconds
2025-05-23 14:29:35,898 INFO  f.a.e.i.Peer n:03b0faaedb96a4a4c1384f224b68f4f15d272cf3b2405ce07680a89dde9f5d1a1c c:421b12227e35036edbc0d01f3c656d70de611a4183995a12581658a864f0ccaf - IN msg=SpliceAck(421b12227e35036edbc0d01f3c656d70de611a4183995a12581658a864f0ccaf,0 sat,037cfc8db3e380ee9feee78af5cf3c8f2a982ba0cadfa4e7f3700af6f20964907a,TlvStream(Set(),Set()))
2025-05-23 14:29:35,898 INFO  f.a.e.c.fsm.Channel n:03b0faaedb96a4a4c1384f224b68f4f15d272cf3b2405ce07680a89dde9f5d1a1c c:421b12227e35036edbc0d01f3c656d70de611a4183995a12581658a864f0ccaf - our peer accepted our splice request and will contribute 0 sat to the funding transaction
2025-05-23 14:29:35,914 DEBUG f.a.e.c.f.InteractiveTxFunder n:03b0faaedb96a4a4c1384f224b68f4f15d272cf3b2405ce07680a89dde9f5d1a1c c:421b12227e35036edbc0d01f3c656d70de611a4183995a12581658a864f0ccaf - added 2 inputs and 2 outputs to interactive tx
2025-05-23 14:29:35,915 INFO  f.a.e.i.Peer n:03b0faaedb96a4a4c1384f224b68f4f15d272cf3b2405ce07680a89dde9f5d1a1c c:421b12227e35036edbc0d01f3c656d70de611a4183995a12581658a864f0ccaf - OUT msg=TxAddInput(421b12227e35036edbc0d01f3c656d70de611a4183995a12581658a864f0ccaf,0,None,1,4294967293,TlvStream(Set(SharedInputTxId(78ec39b91d705b10bed1b023f61995f0639bc804d587bd2eec4ebfc900c54431), ExperimentalSharedInputTxId(78ec39b91d705b10bed1b023f61995f0639bc804d587bd2eec4ebfc900c54431)),Set()))
2025-05-23 14:29:35,915 INFO  f.a.eclair.Diagnostics n:03b0faaedb96a4a4c1384f224b68f4f15d272cf3b2405ce07680a89dde9f5d1a1c c:421b12227e35036edbc0d01f3c656d70de611a4183995a12581658a864f0ccaf - OUT msg=TxAddInput(421b12227e35036edbc0d01f3c656d70de611a4183995a12581658a864f0ccaf,0,None,1,4294967293,TlvStream(Set(SharedInputTxId(78ec39b91d705b10bed1b023f61995f0639bc804d587bd2eec4ebfc900c54431), ExperimentalSharedInputTxId(78ec39b91d705b10bed1b023f61995f0639bc804d587bd2eec4ebfc900c54431)),Set()))
2025-05-23 14:29:35,918 INFO  f.a.eclair.Diagnostics n:03b0faaedb96a4a4c1384f224b68f4f15d272cf3b2405ce07680a89dde9f5d1a1c c:421b12227e35036edbc0d01f3c656d70de611a4183995a12581658a864f0ccaf - IN msg=TxComplete(421b12227e35036edbc0d01f3c656d70de611a4183995a12581658a864f0ccaf,TlvStream(Set(),Set()))
2025-05-23 14:29:35,918 DEBUG f.a.e.io.PeerConnection n:03b0faaedb96a4a4c1384f224b68f4f15d272cf3b2405ce07680a89dde9f5d1a1c - next ping scheduled in 30 seconds
2025-05-23 14:29:35,918 INFO  f.a.e.i.Peer n:03b0faaedb96a4a4c1384f224b68f4f15d272cf3b2405ce07680a89dde9f5d1a1c c:421b12227e35036edbc0d01f3c656d70de611a4183995a12581658a864f0ccaf - IN msg=TxComplete(421b12227e35036edbc0d01f3c656d70de611a4183995a12581658a864f0ccaf,TlvStream(Set(),Set()))
2025-05-23 14:29:35,918 INFO  f.a.e.c.f.InteractiveTxBuilder n:03b0faaedb96a4a4c1384f224b68f4f15d272cf3b2405ce07680a89dde9f5d1a1c c:421b12227e35036edbc0d01f3c656d70de611a4183995a12581658a864f0ccaf - adding local input 925ff418940814530760a0463b644c77df6b47824a835bd670e3b4a1716996d9:1 to interactive-tx
2025-05-23 14:29:35,918 INFO  f.a.e.i.Peer n:03b0faaedb96a4a4c1384f224b68f4f15d272cf3b2405ce07680a89dde9f5d1a1c c:421b12227e35036edbc0d01f3c656d70de611a4183995a12581658a864f0ccaf - OUT msg=TxAddInput(421b12227e35036edbc0d01f3c656d70de611a4183995a12581658a864f0ccaf,2,Some(0200000001fe49ad4cddf13bb33082934e7bc1ea905a2dd4a3cbd0461c1c70c8c8ae7255ae0000000000fdffffff0200e1f50500000000160014f7e6953a789fe0ef14f66fac2fcb5c0a8de029de7310102401000000160014ffbf1f7aa988e524dc7572e2f470d8c0beaad82a96000000),1,4294967293,TlvStream(Set(),Set()))
2025-05-23 14:29:35,919 INFO  f.a.eclair.Diagnostics n:03b0faaedb96a4a4c1384f224b68f4f15d272cf3b2405ce07680a89dde9f5d1a1c c:421b12227e35036edbc0d01f3c656d70de611a4183995a12581658a864f0ccaf - OUT msg=TxAddInput(421b12227e35036edbc0d01f3c656d70de611a4183995a12581658a864f0ccaf,2,Some(0200000001fe49ad4cddf13bb33082934e7bc1ea905a2dd4a3cbd0461c1c70c8c8ae7255ae0000000000fdffffff0200e1f50500000000160014f7e6953a789fe0ef14f66fac2fcb5c0a8de029de7310102401000000160014ffbf1f7aa988e524dc7572e2f470d8c0beaad82a96000000),1,4294967293,TlvStream(Set(),Set()))
2025-05-23 14:29:35,919 INFO  f.a.eclair.Diagnostics n:03b0faaedb96a4a4c1384f224b68f4f15d272cf3b2405ce07680a89dde9f5d1a1c c:421b12227e35036edbc0d01f3c656d70de611a4183995a12581658a864f0ccaf - IN msg=TxComplete(421b12227e35036edbc0d01f3c656d70de611a4183995a12581658a864f0ccaf,TlvStream(Set(),Set()))
2025-05-23 14:29:35,920 DEBUG f.a.e.io.PeerConnection n:03b0faaedb96a4a4c1384f224b68f4f15d272cf3b2405ce07680a89dde9f5d1a1c - next ping scheduled in 30 seconds
2025-05-23 14:29:35,920 INFO  f.a.e.i.Peer n:03b0faaedb96a4a4c1384f224b68f4f15d272cf3b2405ce07680a89dde9f5d1a1c c:421b12227e35036edbc0d01f3c656d70de611a4183995a12581658a864f0ccaf - IN msg=TxComplete(421b12227e35036edbc0d01f3c656d70de611a4183995a12581658a864f0ccaf,TlvStream(Set(),Set()))
2025-05-23 14:29:35,920 INFO  f.a.e.i.Peer n:03b0faaedb96a4a4c1384f224b68f4f15d272cf3b2405ce07680a89dde9f5d1a1c c:421b12227e35036edbc0d01f3c656d70de611a4183995a12581658a864f0ccaf - OUT msg=TxAddOutput(421b12227e35036edbc0d01f3c656d70de611a4183995a12581658a864f0ccaf,4,4899984584 sat,ByteVector(34 bytes, 0x5120ba770367e4cddfd0fdc994b9d95211b7da3a9100eaa6fb205cab37a2e5bae220),TlvStream(Set(),Set()))
2025-05-23 14:29:35,920 INFO  f.a.eclair.Diagnostics n:03b0faaedb96a4a4c1384f224b68f4f15d272cf3b2405ce07680a89dde9f5d1a1c c:421b12227e35036edbc0d01f3c656d70de611a4183995a12581658a864f0ccaf - OUT msg=TxAddOutput(421b12227e35036edbc0d01f3c656d70de611a4183995a12581658a864f0ccaf,4,4899984584 sat,ByteVector(34 bytes, 0x5120ba770367e4cddfd0fdc994b9d95211b7da3a9100eaa6fb205cab37a2e5bae220),TlvStream(Set(),Set()))
2025-05-23 14:29:35,921 INFO  f.a.eclair.Diagnostics n:03b0faaedb96a4a4c1384f224b68f4f15d272cf3b2405ce07680a89dde9f5d1a1c c:421b12227e35036edbc0d01f3c656d70de611a4183995a12581658a864f0ccaf - IN msg=TxComplete(421b12227e35036edbc0d01f3c656d70de611a4183995a12581658a864f0ccaf,TlvStream(Set(),Set()))
2025-05-23 14:29:35,921 DEBUG f.a.e.io.PeerConnection n:03b0faaedb96a4a4c1384f224b68f4f15d272cf3b2405ce07680a89dde9f5d1a1c - next ping scheduled in 30 seconds
2025-05-23 14:29:35,921 INFO  f.a.e.i.Peer n:03b0faaedb96a4a4c1384f224b68f4f15d272cf3b2405ce07680a89dde9f5d1a1c c:421b12227e35036edbc0d01f3c656d70de611a4183995a12581658a864f0ccaf - IN msg=TxComplete(421b12227e35036edbc0d01f3c656d70de611a4183995a12581658a864f0ccaf,TlvStream(Set(),Set()))
2025-05-23 14:29:35,921 INFO  f.a.e.i.Peer n:03b0faaedb96a4a4c1384f224b68f4f15d272cf3b2405ce07680a89dde9f5d1a1c c:421b12227e35036edbc0d01f3c656d70de611a4183995a12581658a864f0ccaf - OUT msg=TxAddOutput(421b12227e35036edbc0d01f3c656d70de611a4183995a12581658a864f0ccaf,6,515009 sat,ByteVector(34 bytes, 0x0020e7721fceace5d15e5c15e19e601ac0dd5c77cc74535efd68e482e499bc6bcd5c),TlvStream(Set(),Set()))
2025-05-23 14:29:35,921 INFO  f.a.eclair.Diagnostics n:03b0faaedb96a4a4c1384f224b68f4f15d272cf3b2405ce07680a89dde9f5d1a1c c:421b12227e35036edbc0d01f3c656d70de611a4183995a12581658a864f0ccaf - OUT msg=TxAddOutput(421b12227e35036edbc0d01f3c656d70de611a4183995a12581658a864f0ccaf,6,515009 sat,ByteVector(34 bytes, 0x0020e7721fceace5d15e5c15e19e601ac0dd5c77cc74535efd68e482e499bc6bcd5c),TlvStream(Set(),Set()))
2025-05-23 14:29:35,922 INFO  f.a.eclair.Diagnostics n:03b0faaedb96a4a4c1384f224b68f4f15d272cf3b2405ce07680a89dde9f5d1a1c c:421b12227e35036edbc0d01f3c656d70de611a4183995a12581658a864f0ccaf - IN msg=TxComplete(421b12227e35036edbc0d01f3c656d70de611a4183995a12581658a864f0ccaf,TlvStream(Set(),Set()))
2025-05-23 14:29:35,922 DEBUG f.a.e.io.PeerConnection n:03b0faaedb96a4a4c1384f224b68f4f15d272cf3b2405ce07680a89dde9f5d1a1c - next ping scheduled in 30 seconds
2025-05-23 14:29:35,923 INFO  f.a.e.i.Peer n:03b0faaedb96a4a4c1384f224b68f4f15d272cf3b2405ce07680a89dde9f5d1a1c c:421b12227e35036edbc0d01f3c656d70de611a4183995a12581658a864f0ccaf - IN msg=TxComplete(421b12227e35036edbc0d01f3c656d70de611a4183995a12581658a864f0ccaf,TlvStream(Set(),Set()))
2025-05-23 14:29:35,923 INFO  f.a.e.i.Peer n:03b0faaedb96a4a4c1384f224b68f4f15d272cf3b2405ce07680a89dde9f5d1a1c c:421b12227e35036edbc0d01f3c656d70de611a4183995a12581658a864f0ccaf - OUT msg=TxComplete(421b12227e35036edbc0d01f3c656d70de611a4183995a12581658a864f0ccaf,TlvStream(Set(),Set()))
2025-05-23 14:29:35,923 INFO  f.a.eclair.Diagnostics n:03b0faaedb96a4a4c1384f224b68f4f15d272cf3b2405ce07680a89dde9f5d1a1c c:421b12227e35036edbc0d01f3c656d70de611a4183995a12581658a864f0ccaf - OUT msg=TxComplete(421b12227e35036edbc0d01f3c656d70de611a4183995a12581658a864f0ccaf,TlvStream(Set(),Set()))
2025-05-23 14:29:35,927 INFO  f.a.eclair.Diagnostics n:03b0faaedb96a4a4c1384f224b68f4f15d272cf3b2405ce07680a89dde9f5d1a1c c:421b12227e35036edbc0d01f3c656d70de611a4183995a12581658a864f0ccaf - IN msg=CommitSig(421b12227e35036edbc0d01f3c656d70de611a4183995a12581658a864f0ccaf,1e9a90c1ed942c7f7ff4c5c8ebfe600979455e8ccea026b080f46b6f826a870d13028052218bde112a59e1354172b35091c4ab275ce6cea0a7b246a8c7ca656f,List(),TlvStream(Set(),Set()))
2025-05-23 14:29:35,927 DEBUG f.a.e.io.PeerConnection n:03b0faaedb96a4a4c1384f224b68f4f15d272cf3b2405ce07680a89dde9f5d1a1c - next ping scheduled in 30 seconds
2025-05-23 14:29:35,927 INFO  f.a.e.i.Peer n:03b0faaedb96a4a4c1384f224b68f4f15d272cf3b2405ce07680a89dde9f5d1a1c c:421b12227e35036edbc0d01f3c656d70de611a4183995a12581658a864f0ccaf - IN msg=CommitSig(421b12227e35036edbc0d01f3c656d70de611a4183995a12581658a864f0ccaf,1e9a90c1ed942c7f7ff4c5c8ebfe600979455e8ccea026b080f46b6f826a870d13028052218bde112a59e1354172b35091c4ab275ce6cea0a7b246a8c7ca656f,List(),TlvStream(Set(),Set()))
2025-05-23 14:29:35,927 DEBUG f.a.e.c.fsm.Channel n:03b0faaedb96a4a4c1384f224b68f4f15d272cf3b2405ce07680a89dde9f5d1a1c c:421b12227e35036edbc0d01f3c656d70de611a4183995a12581658a864f0ccaf - received sig for batch of size=1 for fundingTxId=None
2025-05-23 14:29:35,927 DEBUG f.a.e.c.fsm.Channel n:03b0faaedb96a4a4c1384f224b68f4f15d272cf3b2405ce07680a89dde9f5d1a1c c:421b12227e35036edbc0d01f3c656d70de611a4183995a12581658a864f0ccaf - received their commit_sig, deferring message
2025-05-23 14:29:35,932 INFO  f.a.e.c.f.InteractiveTxBuilder n:03b0faaedb96a4a4c1384f224b68f4f15d272cf3b2405ce07680a89dde9f5d1a1c c:421b12227e35036edbc0d01f3c656d70de611a4183995a12581658a864f0ccaf - interactive-tx txid=0a72488b9e0f287067c36ded1c8e955a7c2f22f27dce777049c5372eaf834652 partially signed with 1 local inputs, 0 remote inputs, 1 local outputs and 0 remote outputs
2025-05-23 14:29:35,934 INFO  f.a.e.c.fsm.Channel n:03b0faaedb96a4a4c1384f224b68f4f15d272cf3b2405ce07680a89dde9f5d1a1c c:421b12227e35036edbc0d01f3c656d70de611a4183995a12581658a864f0ccaf - splice tx created with fundingTxIndex=1 fundingTxId=0a72488b9e0f287067c36ded1c8e955a7c2f22f27dce777049c5372eaf834652
2025-05-23 14:29:35,935 DEBUG f.a.e.c.fsm.Channel n:03b0faaedb96a4a4c1384f224b68f4f15d272cf3b2405ce07680a89dde9f5d1a1c c:421b12227e35036edbc0d01f3c656d70de611a4183995a12581658a864f0ccaf - updating database record for channelId=421b12227e35036edbc0d01f3c656d70de611a4183995a12581658a864f0ccaf
2025-05-23 14:29:35,939 DEBUG f.a.e.c.fsm.Channel n:03b0faaedb96a4a4c1384f224b68f4f15d272cf3b2405ce07680a89dde9f5d1a1c c:421b12227e35036edbc0d01f3c656d70de611a4183995a12581658a864f0ccaf - received sig for batch of size=1 for fundingTxId=None
2025-05-23 14:29:35,939 INFO  f.a.e.i.Peer n:03b0faaedb96a4a4c1384f224b68f4f15d272cf3b2405ce07680a89dde9f5d1a1c c:421b12227e35036edbc0d01f3c656d70de611a4183995a12581658a864f0ccaf - OUT msg=CommitSig(421b12227e35036edbc0d01f3c656d70de611a4183995a12581658a864f0ccaf,2cd7fc2bfe2ab1f7e6a80e54ee40dbc04286033891059ce5e289d4cf79eca797689176bba60fe2ca239f7523dd418cdb379266562245897583ce40c302dd5d2c,List(),TlvStream(Set(),Set()))
2025-05-23 14:29:35,939 INFO  f.a.eclair.Diagnostics n:03b0faaedb96a4a4c1384f224b68f4f15d272cf3b2405ce07680a89dde9f5d1a1c c:421b12227e35036edbc0d01f3c656d70de611a4183995a12581658a864f0ccaf - OUT msg=CommitSig(421b12227e35036edbc0d01f3c656d70de611a4183995a12581658a864f0ccaf,2cd7fc2bfe2ab1f7e6a80e54ee40dbc04286033891059ce5e289d4cf79eca797689176bba60fe2ca239f7523dd418cdb379266562245897583ce40c302dd5d2c,List(),TlvStream(Set(),Set()))
2025-05-23 14:29:35,941 DEBUG f.a.e.c.fsm.Channel n:03b0faaedb96a4a4c1384f224b68f4f15d272cf3b2405ce07680a89dde9f5d1a1c c:421b12227e35036edbc0d01f3c656d70de611a4183995a12581658a864f0ccaf - updating database record for channelId=421b12227e35036edbc0d01f3c656d70de611a4183995a12581658a864f0ccaf
2025-05-23 14:29:35,944 INFO  f.a.eclair.Diagnostics n:03b0faaedb96a4a4c1384f224b68f4f15d272cf3b2405ce07680a89dde9f5d1a1c c:421b12227e35036edbc0d01f3c656d70de611a4183995a12581658a864f0ccaf - IN msg=TxSignatures(421b12227e35036edbc0d01f3c656d70de611a4183995a12581658a864f0ccaf,0a72488b9e0f287067c36ded1c8e955a7c2f22f27dce777049c5372eaf834652,List(),TlvStream(Set(PreviousFundingTxSig(2715a866edaeac4b9843003ba13aca8f380fa2dfb30ede0648ea467235f5528d268c3100630d7fa9d6a0dfe4069ae8fa4ed668b58d4cefb260eec2a5b7f08034)),Set()))
2025-05-23 14:29:35,944 DEBUG f.a.e.io.PeerConnection n:03b0faaedb96a4a4c1384f224b68f4f15d272cf3b2405ce07680a89dde9f5d1a1c - next ping scheduled in 30 seconds
2025-05-23 14:29:35,944 INFO  f.a.e.i.Peer n:03b0faaedb96a4a4c1384f224b68f4f15d272cf3b2405ce07680a89dde9f5d1a1c c:421b12227e35036edbc0d01f3c656d70de611a4183995a12581658a864f0ccaf - IN msg=TxSignatures(421b12227e35036edbc0d01f3c656d70de611a4183995a12581658a864f0ccaf,0a72488b9e0f287067c36ded1c8e955a7c2f22f27dce777049c5372eaf834652,List(),TlvStream(Set(PreviousFundingTxSig(2715a866edaeac4b9843003ba13aca8f380fa2dfb30ede0648ea467235f5528d268c3100630d7fa9d6a0dfe4069ae8fa4ed668b58d4cefb260eec2a5b7f08034)),Set()))
2025-05-23 14:29:35,949 INFO  f.a.e.c.fsm.Channel n:03b0faaedb96a4a4c1384f224b68f4f15d272cf3b2405ce07680a89dde9f5d1a1c c:421b12227e35036edbc0d01f3c656d70de611a4183995a12581658a864f0ccaf - interactive-tx fully signed with 1 local inputs, 0 remote inputs, 1 local outputs and 0 remote outputs
2025-05-23 14:29:35,949 INFO  f.a.e.c.fsm.Channel n:03b0faaedb96a4a4c1384f224b68f4f15d272cf3b2405ce07680a89dde9f5d1a1c c:421b12227e35036edbc0d01f3c656d70de611a4183995a12581658a864f0ccaf - publishing funding tx for channelId=421b12227e35036edbc0d01f3c656d70de611a4183995a12581658a864f0ccaf fundingTxId=0a72488b9e0f287067c36ded1c8e955a7c2f22f27dce777049c5372eaf834652
2025-05-23 14:29:35,950 DEBUG f.a.e.c.fsm.Channel n:03b0faaedb96a4a4c1384f224b68f4f15d272cf3b2405ce07680a89dde9f5d1a1c c:421b12227e35036edbc0d01f3c656d70de611a4183995a12581658a864f0ccaf - updating database record for channelId=421b12227e35036edbc0d01f3c656d70de611a4183995a12581658a864f0ccaf
2025-05-23 14:29:35,957 INFO  f.a.e.i.Peer n:03b0faaedb96a4a4c1384f224b68f4f15d272cf3b2405ce07680a89dde9f5d1a1c c:421b12227e35036edbc0d01f3c656d70de611a4183995a12581658a864f0ccaf - OUT msg=TxSignatures(421b12227e35036edbc0d01f3c656d70de611a4183995a12581658a864f0ccaf,0a72488b9e0f287067c36ded1c8e955a7c2f22f27dce777049c5372eaf834652,List(ScriptWitness(List(ByteVector(71 bytes, 0x30440220514f78c3d302b62ae22dc724d37b8fd403fa9eadba99c5bb984c9d734dea7029022054e0feee0fc8d40cce3325223648b9511d43e52fa7e633b781dbd6031bb4df8101), ByteVector(33 bytes, 0x03bcb615fb10cc7f5c5d0754e90d402a4d87270b656883321984bdc4a9f0d0913a)))),TlvStream(Set(PreviousFundingTxSig(6912b175274bf7a77ffda3f4f69375bdc0cdc7f96e99fa70afa6a52f1adccf4b2783cb571c73ce62c1105b94dc6164ff61e9c467685c9a889a17d434750938cc), ExperimentalPreviousFundingTxSig(6912b175274bf7a77ffda3f4f69375bdc0cdc7f96e99fa70afa6a52f1adccf4b2783cb571c73ce62c1105b94dc6164ff61e9c467685c9a889a17d434750938cc)),Set()))
2025-05-23 14:29:35,957 INFO  f.a.eclair.Diagnostics n:03b0faaedb96a4a4c1384f224b68f4f15d272cf3b2405ce07680a89dde9f5d1a1c c:421b12227e35036edbc0d01f3c656d70de611a4183995a12581658a864f0ccaf - OUT msg=TxSignatures(421b12227e35036edbc0d01f3c656d70de611a4183995a12581658a864f0ccaf,0a72488b9e0f287067c36ded1c8e955a7c2f22f27dce777049c5372eaf834652,List(ScriptWitness(List(ByteVector(71 bytes, 0x30440220514f78c3d302b62ae22dc724d37b8fd403fa9eadba99c5bb984c9d734dea7029022054e0feee0fc8d40cce3325223648b9511d43e52fa7e633b781dbd6031bb4df8101), ByteVector(33 bytes, 0x03bcb615fb10cc7f5c5d0754e90d402a4d87270b656883321984bdc4a9f0d0913a)))),TlvStream(Set(PreviousFundingTxSig(6912b175274bf7a77ffda3f4f69375bdc0cdc7f96e99fa70afa6a52f1adccf4b2783cb571c73ce62c1105b94dc6164ff61e9c467685c9a889a17d434750938cc), ExperimentalPreviousFundingTxSig(6912b175274bf7a77ffda3f4f69375bdc0cdc7f96e99fa70afa6a52f1adccf4b2783cb571c73ce62c1105b94dc6164ff61e9c467685c9a889a17d434750938cc)),Set()))
2025-05-23 14:29:35,963 INFO  f.a.e.db.DbEventHandler n:03b0faaedb96a4a4c1384f224b68f4f15d272cf3b2405ce07680a89dde9f5d1a1c c:421b12227e35036edbc0d01f3c656d70de611a4183995a12581658a864f0ccaf - paying mining fee=266 sat for txid=0a72488b9e0f287067c36ded1c8e955a7c2f22f27dce777049c5372eaf834652 desc=funding
2025-05-23 14:29:39,957 DEBUG f.a.e.io.PeerConnection SYN n:03b0faaedb96a4a4c1384f224b68f4f15d272cf3b2405ce07680a89dde9f5d1a1c - next ping scheduled in 30 seconds
2025-05-23 14:29:39,957 INFO  f.a.e.io.PeerConnection SYN n:03b0faaedb96a4a4c1384f224b68f4f15d272cf3b2405ce07680a89dde9f5d1a1c - setting up gossipTimestampFilter=GossipTimestampFilter(06226e46111a0b59caaf126043eb5bbf28c34f3a5e332a1fc7b2b73cf188910f,0 unixsec,4294967295,TlvStream(Set(),Set()))
2025-05-23 14:29:56,080 INFO  f.a.eclair.router.Router PAY h:27e5fa0d7f513759cc2432d9d0a35cfa3052b4afa374de30d11d322efc646b1c p:e87d27af i:e87d27af - finding routes 02a0f8665492c55779e46233c63b7f8ca9a9552eb46eab5c9e8e6f95330ce98e50->03b0faaedb96a4a4c1384f224b68f4f15d272cf3b2405ce07680a89dde9f5d1a1c with assistedChannels= ignoreNodes= ignoreChannels= excludedChannels=
2025-05-23 14:29:56,098 INFO  f.a.e.p.s.MultiPartPaymentLifecycle PAY n:03b0faaedb96a4a4c1384f224b68f4f15d272cf3b2405ce07680a89dde9f5d1a1c h:27e5fa0d7f513759cc2432d9d0a35cfa3052b4afa374de30d11d322efc646b1c p:e87d27af i:e87d27af - 1 routes found (attempt=1/5)
2025-05-23 14:29:56,116 INFO  f.a.e.p.s.PaymentLifecycle PAY n:03b0faaedb96a4a4c1384f224b68f4f15d272cf3b2405ce07680a89dde9f5d1a1c h:27e5fa0d7f513759cc2432d9d0a35cfa3052b4afa374de30d11d322efc646b1c p:e87d27af i:678bb38b - route found: attempt=1/1 route=03b0faaedb96a4a4c1384f224b68f4f15d272cf3b2405ce07680a89dde9f5d1a1c channels=0x30a8d13d32102e9
2025-05-23 14:29:56,137 INFO  f.a.e.i.Peer PAY n:03b0faaedb96a4a4c1384f224b68f4f15d272cf3b2405ce07680a89dde9f5d1a1c c:421b12227e35036edbc0d01f3c656d70de611a4183995a12581658a864f0ccaf - OUT msg=UpdateAddHtlc(421b12227e35036edbc0d01f3c656d70de611a4183995a12581658a864f0ccaf,0,100000000 msat,27e5fa0d7f513759cc2432d9d0a35cfa3052b4afa374de30d11d322efc646b1c,CltvExpiry(337),OnionRoutingPacket(0,ByteVector(33 bytes, 0x02ca28838dff4a540b0f5fc34a62eb3e63c1b620721802fee6b2458c89d51416a5),ByteVector(1300 bytes, #685075950),19e83bfcc34cde5529b28d3ad0ee8c21cdc3d41cd8b96333a952ed51b18fa8fe),TlvStream(Set(Endorsement(7)),Set()))
2025-05-23 14:29:56,137 INFO  f.a.eclair.Diagnostics PAY n:03b0faaedb96a4a4c1384f224b68f4f15d272cf3b2405ce07680a89dde9f5d1a1c c:421b12227e35036edbc0d01f3c656d70de611a4183995a12581658a864f0ccaf - OUT msg=UpdateAddHtlc(421b12227e35036edbc0d01f3c656d70de611a4183995a12581658a864f0ccaf,0,100000000 msat,27e5fa0d7f513759cc2432d9d0a35cfa3052b4afa374de30d11d322efc646b1c,CltvExpiry(337),OnionRoutingPacket(0,ByteVector(33 bytes, 0x02ca28838dff4a540b0f5fc34a62eb3e63c1b620721802fee6b2458c89d51416a5),ByteVector(1300 bytes, #685075950),19e83bfcc34cde5529b28d3ad0ee8c21cdc3d41cd8b96333a952ed51b18fa8fe),TlvStream(Set(Endorsement(7)),Set()))
2025-05-23 14:29:56,144 INFO  f.a.e.c.fsm.Channel n:03b0faaedb96a4a4c1384f224b68f4f15d272cf3b2405ce07680a89dde9f5d1a1c c:421b12227e35036edbc0d01f3c656d70de611a4183995a12581658a864f0ccaf - built remote commit number=1 toLocalMsat=0 toRemoteMsat=415009000 htlc_in= htlc_out=0 feeratePerKw=316 sat/kw txid=0d5a996fb1bb0a9344ecb8c55f035622a9b36d68e39d6c8953303ce917e854ce fundingTxId=0a72488b9e0f287067c36ded1c8e955a7c2f22f27dce777049c5372eaf834652
2025-05-23 14:29:56,146 INFO  f.a.e.c.fsm.Channel n:03b0faaedb96a4a4c1384f224b68f4f15d272cf3b2405ce07680a89dde9f5d1a1c c:421b12227e35036edbc0d01f3c656d70de611a4183995a12581658a864f0ccaf - built remote commit number=1 toLocalMsat=0 toRemoteMsat=400000000 htlc_in= htlc_out=0 feeratePerKw=316 sat/kw txid=4f18064353f69026f4b9ad4fed55cf478a35e13cc3ac6edf65025fb976129e11 fundingTxId=78ec39b91d705b10bed1b023f61995f0639bc804d587bd2eec4ebfc900c54431
2025-05-23 14:29:56,149 DEBUG f.a.e.c.fsm.Channel n:03b0faaedb96a4a4c1384f224b68f4f15d272cf3b2405ce07680a89dde9f5d1a1c c:421b12227e35036edbc0d01f3c656d70de611a4183995a12581658a864f0ccaf - sending a new sig, spec:
specs:
localcommit:
  toLocal: 515009000 msat
  toRemote: 0 msat
  htlcs:

remotecommit:
  toLocal: 0 msat
  toRemote: 515009000 msat
  htlcs:

next remotecommit:
  toLocal: 0 msat
  toRemote: 415009000 msat
  htlcs:
    IN 0 CltvExpiry(337)
2025-05-23 14:29:56,150 DEBUG f.a.e.c.fsm.Channel n:03b0faaedb96a4a4c1384f224b68f4f15d272cf3b2405ce07680a89dde9f5d1a1c c:421b12227e35036edbc0d01f3c656d70de611a4183995a12581658a864f0ccaf - adding paymentHash=27e5fa0d7f513759cc2432d9d0a35cfa3052b4afa374de30d11d322efc646b1c cltvExpiry=CltvExpiry(337) to htlcs db for commitNumber=1
2025-05-23 14:29:56,153 DEBUG f.a.e.c.fsm.Channel n:03b0faaedb96a4a4c1384f224b68f4f15d272cf3b2405ce07680a89dde9f5d1a1c c:421b12227e35036edbc0d01f3c656d70de611a4183995a12581658a864f0ccaf - updating database record for channelId=421b12227e35036edbc0d01f3c656d70de611a4183995a12581658a864f0ccaf
2025-05-23 14:29:56,158 DEBUG f.a.e.c.fsm.Channel n:03b0faaedb96a4a4c1384f224b68f4f15d272cf3b2405ce07680a89dde9f5d1a1c c:421b12227e35036edbc0d01f3c656d70de611a4183995a12581658a864f0ccaf - scheduling acknowledgement of cmds ids=
2025-05-23 14:29:56,159 INFO  f.a.e.i.Peer n:03b0faaedb96a4a4c1384f224b68f4f15d272cf3b2405ce07680a89dde9f5d1a1c c:421b12227e35036edbc0d01f3c656d70de611a4183995a12581658a864f0ccaf - OUT msg=CommitSig(421b12227e35036edbc0d01f3c656d70de611a4183995a12581658a864f0ccaf,19cf4163091e7b09a3b6443c42b8b130a7eb3f106824ce08e143811b75d9291571c3225b87ffb09f38a77ba3a18cdf37d9ded41eb8e7f7731fe7fd099a22df4f,List(3ece9f0dc370a2f0fbdcb017c9f4df738252e6297de997395713594279c1e719552535acb996fabe9e02135b114e76b90315b1a91a056e5ce43555752f190072),TlvStream(Set(BatchTlv(2,0a72488b9e0f287067c36ded1c8e955a7c2f22f27dce777049c5372eaf834652)),Set()))
2025-05-23 14:29:56,159 INFO  f.a.e.i.Peer n:03b0faaedb96a4a4c1384f224b68f4f15d272cf3b2405ce07680a89dde9f5d1a1c c:421b12227e35036edbc0d01f3c656d70de611a4183995a12581658a864f0ccaf - OUT msg=CommitSig(421b12227e35036edbc0d01f3c656d70de611a4183995a12581658a864f0ccaf,3db6ca4fbf4d1c3f6ac2070664fbeedfe2839095eade01c6499d274e293aeb404cbeeac0ebb8914a0831deb98a46680cf10b90b7f6f5777227c243086f8134cc,List(654ad6a9e6106181a3d76ebde64d44b0d66c21975ad439444dae22418bb33f3158dae5b4b37d8ec32f004d425b9e0e5551b2b386c238de48820b90648f608854),TlvStream(Set(BatchTlv(2,78ec39b91d705b10bed1b023f61995f0639bc804d587bd2eec4ebfc900c54431)),Set()))
2025-05-23 14:29:56,159 INFO  f.a.eclair.Diagnostics n:03b0faaedb96a4a4c1384f224b68f4f15d272cf3b2405ce07680a89dde9f5d1a1c c:421b12227e35036edbc0d01f3c656d70de611a4183995a12581658a864f0ccaf - OUT msg=CommitSig(421b12227e35036edbc0d01f3c656d70de611a4183995a12581658a864f0ccaf,19cf4163091e7b09a3b6443c42b8b130a7eb3f106824ce08e143811b75d9291571c3225b87ffb09f38a77ba3a18cdf37d9ded41eb8e7f7731fe7fd099a22df4f,List(3ece9f0dc370a2f0fbdcb017c9f4df738252e6297de997395713594279c1e719552535acb996fabe9e02135b114e76b90315b1a91a056e5ce43555752f190072),TlvStream(Set(BatchTlv(2,0a72488b9e0f287067c36ded1c8e955a7c2f22f27dce777049c5372eaf834652)),Set()))
2025-05-23 14:29:56,160 INFO  f.a.eclair.Diagnostics n:03b0faaedb96a4a4c1384f224b68f4f15d272cf3b2405ce07680a89dde9f5d1a1c c:421b12227e35036edbc0d01f3c656d70de611a4183995a12581658a864f0ccaf - OUT msg=CommitSig(421b12227e35036edbc0d01f3c656d70de611a4183995a12581658a864f0ccaf,3db6ca4fbf4d1c3f6ac2070664fbeedfe2839095eade01c6499d274e293aeb404cbeeac0ebb8914a0831deb98a46680cf10b90b7f6f5777227c243086f8134cc,List(654ad6a9e6106181a3d76ebde64d44b0d66c21975ad439444dae22418bb33f3158dae5b4b37d8ec32f004d425b9e0e5551b2b386c238de48820b90648f608854),TlvStream(Set(BatchTlv(2,78ec39b91d705b10bed1b023f61995f0639bc804d587bd2eec4ebfc900c54431)),Set()))
2025-05-23 14:29:56,168 INFO  f.a.eclair.Diagnostics n:03b0faaedb96a4a4c1384f224b68f4f15d272cf3b2405ce07680a89dde9f5d1a1c c:421b12227e35036edbc0d01f3c656d70de611a4183995a12581658a864f0ccaf - IN msg=RevokeAndAck(421b12227e35036edbc0d01f3c656d70de611a4183995a12581658a864f0ccaf,<private_key>,022f619da1dd3924472cc7f8ad202a4ff976afaee6a80e18acb788e1739f91aba3,TlvStream(Set(),Set()))
2025-05-23 14:29:56,168 DEBUG f.a.e.io.PeerConnection n:03b0faaedb96a4a4c1384f224b68f4f15d272cf3b2405ce07680a89dde9f5d1a1c - next ping scheduled in 30 seconds
2025-05-23 14:29:56,168 INFO  f.a.e.i.Peer n:03b0faaedb96a4a4c1384f224b68f4f15d272cf3b2405ce07680a89dde9f5d1a1c c:421b12227e35036edbc0d01f3c656d70de611a4183995a12581658a864f0ccaf - IN msg=RevokeAndAck(421b12227e35036edbc0d01f3c656d70de611a4183995a12581658a864f0ccaf,<private_key>,022f619da1dd3924472cc7f8ad202a4ff976afaee6a80e18acb788e1739f91aba3,TlvStream(Set(),Set()))
2025-05-23 14:29:56,171 DEBUG f.a.e.c.fsm.Channel n:03b0faaedb96a4a4c1384f224b68f4f15d272cf3b2405ce07680a89dde9f5d1a1c c:421b12227e35036edbc0d01f3c656d70de611a4183995a12581658a864f0ccaf - Ignoring revoke_and_ack for interop test: Disconnection after exchanging tx_signatures and both sides send commit_sig for channel update; revoke_and_ack not received
2025-05-23 14:29:56,181 INFO  f.a.eclair.Diagnostics n:03b0faaedb96a4a4c1384f224b68f4f15d272cf3b2405ce07680a89dde9f5d1a1c c:421b12227e35036edbc0d01f3c656d70de611a4183995a12581658a864f0ccaf - IN msg=CommitSig(421b12227e35036edbc0d01f3c656d70de611a4183995a12581658a864f0ccaf,77724da4730a60cebfaa03867b152ce5c10f175b9523431ebf0e7e2e88046a251e3c86d9efd38b9e7061b4c76805f8f370767520f4a7d4af9fec7060c9090d37,List(07ab44122ccab488a2d25b418ae03f5ef7bcdd83d1ceeefb8de14777767e124118d311cf562356ace40f67dcc621e8310e1d362cf9d8f02413e7a30d8d0b6c56),TlvStream(Set(BatchTlv(2,78ec39b91d705b10bed1b023f61995f0639bc804d587bd2eec4ebfc900c54431)),Set()))
2025-05-23 14:29:56,181 DEBUG f.a.e.io.PeerConnection n:03b0faaedb96a4a4c1384f224b68f4f15d272cf3b2405ce07680a89dde9f5d1a1c - next ping scheduled in 30 seconds
2025-05-23 14:29:56,181 INFO  f.a.eclair.Diagnostics n:03b0faaedb96a4a4c1384f224b68f4f15d272cf3b2405ce07680a89dde9f5d1a1c c:421b12227e35036edbc0d01f3c656d70de611a4183995a12581658a864f0ccaf - IN msg=CommitSig(421b12227e35036edbc0d01f3c656d70de611a4183995a12581658a864f0ccaf,54643f76a7579f26b85087b74e3d1127496e90ca8a95b93be502c996ee9771f65c462667e347c5c3ad44d3e7b0e62a42685df542f2e61cdc9ecd7f0a3a61a70d,List(6533c909e822acf88287e15d3fe4be7f064d2938552b0aa1356d1966501f71713218d36376edca528b39dff6dfde9ba3913d0c06e47ffd9f2171fe789e896895),TlvStream(Set(BatchTlv(2,0a72488b9e0f287067c36ded1c8e955a7c2f22f27dce777049c5372eaf834652)),Set()))
2025-05-23 14:29:56,181 INFO  f.a.e.i.Peer n:03b0faaedb96a4a4c1384f224b68f4f15d272cf3b2405ce07680a89dde9f5d1a1c c:421b12227e35036edbc0d01f3c656d70de611a4183995a12581658a864f0ccaf - IN msg=CommitSig(421b12227e35036edbc0d01f3c656d70de611a4183995a12581658a864f0ccaf,77724da4730a60cebfaa03867b152ce5c10f175b9523431ebf0e7e2e88046a251e3c86d9efd38b9e7061b4c76805f8f370767520f4a7d4af9fec7060c9090d37,List(07ab44122ccab488a2d25b418ae03f5ef7bcdd83d1ceeefb8de14777767e124118d311cf562356ace40f67dcc621e8310e1d362cf9d8f02413e7a30d8d0b6c56),TlvStream(Set(BatchTlv(2,78ec39b91d705b10bed1b023f61995f0639bc804d587bd2eec4ebfc900c54431)),Set()))
2025-05-23 14:29:56,181 DEBUG f.a.e.io.PeerConnection n:03b0faaedb96a4a4c1384f224b68f4f15d272cf3b2405ce07680a89dde9f5d1a1c - next ping scheduled in 30 seconds
2025-05-23 14:29:56,181 INFO  f.a.e.i.Peer n:03b0faaedb96a4a4c1384f224b68f4f15d272cf3b2405ce07680a89dde9f5d1a1c c:421b12227e35036edbc0d01f3c656d70de611a4183995a12581658a864f0ccaf - IN msg=CommitSig(421b12227e35036edbc0d01f3c656d70de611a4183995a12581658a864f0ccaf,54643f76a7579f26b85087b74e3d1127496e90ca8a95b93be502c996ee9771f65c462667e347c5c3ad44d3e7b0e62a42685df542f2e61cdc9ecd7f0a3a61a70d,List(6533c909e822acf88287e15d3fe4be7f064d2938552b0aa1356d1966501f71713218d36376edca528b39dff6dfde9ba3913d0c06e47ffd9f2171fe789e896895),TlvStream(Set(BatchTlv(2,0a72488b9e0f287067c36ded1c8e955a7c2f22f27dce777049c5372eaf834652)),Set()))
2025-05-23 14:29:56,181 DEBUG f.a.e.c.fsm.Channel n:03b0faaedb96a4a4c1384f224b68f4f15d272cf3b2405ce07680a89dde9f5d1a1c c:421b12227e35036edbc0d01f3c656d70de611a4183995a12581658a864f0ccaf - Ignoring commit sigs for interop test: Disconnection after exchanging tx_signatures and both sides send commit_sig for channel update; revoke_and_ack not received
2025-05-23 14:29:56,182 DEBUG f.a.e.c.fsm.Channel n:03b0faaedb96a4a4c1384f224b68f4f15d272cf3b2405ce07680a89dde9f5d1a1c c:421b12227e35036edbc0d01f3c656d70de611a4183995a12581658a864f0ccaf - Ignoring commit sigs for interop test: Disconnection after exchanging tx_signatures and both sides send commit_sig for channel update; revoke_and_ack not received
2025-05-23 14:29:56,182 DEBUG fr.acinq.eclair.io.Peer CON n:03b0faaedb96a4a4c1384f224b68f4f15d272cf3b2405ce07680a89dde9f5d1a1c - disconnecting
2025-05-23 14:29:56,183 DEBUG fr.acinq.eclair.io.Peer CON n:03b0faaedb96a4a4c1384f224b68f4f15d272cf3b2405ce07680a89dde9f5d1a1c - disconnecting
2025-05-23 14:29:56,183 DEBUG f.a.e.io.PeerConnection CON n:03b0faaedb96a4a4c1384f224b68f4f15d272cf3b2405ce07680a89dde9f5d1a1c - stopping with reason=UserRequest
2025-05-23 14:29:56,185 DEBUG fr.acinq.eclair.io.Peer CON n:03b0faaedb96a4a4c1384f224b68f4f15d272cf3b2405ce07680a89dde9f5d1a1c - connection lost
2025-05-23 14:29:56,187 INFO  f.a.e.c.TransportHandler CON n:03b0faaedb96a4a4c1384f224b68f4f15d272cf3b2405ce07680a89dde9f5d1a1c - stopping (unackedReceived= unackedSent=None)
2025-05-23 14:29:56,187 INFO  f.a.e.i.ReconnectionTask CON n:03b0faaedb96a4a4c1384f224b68f4f15d272cf3b2405ce07680a89dde9f5d1a1c - peer is disconnected, next reconnection in 9448 milliseconds
2025-05-23 14:29:56,188 INFO  a.actor.LocalActorRef - Message [fr.acinq.eclair.io.PeerConnection$Kill] from Actor[akka://eclair-node/user/$h/switchboard/peer-03b0faaedb96a4a4c1384f224b68f4f15d272cf3b2405ce07680a89dde9f5d1a1c#-501630139] to Actor[akka://eclair-node/user/$i/client-spawner/$a/$a#-126577357] was not delivered. [1] dead letters encountered. If this is not an expected behavior then Actor[akka://eclair-node/user/$i/client-spawner/$a/$a#-126577357] may have terminated unexpectedly. This logging can be turned off or adjusted with configuration settings 'akka.log-dead-letters' and 'akka.log-dead-letters-during-shutdown'.
2025-05-23 14:30:05,658 DEBUG f.a.e.i.ReconnectionTask CON n:03b0faaedb96a4a4c1384f224b68f4f15d272cf3b2405ce07680a89dde9f5d1a1c - connecting to 127.0.0.1:9737
2025-05-23 14:30:05,658 INFO  f.a.e.io.ClientSpawner - initiating new connection to nodeId=03b0faaedb96a4a4c1384f224b68f4f15d272cf3b2405ce07680a89dde9f5d1a1c origin=Actor[akka://eclair-node/deadLetters]
2025-05-23 14:30:05,660 INFO  f.acinq.eclair.io.Client CON n:03b0faaedb96a4a4c1384f224b68f4f15d272cf3b2405ce07680a89dde9f5d1a1c - connected to 127.0.0.1:9737
2025-05-23 14:30:05,668 INFO  f.a.e.io.PeerConnection CON n:03b0faaedb96a4a4c1384f224b68f4f15d272cf3b2405ce07680a89dde9f5d1a1c - connection authenticated (direction=outgoing)
2025-05-23 14:30:05,669 DEBUG f.a.e.io.PeerConnection CON n:03b0faaedb96a4a4c1384f224b68f4f15d272cf3b2405ce07680a89dde9f5d1a1c - using features=option_simple_close:optional,option_route_blinding:optional,option_dual_fund:optional,gossip_queries_ex:optional,option_quiesce:optional,option_data_loss_protect:mandatory,option_static_remotekey:mandatory,option_scid_alias:optional,option_onion_messages:optional,option_support_large_channel:optional,option_anchors_zero_fee_htlc_tx:optional,payment_secret:mandatory,option_shutdown_anysegwit:optional,option_channel_type:mandatory,basic_mpp:optional,gossip_queries:optional,var_onion_optin:mandatory,option_splice:optional
2025-05-23 14:30:05,671 DEBUG f.a.e.io.PeerConnection CON n:03b0faaedb96a4a4c1384f224b68f4f15d272cf3b2405ce07680a89dde9f5d1a1c - next ping scheduled in 30 seconds
2025-05-23 14:30:05,672 INFO  f.a.e.io.PeerConnection CON n:03b0faaedb96a4a4c1384f224b68f4f15d272cf3b2405ce07680a89dde9f5d1a1c - peer is using features=option_upfront_shutdown_script:optional,option_route_blinding:optional,option_zeroconf:optional,option_dual_fund:optional,gossip_queries_ex:optional,option_quiesce:optional,option_data_loss_protect:mandatory,option_static_remotekey:mandatory,option_scid_alias:optional,option_onion_messages:optional,option_support_large_channel:optional,option_anchors_zero_fee_htlc_tx:optional,payment_secret:mandatory,option_shutdown_anysegwit:optional,option_channel_type:optional,basic_mpp:optional,gossip_queries:optional,var_onion_optin:mandatory,option_splice:optional, networks=06226e46111a0b59caaf126043eb5bbf28c34f3a5e332a1fc7b2b73cf188910f
2025-05-23 14:30:05,672 INFO  f.a.e.io.PeerConnection CON n:03b0faaedb96a4a4c1384f224b68f4f15d272cf3b2405ce07680a89dde9f5d1a1c - peer reports that our IP address is 127.0.0.1:35138 (public=false)
2025-05-23 14:30:05,673 DEBUG f.a.e.io.PeerConnection CON n:03b0faaedb96a4a4c1384f224b68f4f15d272cf3b2405ce07680a89dde9f5d1a1c - rebroadcast will be delayed by 37 seconds
2025-05-23 14:30:05,673 DEBUG fr.acinq.eclair.io.Peer CON n:03b0faaedb96a4a4c1384f224b68f4f15d272cf3b2405ce07680a89dde9f5d1a1c - got authenticated connection to address 127.0.0.1:9737
2025-05-23 14:30:05,673 DEBUG f.a.e.io.PeerConnection n:03b0faaedb96a4a4c1384f224b68f4f15d272cf3b2405ce07680a89dde9f5d1a1c - sending sync channel range query with flags_opt=Some(QueryFlags(3)) replacePrevious=true
2025-05-23 14:30:05,673 DEBUG f.a.e.io.PeerConnection SYN n:03b0faaedb96a4a4c1384f224b68f4f15d272cf3b2405ce07680a89dde9f5d1a1c - next ping scheduled in 30 seconds
2025-05-23 14:30:05,674 INFO  f.a.e.io.PeerConnection SYN n:03b0faaedb96a4a4c1384f224b68f4f15d272cf3b2405ce07680a89dde9f5d1a1c - setting up gossipTimestampFilter=GossipTimestampFilter(06226e46111a0b59caaf126043eb5bbf28c34f3a5e332a1fc7b2b73cf188910f,0 unixsec,4294967295,TlvStream(Set(),Set()))
2025-05-23 14:30:05,675 DEBUG f.a.e.i.ReconnectionTask CON n:03b0faaedb96a4a4c1384f224b68f4f15d272cf3b2405ce07680a89dde9f5d1a1c - peer is connected
2025-05-23 14:30:05,677 DEBUG f.a.e.io.PeerConnection SYN n:03b0faaedb96a4a4c1384f224b68f4f15d272cf3b2405ce07680a89dde9f5d1a1c - next ping scheduled in 30 seconds
2025-05-23 14:30:05,677 INFO  f.a.eclair.router.Router SYN n:03b0faaedb96a4a4c1384f224b68f4f15d272cf3b2405ce07680a89dde9f5d1a1c - received empty reply_channel_range, sync is complete
2025-05-23 14:30:05,678 DEBUG f.a.e.c.fsm.Channel n:03b0faaedb96a4a4c1384f224b68f4f15d272cf3b2405ce07680a89dde9f5d1a1c c:421b12227e35036edbc0d01f3c656d70de611a4183995a12581658a864f0ccaf - localFundingStatus=DualFundedUnconfirmedFundingTx(FullySignedSharedTransaction(SharedTransaction(Some(Shared(0,78ec39b91d705b10bed1b023f61995f0639bc804d587bd2eec4ebfc900c54431:1,ByteVector(34 bytes, 0x0020f28d6ceffc407c54017d2245bcb0ef0edc92d2be7a8bccf96b4ed63f0d1ac7cc),4294967293,500000000 msat,0 msat,0 msat)),Shared(6,ByteVector(34 bytes, 0x0020e7721fceace5d15e5c15e19e601ac0dd5c77cc74535efd68e482e499bc6bcd5c),515009000 msat,0 msat,0 msat),List(Local(2,0200000001fe49ad4cddf13bb33082934e7bc1ea905a2dd4a3cbd0461c1c70c8c8ae7255ae0000000000fdffffff0200e1f50500000000160014f7e6953a789fe0ef14f66fac2fcb5c0a8de029de7310102401000000160014ffbf1f7aa988e524dc7572e2f470d8c0beaad82a96000000,1,4294967293)),List(),List(Change(4,4899984584 sat,ByteVector(34 bytes, 0x5120ba770367e4cddfd0fdc994b9d95211b7da3a9100eaa6fb205cab37a2e5bae220))),List(),159),TxSignatures(421b12227e35036edbc0d01f3c656d70de611a4183995a12581658a864f0ccaf,0a72488b9e0f287067c36ded1c8e955a7c2f22f27dce777049c5372eaf834652,List(ScriptWitness(List(ByteVector(71 bytes, 0x30440220514f78c3d302b62ae22dc724d37b8fd403fa9eadba99c5bb984c9d734dea7029022054e0feee0fc8d40cce3325223648b9511d43e52fa7e633b781dbd6031bb4df8101), ByteVector(33 bytes, 0x03bcb615fb10cc7f5c5d0754e90d402a4d87270b656883321984bdc4a9f0d0913a)))),TlvStream(Set(PreviousFundingTxSig(6912b175274bf7a77ffda3f4f69375bdc0cdc7f96e99fa70afa6a52f1adccf4b2783cb571c73ce62c1105b94dc6164ff61e9c467685c9a889a17d434750938cc), ExperimentalPreviousFundingTxSig(6912b175274bf7a77ffda3f4f69375bdc0cdc7f96e99fa70afa6a52f1adccf4b2783cb571c73ce62c1105b94dc6164ff61e9c467685c9a889a17d434750938cc)),Set())),TxSignatures(421b12227e35036edbc0d01f3c656d70de611a4183995a12581658a864f0ccaf,0a72488b9e0f287067c36ded1c8e955a7c2f22f27dce777049c5372eaf834652,List(),TlvStream(Set(PreviousFundingTxSig(2715a866edaeac4b9843003ba13aca8f380fa2dfb30ede0648ea467235f5528d268c3100630d7fa9d6a0dfe4069ae8fa4ed668b58d4cefb260eec2a5b7f08034)),Set())),Some(ScriptWitness(List(ByteVector(empty), ByteVector(71 bytes, 0x304402206912b175274bf7a77ffda3f4f69375bdc0cdc7f96e99fa70afa6a52f1adccf4b02202783cb571c73ce62c1105b94dc6164ff61e9c467685c9a889a17d434750938cc01), ByteVector(71 bytes, 0x304402202715a866edaeac4b9843003ba13aca8f380fa2dfb30ede0648ea467235f5528d0220268c3100630d7fa9d6a0dfe4069ae8fa4ed668b58d4cefb260eec2a5b7f0803401), ByteVector(71 bytes, 0x5221026089b8700767e7efced8ae4ebc103ed73e6761d322b6716031186b4cdf8171b221037cfc8db3e380ee9feee78af5cf3c8f2a982ba0cadfa4e7f3700af6f20964907a52ae))))),159,InteractiveTxParams(421b12227e35036edbc0d01f3c656d70de611a4183995a12581658a864f0ccaf,true,15009 sat,0 sat,Some(Multisig2of2Input(InputInfo(78ec39b91d705b10bed1b023f61995f0639bc804d587bd2eec4ebfc900c54431:1,TxOut(500000 sat,ByteVector(34 bytes, 0x0020f28d6ceffc407c54017d2245bcb0ef0edc92d2be7a8bccf96b4ed63f0d1ac7cc)),ByteVector(empty)),0,037cfc8db3e380ee9feee78af5cf3c8f2a982ba0cadfa4e7f3700af6f20964907a)),037cfc8db3e380ee9feee78af5cf3c8f2a982ba0cadfa4e7f3700af6f20964907a,List(),159,546 sat,253 sat/kw,RequireConfirmedInputs(false,false)),None), d.commitments.remoteCommitIndex=0, localFundingStatus.sharedTx.txId=0a72488b9e0f287067c36ded1c8e955a7c2f22f27dce777049c5372eaf834652
2025-05-23 14:30:05,678 DEBUG f.a.e.c.fsm.Channel n:03b0faaedb96a4a4c1384f224b68f4f15d272cf3b2405ce07680a89dde9f5d1a1c c:421b12227e35036edbc0d01f3c656d70de611a4183995a12581658a864f0ccaf - our channel_reestablish: next_funding_tx_id=None, your_last_funding_locked=Some(78ec39b91d705b10bed1b023f61995f0639bc804d587bd2eec4ebfc900c54431), my_current_funding_Locked=Some(78ec39b91d705b10bed1b023f61995f0639bc804d587bd2eec4ebfc900c54431), next_local_commit_number=1
2025-05-23 14:30:05,678 INFO  f.a.e.i.Peer CON n:03b0faaedb96a4a4c1384f224b68f4f15d272cf3b2405ce07680a89dde9f5d1a1c c:421b12227e35036edbc0d01f3c656d70de611a4183995a12581658a864f0ccaf - OUT msg=ChannelReestablish(421b12227e35036edbc0d01f3c656d70de611a4183995a12581658a864f0ccaf,1,0,<private_key>,0302efbb969cb7854110a4fa404a2338e03308f8515240f4b248e4db2f954cd88a,TlvStream(Set(MyCurrentFundingLockedTlv(78ec39b91d705b10bed1b023f61995f0639bc804d587bd2eec4ebfc900c54431), YourLastFundingLockedTlv(78ec39b91d705b10bed1b023f61995f0639bc804d587bd2eec4ebfc900c54431)),Set()))
2025-05-23 14:30:05,679 INFO  f.a.eclair.Diagnostics CON n:03b0faaedb96a4a4c1384f224b68f4f15d272cf3b2405ce07680a89dde9f5d1a1c c:421b12227e35036edbc0d01f3c656d70de611a4183995a12581658a864f0ccaf - IN msg=ChannelReestablish(421b12227e35036edbc0d01f3c656d70de611a4183995a12581658a864f0ccaf,2,0,<private_key>,02799f81786140bde8f454f32d65546ccc26abb3d94d7a97af85966571d5b19cda,TlvStream(Set(YourLastFundingLockedTlv(78ec39b91d705b10bed1b023f61995f0639bc804d587bd2eec4ebfc900c54431), MyCurrentFundingLockedTlv(78ec39b91d705b10bed1b023f61995f0639bc804d587bd2eec4ebfc900c54431)),Set()))
2025-05-23 14:30:05,679 DEBUG f.a.e.io.PeerConnection CON n:03b0faaedb96a4a4c1384f224b68f4f15d272cf3b2405ce07680a89dde9f5d1a1c - next ping scheduled in 30 seconds
2025-05-23 14:30:05,679 INFO  f.a.eclair.Diagnostics CON n:03b0faaedb96a4a4c1384f224b68f4f15d272cf3b2405ce07680a89dde9f5d1a1c c:421b12227e35036edbc0d01f3c656d70de611a4183995a12581658a864f0ccaf - OUT msg=ChannelReestablish(421b12227e35036edbc0d01f3c656d70de611a4183995a12581658a864f0ccaf,1,0,<private_key>,0302efbb969cb7854110a4fa404a2338e03308f8515240f4b248e4db2f954cd88a,TlvStream(Set(MyCurrentFundingLockedTlv(78ec39b91d705b10bed1b023f61995f0639bc804d587bd2eec4ebfc900c54431), YourLastFundingLockedTlv(78ec39b91d705b10bed1b023f61995f0639bc804d587bd2eec4ebfc900c54431)),Set()))
2025-05-23 14:30:05,679 INFO  f.a.e.i.Peer CON n:03b0faaedb96a4a4c1384f224b68f4f15d272cf3b2405ce07680a89dde9f5d1a1c c:421b12227e35036edbc0d01f3c656d70de611a4183995a12581658a864f0ccaf - IN msg=ChannelReestablish(421b12227e35036edbc0d01f3c656d70de611a4183995a12581658a864f0ccaf,2,0,<private_key>,02799f81786140bde8f454f32d65546ccc26abb3d94d7a97af85966571d5b19cda,TlvStream(Set(YourLastFundingLockedTlv(78ec39b91d705b10bed1b023f61995f0639bc804d587bd2eec4ebfc900c54431), MyCurrentFundingLockedTlv(78ec39b91d705b10bed1b023f61995f0639bc804d587bd2eec4ebfc900c54431)),Set()))
2025-05-23 14:30:05,681 DEBUG f.a.e.c.fsm.Channel CON n:03b0faaedb96a4a4c1384f224b68f4f15d272cf3b2405ce07680a89dde9f5d1a1c c:421b12227e35036edbc0d01f3c656d70de611a4183995a12581658a864f0ccaf - their channel_reestablish: next_funding_tx_id=None, your_last_funding_locked=Some(78ec39b91d705b10bed1b023f61995f0639bc804d587bd2eec4ebfc900c54431), my_current_funding_Locked=Some(78ec39b91d705b10bed1b023f61995f0639bc804d587bd2eec4ebfc900c54431), next_local_commit_number=2
2025-05-23 14:30:05,681 DEBUG f.a.e.c.fsm.Channel CON n:03b0faaedb96a4a4c1384f224b68f4f15d272cf3b2405ce07680a89dde9f5d1a1c c:421b12227e35036edbc0d01f3c656d70de611a4183995a12581658a864f0ccaf - d.spliceStatus=NoSplice, d.commitments.remoteCommitIndex=0, d.commitments.latest.fundingTxId=0a72488b9e0f287067c36ded1c8e955a7c2f22f27dce777049c5372eaf834652
2025-05-23 14:30:05,681 INFO  f.a.eclair.Diagnostics n:03b0faaedb96a4a4c1384f224b68f4f15d272cf3b2405ce07680a89dde9f5d1a1c c:421b12227e35036edbc0d01f3c656d70de611a4183995a12581658a864f0ccaf - IN msg=RevokeAndAck(421b12227e35036edbc0d01f3c656d70de611a4183995a12581658a864f0ccaf,<private_key>,022f619da1dd3924472cc7f8ad202a4ff976afaee6a80e18acb788e1739f91aba3,TlvStream(Set(),Set()))
2025-05-23 14:30:05,682 DEBUG f.a.e.io.PeerConnection n:03b0faaedb96a4a4c1384f224b68f4f15d272cf3b2405ce07680a89dde9f5d1a1c - next ping scheduled in 30 seconds
2025-05-23 14:30:05,682 INFO  f.a.e.i.Peer n:03b0faaedb96a4a4c1384f224b68f4f15d272cf3b2405ce07680a89dde9f5d1a1c c:421b12227e35036edbc0d01f3c656d70de611a4183995a12581658a864f0ccaf - IN msg=RevokeAndAck(421b12227e35036edbc0d01f3c656d70de611a4183995a12581658a864f0ccaf,<private_key>,022f619da1dd3924472cc7f8ad202a4ff976afaee6a80e18acb788e1739f91aba3,TlvStream(Set(),Set()))
2025-05-23 14:30:05,682 INFO  f.a.e.c.fsm.Channel CON n:03b0faaedb96a4a4c1384f224b68f4f15d272cf3b2405ce07680a89dde9f5d1a1c c:421b12227e35036edbc0d01f3c656d70de611a4183995a12581658a864f0ccaf - setting remoteFundingStatus=Locked$ for fundingTxId=78ec39b91d705b10bed1b023f61995f0639bc804d587bd2eec4ebfc900c54431 fundingTxIndex=0
2025-05-23 14:30:05,684 DEBUG f.a.e.c.fsm.Channel CON n:03b0faaedb96a4a4c1384f224b68f4f15d272cf3b2405ce07680a89dde9f5d1a1c c:421b12227e35036edbc0d01f3c656d70de611a4183995a12581658a864f0ccaf - discarding proposed OUT: 
2025-05-23 14:30:05,684 DEBUG f.a.e.c.fsm.Channel CON n:03b0faaedb96a4a4c1384f224b68f4f15d272cf3b2405ce07680a89dde9f5d1a1c c:421b12227e35036edbc0d01f3c656d70de611a4183995a12581658a864f0ccaf - discarding proposed IN: 
2025-05-23 14:30:05,685 DEBUG f.a.e.c.fsm.Channel CON n:03b0faaedb96a4a4c1384f224b68f4f15d272cf3b2405ce07680a89dde9f5d1a1c c:421b12227e35036edbc0d01f3c656d70de611a4183995a12581658a864f0ccaf - localNextHtlcId=1->1
2025-05-23 14:30:05,685 DEBUG f.a.e.c.fsm.Channel CON n:03b0faaedb96a4a4c1384f224b68f4f15d272cf3b2405ce07680a89dde9f5d1a1c c:421b12227e35036edbc0d01f3c656d70de611a4183995a12581658a864f0ccaf - remoteNextHtlcId=0->0
2025-05-23 14:30:05,686 INFO  f.a.eclair.Diagnostics n:03b0faaedb96a4a4c1384f224b68f4f15d272cf3b2405ce07680a89dde9f5d1a1c c:421b12227e35036edbc0d01f3c656d70de611a4183995a12581658a864f0ccaf - IN msg=CommitSig(421b12227e35036edbc0d01f3c656d70de611a4183995a12581658a864f0ccaf,77724da4730a60cebfaa03867b152ce5c10f175b9523431ebf0e7e2e88046a251e3c86d9efd38b9e7061b4c76805f8f370767520f4a7d4af9fec7060c9090d37,List(07ab44122ccab488a2d25b418ae03f5ef7bcdd83d1ceeefb8de14777767e124118d311cf562356ace40f67dcc621e8310e1d362cf9d8f02413e7a30d8d0b6c56),TlvStream(Set(BatchTlv(2,78ec39b91d705b10bed1b023f61995f0639bc804d587bd2eec4ebfc900c54431)),Set()))
2025-05-23 14:30:05,686 DEBUG f.a.e.io.PeerConnection n:03b0faaedb96a4a4c1384f224b68f4f15d272cf3b2405ce07680a89dde9f5d1a1c - next ping scheduled in 30 seconds
2025-05-23 14:30:05,686 INFO  f.a.e.i.Peer n:03b0faaedb96a4a4c1384f224b68f4f15d272cf3b2405ce07680a89dde9f5d1a1c c:421b12227e35036edbc0d01f3c656d70de611a4183995a12581658a864f0ccaf - IN msg=CommitSig(421b12227e35036edbc0d01f3c656d70de611a4183995a12581658a864f0ccaf,77724da4730a60cebfaa03867b152ce5c10f175b9523431ebf0e7e2e88046a251e3c86d9efd38b9e7061b4c76805f8f370767520f4a7d4af9fec7060c9090d37,List(07ab44122ccab488a2d25b418ae03f5ef7bcdd83d1ceeefb8de14777767e124118d311cf562356ace40f67dcc621e8310e1d362cf9d8f02413e7a30d8d0b6c56),TlvStream(Set(BatchTlv(2,78ec39b91d705b10bed1b023f61995f0639bc804d587bd2eec4ebfc900c54431)),Set()))
2025-05-23 14:30:05,687 INFO  f.a.eclair.Diagnostics n:03b0faaedb96a4a4c1384f224b68f4f15d272cf3b2405ce07680a89dde9f5d1a1c c:421b12227e35036edbc0d01f3c656d70de611a4183995a12581658a864f0ccaf - IN msg=CommitSig(421b12227e35036edbc0d01f3c656d70de611a4183995a12581658a864f0ccaf,54643f76a7579f26b85087b74e3d1127496e90ca8a95b93be502c996ee9771f65c462667e347c5c3ad44d3e7b0e62a42685df542f2e61cdc9ecd7f0a3a61a70d,List(6533c909e822acf88287e15d3fe4be7f064d2938552b0aa1356d1966501f71713218d36376edca528b39dff6dfde9ba3913d0c06e47ffd9f2171fe789e896895),TlvStream(Set(BatchTlv(2,0a72488b9e0f287067c36ded1c8e955a7c2f22f27dce777049c5372eaf834652)),Set()))
2025-05-23 14:30:05,687 DEBUG f.a.e.io.PeerConnection n:03b0faaedb96a4a4c1384f224b68f4f15d272cf3b2405ce07680a89dde9f5d1a1c - next ping scheduled in 30 seconds
2025-05-23 14:30:05,687 INFO  f.a.e.i.Peer n:03b0faaedb96a4a4c1384f224b68f4f15d272cf3b2405ce07680a89dde9f5d1a1c c:421b12227e35036edbc0d01f3c656d70de611a4183995a12581658a864f0ccaf - IN msg=CommitSig(421b12227e35036edbc0d01f3c656d70de611a4183995a12581658a864f0ccaf,54643f76a7579f26b85087b74e3d1127496e90ca8a95b93be502c996ee9771f65c462667e347c5c3ad44d3e7b0e62a42685df542f2e61cdc9ecd7f0a3a61a70d,List(6533c909e822acf88287e15d3fe4be7f064d2938552b0aa1356d1966501f71713218d36376edca528b39dff6dfde9ba3913d0c06e47ffd9f2171fe789e896895),TlvStream(Set(BatchTlv(2,0a72488b9e0f287067c36ded1c8e955a7c2f22f27dce777049c5372eaf834652)),Set()))
2025-05-23 14:30:05,688 DEBUG f.a.e.io.PeerConnection SYN n:03b0faaedb96a4a4c1384f224b68f4f15d272cf3b2405ce07680a89dde9f5d1a1c - next ping scheduled in 30 seconds
2025-05-23 14:30:05,701 DEBUG f.a.e.c.fsm.Channel CON n:03b0faaedb96a4a4c1384f224b68f4f15d272cf3b2405ce07680a89dde9f5d1a1c c:421b12227e35036edbc0d01f3c656d70de611a4183995a12581658a864f0ccaf - nothing to replay
2025-05-23 14:30:05,702 DEBUG f.a.e.c.fsm.Channel n:03b0faaedb96a4a4c1384f224b68f4f15d272cf3b2405ce07680a89dde9f5d1a1c c:421b12227e35036edbc0d01f3c656d70de611a4183995a12581658a864f0ccaf - received a new rev, spec:
specs:
localcommit:
  toLocal: 515009000 msat
  toRemote: 0 msat
  htlcs:

remotecommit:
  toLocal: 0 msat
  toRemote: 415009000 msat
  htlcs:
    IN 0 CltvExpiry(337)
next remotecommit:
  toLocal: N/A
  toRemote: N/A
  htlcs:
N/A
2025-05-23 14:30:05,702 DEBUG f.a.e.c.fsm.Channel n:03b0faaedb96a4a4c1384f224b68f4f15d272cf3b2405ce07680a89dde9f5d1a1c c:421b12227e35036edbc0d01f3c656d70de611a4183995a12581658a864f0ccaf - updating database record for channelId=421b12227e35036edbc0d01f3c656d70de611a4183995a12581658a864f0ccaf
2025-05-23 14:30:05,708 DEBUG f.a.e.c.fsm.Channel n:03b0faaedb96a4a4c1384f224b68f4f15d272cf3b2405ce07680a89dde9f5d1a1c c:421b12227e35036edbc0d01f3c656d70de611a4183995a12581658a864f0ccaf - refreshing channel_update announcement (reason=Reconnected)
2025-05-23 14:30:05,708 DEBUG f.a.e.c.fsm.Channel n:03b0faaedb96a4a4c1384f224b68f4f15d272cf3b2405ce07680a89dde9f5d1a1c c:421b12227e35036edbc0d01f3c656d70de611a4183995a12581658a864f0ccaf - updating database record for channelId=421b12227e35036edbc0d01f3c656d70de611a4183995a12581658a864f0ccaf
2025-05-23 14:30:05,712 DEBUG f.a.e.c.fsm.Channel n:03b0faaedb96a4a4c1384f224b68f4f15d272cf3b2405ce07680a89dde9f5d1a1c c:421b12227e35036edbc0d01f3c656d70de611a4183995a12581658a864f0ccaf - emitting channel update event: reason=normal->normal sendToPeer=true channel_update=ChannelUpdate(8fe9407014e41867d90cf2fefb3da29ec76e3daf28c39008ee371b5ed89a4eb82a8bc850946bf033a4836f3570451891274454602c7ee8ffc7ad071e9ddaca08,06226e46111a0b59caaf126043eb5bbf28c34f3a5e332a1fc7b2b73cf188910f,0x30a8d13d32102e9,1748003405 unixsec,MessageFlags(true),ChannelFlags(true,true),CltvExpiryDelta(144),0 msat,1000 msat,100,225000000 msat,TlvStream(Set(),Set())) channel_announcement=None
2025-05-23 14:30:05,713 DEBUG f.a.e.c.fsm.Channel n:03b0faaedb96a4a4c1384f224b68f4f15d272cf3b2405ce07680a89dde9f5d1a1c c:421b12227e35036edbc0d01f3c656d70de611a4183995a12581658a864f0ccaf - received sig for batch of size=2 for fundingTxId=Some(78ec39b91d705b10bed1b023f61995f0639bc804d587bd2eec4ebfc900c54431)
2025-05-23 14:30:05,713 INFO  f.a.e.i.Peer SYN n:03b0faaedb96a4a4c1384f224b68f4f15d272cf3b2405ce07680a89dde9f5d1a1c - OUT msg=ChannelUpdate(b9b8e589287c5fe8307a28301d3da42b8a9772cd82ac9dffcb7306cf9e0eec7c72097f939bac29d231a6c1a61a461b5bca0933fc0863a4a44ead173b27f85210,06226e46111a0b59caaf126043eb5bbf28c34f3a5e332a1fc7b2b73cf188910f,0x8e7a335ff448b0f3,1748003405 unixsec,MessageFlags(true),ChannelFlags(true,true),CltvExpiryDelta(144),0 msat,1000 msat,100,225000000 msat,TlvStream(Set(),Set()))
2025-05-23 14:30:05,713 DEBUG f.a.e.c.fsm.Channel n:03b0faaedb96a4a4c1384f224b68f4f15d272cf3b2405ce07680a89dde9f5d1a1c c:421b12227e35036edbc0d01f3c656d70de611a4183995a12581658a864f0ccaf - received sig for batch of size=2 for fundingTxId=Some(0a72488b9e0f287067c36ded1c8e955a7c2f22f27dce777049c5372eaf834652)
2025-05-23 14:30:05,718 INFO  f.a.e.c.fsm.Channel n:03b0faaedb96a4a4c1384f224b68f4f15d272cf3b2405ce07680a89dde9f5d1a1c c:421b12227e35036edbc0d01f3c656d70de611a4183995a12581658a864f0ccaf - built local commit number=1 toLocalMsat=415009000 toRemoteMsat=0 htlc_in= htlc_out=0 feeratePerKw=316 sat/kw txid=919e80b9a5af9bf9ef5b1bb91b051dab2375732ce4f215da16717670bdfed889 fundingTxId=0a72488b9e0f287067c36ded1c8e955a7c2f22f27dce777049c5372eaf834652
2025-05-23 14:30:05,719 INFO  f.a.e.c.fsm.Channel n:03b0faaedb96a4a4c1384f224b68f4f15d272cf3b2405ce07680a89dde9f5d1a1c c:421b12227e35036edbc0d01f3c656d70de611a4183995a12581658a864f0ccaf - built local commit number=1 toLocalMsat=400000000 toRemoteMsat=0 htlc_in= htlc_out=0 feeratePerKw=316 sat/kw txid=1f3cb8fdee2927bf2bbb7b885dfc2ad0afa996da17ced06b6622f12e2b8480aa fundingTxId=78ec39b91d705b10bed1b023f61995f0639bc804d587bd2eec4ebfc900c54431
2025-05-23 14:30:05,720 DEBUG f.a.e.c.fsm.Channel n:03b0faaedb96a4a4c1384f224b68f4f15d272cf3b2405ce07680a89dde9f5d1a1c c:421b12227e35036edbc0d01f3c656d70de611a4183995a12581658a864f0ccaf - received a new sig, spec:
specs:
localcommit:
  toLocal: 415009000 msat
  toRemote: 0 msat
  htlcs:
    OUT 0 CltvExpiry(337)
remotecommit:
  toLocal: 0 msat
  toRemote: 415009000 msat
  htlcs:
    IN 0 CltvExpiry(337)
next remotecommit:
  toLocal: N/A
  toRemote: N/A
  htlcs:
N/A
2025-05-23 14:30:05,720 DEBUG f.a.e.c.fsm.Channel n:03b0faaedb96a4a4c1384f224b68f4f15d272cf3b2405ce07680a89dde9f5d1a1c c:421b12227e35036edbc0d01f3c656d70de611a4183995a12581658a864f0ccaf - updating database record for channelId=421b12227e35036edbc0d01f3c656d70de611a4183995a12581658a864f0ccaf
2025-05-23 14:30:05,725 INFO  f.a.e.i.Peer n:03b0faaedb96a4a4c1384f224b68f4f15d272cf3b2405ce07680a89dde9f5d1a1c c:421b12227e35036edbc0d01f3c656d70de611a4183995a12581658a864f0ccaf - OUT msg=RevokeAndAck(421b12227e35036edbc0d01f3c656d70de611a4183995a12581658a864f0ccaf,<private_key>,02d7051b787d5e250c8b6e41b8b839fd7c80eece78d1f978831d28bca82f31392e,TlvStream(Set(),Set()))
2025-05-23 14:30:05,725 INFO  f.a.eclair.Diagnostics n:03b0faaedb96a4a4c1384f224b68f4f15d272cf3b2405ce07680a89dde9f5d1a1c c:421b12227e35036edbc0d01f3c656d70de611a4183995a12581658a864f0ccaf - OUT msg=RevokeAndAck(421b12227e35036edbc0d01f3c656d70de611a4183995a12581658a864f0ccaf,<private_key>,02d7051b787d5e250c8b6e41b8b839fd7c80eece78d1f978831d28bca82f31392e,TlvStream(Set(),Set()))
2025-05-23 14:30:05,733 INFO  f.a.eclair.Diagnostics PAY n:03b0faaedb96a4a4c1384f224b68f4f15d272cf3b2405ce07680a89dde9f5d1a1c c:421b12227e35036edbc0d01f3c656d70de611a4183995a12581658a864f0ccaf - IN msg=UpdateFulfillHtlc(421b12227e35036edbc0d01f3c656d70de611a4183995a12581658a864f0ccaf,0,dd5cab14aec1a4f709d9edb1284f203d4b0c6eff2e091c2e25e6fd7a87affa04,TlvStream(Set(),Set()))
2025-05-23 14:30:05,733 DEBUG f.a.e.io.PeerConnection PAY n:03b0faaedb96a4a4c1384f224b68f4f15d272cf3b2405ce07680a89dde9f5d1a1c - next ping scheduled in 30 seconds
2025-05-23 14:30:05,733 INFO  f.a.e.i.Peer PAY n:03b0faaedb96a4a4c1384f224b68f4f15d272cf3b2405ce07680a89dde9f5d1a1c c:421b12227e35036edbc0d01f3c656d70de611a4183995a12581658a864f0ccaf - IN msg=UpdateFulfillHtlc(421b12227e35036edbc0d01f3c656d70de611a4183995a12581658a864f0ccaf,0,dd5cab14aec1a4f709d9edb1284f203d4b0c6eff2e091c2e25e6fd7a87affa04,TlvStream(Set(),Set()))
2025-05-23 14:30:05,747 INFO  f.a.eclair.Diagnostics n:03b0faaedb96a4a4c1384f224b68f4f15d272cf3b2405ce07680a89dde9f5d1a1c c:421b12227e35036edbc0d01f3c656d70de611a4183995a12581658a864f0ccaf - IN msg=CommitSig(421b12227e35036edbc0d01f3c656d70de611a4183995a12581658a864f0ccaf,0b00c8e9fd9e558bc23450a4a401f8a57c8d8598c69e42e1fdf90271dd10ae606792d15394c2d33eaadf5446e242bdbcc18ada3dd8127d3b29292d2b7f41b73f,List(),TlvStream(Set(BatchTlv(2,78ec39b91d705b10bed1b023f61995f0639bc804d587bd2eec4ebfc900c54431)),Set()))
2025-05-23 14:30:05,747 DEBUG f.a.e.io.PeerConnection n:03b0faaedb96a4a4c1384f224b68f4f15d272cf3b2405ce07680a89dde9f5d1a1c - next ping scheduled in 30 seconds
2025-05-23 14:30:05,747 INFO  f.a.e.i.Peer n:03b0faaedb96a4a4c1384f224b68f4f15d272cf3b2405ce07680a89dde9f5d1a1c c:421b12227e35036edbc0d01f3c656d70de611a4183995a12581658a864f0ccaf - IN msg=CommitSig(421b12227e35036edbc0d01f3c656d70de611a4183995a12581658a864f0ccaf,0b00c8e9fd9e558bc23450a4a401f8a57c8d8598c69e42e1fdf90271dd10ae606792d15394c2d33eaadf5446e242bdbcc18ada3dd8127d3b29292d2b7f41b73f,List(),TlvStream(Set(BatchTlv(2,78ec39b91d705b10bed1b023f61995f0639bc804d587bd2eec4ebfc900c54431)),Set()))
2025-05-23 14:30:05,747 INFO  f.a.eclair.Diagnostics n:03b0faaedb96a4a4c1384f224b68f4f15d272cf3b2405ce07680a89dde9f5d1a1c c:421b12227e35036edbc0d01f3c656d70de611a4183995a12581658a864f0ccaf - IN msg=CommitSig(421b12227e35036edbc0d01f3c656d70de611a4183995a12581658a864f0ccaf,0e4cb08dffb9c5cb832ffc2975b2c4ab5b58a907bbfae9047a36a8062a1d81d01afde2e160b19649eb226931c099279dd23b77373ee794bbaaf465b2bcb8eccb,List(),TlvStream(Set(BatchTlv(2,0a72488b9e0f287067c36ded1c8e955a7c2f22f27dce777049c5372eaf834652)),Set()))
2025-05-23 14:30:05,747 DEBUG f.a.e.io.PeerConnection n:03b0faaedb96a4a4c1384f224b68f4f15d272cf3b2405ce07680a89dde9f5d1a1c - next ping scheduled in 30 seconds
2025-05-23 14:30:05,747 DEBUG f.a.e.c.fsm.Channel n:03b0faaedb96a4a4c1384f224b68f4f15d272cf3b2405ce07680a89dde9f5d1a1c c:421b12227e35036edbc0d01f3c656d70de611a4183995a12581658a864f0ccaf - received sig for batch of size=2 for fundingTxId=Some(78ec39b91d705b10bed1b023f61995f0639bc804d587bd2eec4ebfc900c54431)
2025-05-23 14:30:05,747 INFO  f.a.e.i.Peer n:03b0faaedb96a4a4c1384f224b68f4f15d272cf3b2405ce07680a89dde9f5d1a1c c:421b12227e35036edbc0d01f3c656d70de611a4183995a12581658a864f0ccaf - IN msg=CommitSig(421b12227e35036edbc0d01f3c656d70de611a4183995a12581658a864f0ccaf,0e4cb08dffb9c5cb832ffc2975b2c4ab5b58a907bbfae9047a36a8062a1d81d01afde2e160b19649eb226931c099279dd23b77373ee794bbaaf465b2bcb8eccb,List(),TlvStream(Set(BatchTlv(2,0a72488b9e0f287067c36ded1c8e955a7c2f22f27dce777049c5372eaf834652)),Set()))
2025-05-23 14:30:05,748 DEBUG f.a.e.c.fsm.Channel n:03b0faaedb96a4a4c1384f224b68f4f15d272cf3b2405ce07680a89dde9f5d1a1c c:421b12227e35036edbc0d01f3c656d70de611a4183995a12581658a864f0ccaf - received sig for batch of size=2 for fundingTxId=Some(0a72488b9e0f287067c36ded1c8e955a7c2f22f27dce777049c5372eaf834652)
2025-05-23 14:30:05,750 INFO  f.a.e.c.fsm.Channel n:03b0faaedb96a4a4c1384f224b68f4f15d272cf3b2405ce07680a89dde9f5d1a1c c:421b12227e35036edbc0d01f3c656d70de611a4183995a12581658a864f0ccaf - built local commit number=2 toLocalMsat=415009000 toRemoteMsat=100000000 htlc_in= htlc_out= feeratePerKw=316 sat/kw txid=92a4c51c8c956631f40571226af3418ae14f32616e43164b9dfc6b3fa688d85b fundingTxId=0a72488b9e0f287067c36ded1c8e955a7c2f22f27dce777049c5372eaf834652
2025-05-23 14:30:05,751 INFO  f.a.e.c.fsm.Channel n:03b0faaedb96a4a4c1384f224b68f4f15d272cf3b2405ce07680a89dde9f5d1a1c c:421b12227e35036edbc0d01f3c656d70de611a4183995a12581658a864f0ccaf - built local commit number=2 toLocalMsat=400000000 toRemoteMsat=100000000 htlc_in= htlc_out= feeratePerKw=316 sat/kw txid=50bba89abc9e783618ee45fe45e9d02cc915b3c9d5ac82ccfc0d1ba086d66346 fundingTxId=78ec39b91d705b10bed1b023f61995f0639bc804d587bd2eec4ebfc900c54431
2025-05-23 14:30:05,752 DEBUG f.a.e.c.fsm.Channel n:03b0faaedb96a4a4c1384f224b68f4f15d272cf3b2405ce07680a89dde9f5d1a1c c:421b12227e35036edbc0d01f3c656d70de611a4183995a12581658a864f0ccaf - received a new sig, spec:
specs:
localcommit:
  toLocal: 415009000 msat
  toRemote: 100000000 msat
  htlcs:

remotecommit:
  toLocal: 0 msat
  toRemote: 415009000 msat
  htlcs:
    IN 0 CltvExpiry(337)
next remotecommit:
  toLocal: N/A
  toRemote: N/A
  htlcs:
N/A
2025-05-23 14:30:05,753 DEBUG f.a.e.c.fsm.Channel n:03b0faaedb96a4a4c1384f224b68f4f15d272cf3b2405ce07680a89dde9f5d1a1c c:421b12227e35036edbc0d01f3c656d70de611a4183995a12581658a864f0ccaf - updating database record for channelId=421b12227e35036edbc0d01f3c656d70de611a4183995a12581658a864f0ccaf
2025-05-23 14:30:05,761 INFO  f.a.e.i.Peer n:03b0faaedb96a4a4c1384f224b68f4f15d272cf3b2405ce07680a89dde9f5d1a1c c:421b12227e35036edbc0d01f3c656d70de611a4183995a12581658a864f0ccaf - OUT msg=RevokeAndAck(421b12227e35036edbc0d01f3c656d70de611a4183995a12581658a864f0ccaf,<private_key>,031480132483a1b357a9586ff71fc2144c61e7a50b74c846a16c941cded7977e16,TlvStream(Set(),Set()))
2025-05-23 14:30:05,761 INFO  f.a.eclair.Diagnostics n:03b0faaedb96a4a4c1384f224b68f4f15d272cf3b2405ce07680a89dde9f5d1a1c c:421b12227e35036edbc0d01f3c656d70de611a4183995a12581658a864f0ccaf - OUT msg=RevokeAndAck(421b12227e35036edbc0d01f3c656d70de611a4183995a12581658a864f0ccaf,<private_key>,031480132483a1b357a9586ff71fc2144c61e7a50b74c846a16c941cded7977e16,TlvStream(Set(),Set()))
2025-05-23 14:30:05,770 INFO  f.a.e.c.fsm.Channel n:03b0faaedb96a4a4c1384f224b68f4f15d272cf3b2405ce07680a89dde9f5d1a1c c:421b12227e35036edbc0d01f3c656d70de611a4183995a12581658a864f0ccaf - built remote commit number=2 toLocalMsat=100000000 toRemoteMsat=415009000 htlc_in= htlc_out= feeratePerKw=316 sat/kw txid=703624318f6dccb1a6e0f15684be36b11e4aba3bc32a4513cd8bbb0edc0a39e9 fundingTxId=0a72488b9e0f287067c36ded1c8e955a7c2f22f27dce777049c5372eaf834652
2025-05-23 14:30:05,772 INFO  f.a.e.c.fsm.Channel n:03b0faaedb96a4a4c1384f224b68f4f15d272cf3b2405ce07680a89dde9f5d1a1c c:421b12227e35036edbc0d01f3c656d70de611a4183995a12581658a864f0ccaf - built remote commit number=2 toLocalMsat=100000000 toRemoteMsat=400000000 htlc_in= htlc_out= feeratePerKw=316 sat/kw txid=c6a8abded1f485b0ad7b87cf2e2ea85647095f77bd79e2936f5368126cb62ca5 fundingTxId=78ec39b91d705b10bed1b023f61995f0639bc804d587bd2eec4ebfc900c54431
2025-05-23 14:30:05,773 DEBUG f.a.e.c.fsm.Channel n:03b0faaedb96a4a4c1384f224b68f4f15d272cf3b2405ce07680a89dde9f5d1a1c c:421b12227e35036edbc0d01f3c656d70de611a4183995a12581658a864f0ccaf - sending a new sig, spec:
specs:
localcommit:
  toLocal: 415009000 msat
  toRemote: 100000000 msat
  htlcs:

remotecommit:
  toLocal: 0 msat
  toRemote: 415009000 msat
  htlcs:
    IN 0 CltvExpiry(337)
next remotecommit:
  toLocal: 100000000 msat
  toRemote: 415009000 msat
  htlcs:

2025-05-23 14:30:05,773 DEBUG f.a.e.c.fsm.Channel n:03b0faaedb96a4a4c1384f224b68f4f15d272cf3b2405ce07680a89dde9f5d1a1c c:421b12227e35036edbc0d01f3c656d70de611a4183995a12581658a864f0ccaf - updating database record for channelId=421b12227e35036edbc0d01f3c656d70de611a4183995a12581658a864f0ccaf
2025-05-23 14:30:05,778 INFO  a.actor.LocalActorRef - Message [fr.acinq.eclair.payment.send.MultiPartPaymentLifecycle$PreimageReceived] from Actor[akka://eclair-node/user/$k/payment-initiator/$a#1850423860] to Actor[akka://eclair-node/user/$k/payment-initiator#2120945710] was unhandled. [2] dead letters encountered. This logging can be turned off or adjusted with configuration settings 'akka.log-dead-letters' and 'akka.log-dead-letters-during-shutdown'.
2025-05-23 14:30:05,778 INFO  a.a.DeadLetterActorRef - Message [fr.acinq.eclair.payment.PaymentSent] from Actor[akka://eclair-node/user/$k/payment-initiator#2120945710] to Actor[akka://eclair-node/deadLetters] was not delivered. [3] dead letters encountered. If this is not an expected behavior then Actor[akka://eclair-node/deadLetters] may have terminated unexpectedly. This logging can be turned off or adjusted with configuration settings 'akka.log-dead-letters' and 'akka.log-dead-letters-during-shutdown'.
2025-05-23 14:30:05,782 DEBUG f.a.e.c.fsm.Channel n:03b0faaedb96a4a4c1384f224b68f4f15d272cf3b2405ce07680a89dde9f5d1a1c c:421b12227e35036edbc0d01f3c656d70de611a4183995a12581658a864f0ccaf - scheduling acknowledgement of cmds ids=
2025-05-23 14:30:05,782 INFO  f.a.e.i.Peer n:03b0faaedb96a4a4c1384f224b68f4f15d272cf3b2405ce07680a89dde9f5d1a1c c:421b12227e35036edbc0d01f3c656d70de611a4183995a12581658a864f0ccaf - OUT msg=CommitSig(421b12227e35036edbc0d01f3c656d70de611a4183995a12581658a864f0ccaf,338c0b4a7964554c72b24d1ceaf75d799369795cd599f2db9178089d14aa211700d0b343f08ce8eeef7a1d4086a6da2846e9dc002554f33bc925bab751acf0ae,List(),TlvStream(Set(BatchTlv(2,0a72488b9e0f287067c36ded1c8e955a7c2f22f27dce777049c5372eaf834652)),Set()))
2025-05-23 14:30:05,782 INFO  f.a.e.i.Peer n:03b0faaedb96a4a4c1384f224b68f4f15d272cf3b2405ce07680a89dde9f5d1a1c c:421b12227e35036edbc0d01f3c656d70de611a4183995a12581658a864f0ccaf - OUT msg=CommitSig(421b12227e35036edbc0d01f3c656d70de611a4183995a12581658a864f0ccaf,faa94d48f6e4df5983514b7dd5aca6a310ddad4aa3700523855231b1a7b359eb3b418b7d39e9d04591de69a97e4665e1d26c5da593f3454f1c2e7c682be120b3,List(),TlvStream(Set(BatchTlv(2,78ec39b91d705b10bed1b023f61995f0639bc804d587bd2eec4ebfc900c54431)),Set()))
2025-05-23 14:30:05,783 INFO  f.a.eclair.Diagnostics n:03b0faaedb96a4a4c1384f224b68f4f15d272cf3b2405ce07680a89dde9f5d1a1c c:421b12227e35036edbc0d01f3c656d70de611a4183995a12581658a864f0ccaf - OUT msg=CommitSig(421b12227e35036edbc0d01f3c656d70de611a4183995a12581658a864f0ccaf,338c0b4a7964554c72b24d1ceaf75d799369795cd599f2db9178089d14aa211700d0b343f08ce8eeef7a1d4086a6da2846e9dc002554f33bc925bab751acf0ae,List(),TlvStream(Set(BatchTlv(2,0a72488b9e0f287067c36ded1c8e955a7c2f22f27dce777049c5372eaf834652)),Set()))
2025-05-23 14:30:05,792 INFO  f.a.eclair.Diagnostics n:03b0faaedb96a4a4c1384f224b68f4f15d272cf3b2405ce07680a89dde9f5d1a1c c:421b12227e35036edbc0d01f3c656d70de611a4183995a12581658a864f0ccaf - OUT msg=CommitSig(421b12227e35036edbc0d01f3c656d70de611a4183995a12581658a864f0ccaf,faa94d48f6e4df5983514b7dd5aca6a310ddad4aa3700523855231b1a7b359eb3b418b7d39e9d04591de69a97e4665e1d26c5da593f3454f1c2e7c682be120b3,List(),TlvStream(Set(BatchTlv(2,78ec39b91d705b10bed1b023f61995f0639bc804d587bd2eec4ebfc900c54431)),Set()))
2025-05-23 14:30:05,800 INFO  f.a.eclair.Diagnostics n:03b0faaedb96a4a4c1384f224b68f4f15d272cf3b2405ce07680a89dde9f5d1a1c c:421b12227e35036edbc0d01f3c656d70de611a4183995a12581658a864f0ccaf - IN msg=RevokeAndAck(421b12227e35036edbc0d01f3c656d70de611a4183995a12581658a864f0ccaf,<private_key>,02b4a64853e6cd628509586ad9258bfc378f5a8a9af5109a2237c179aced4292de,TlvStream(Set(),Set()))
2025-05-23 14:30:05,800 DEBUG f.a.e.io.PeerConnection n:03b0faaedb96a4a4c1384f224b68f4f15d272cf3b2405ce07680a89dde9f5d1a1c - next ping scheduled in 30 seconds
2025-05-23 14:30:05,800 INFO  f.a.e.i.Peer n:03b0faaedb96a4a4c1384f224b68f4f15d272cf3b2405ce07680a89dde9f5d1a1c c:421b12227e35036edbc0d01f3c656d70de611a4183995a12581658a864f0ccaf - IN msg=RevokeAndAck(421b12227e35036edbc0d01f3c656d70de611a4183995a12581658a864f0ccaf,<private_key>,02b4a64853e6cd628509586ad9258bfc378f5a8a9af5109a2237c179aced4292de,TlvStream(Set(),Set()))
2025-05-23 14:30:05,803 DEBUG f.a.e.c.fsm.Channel n:03b0faaedb96a4a4c1384f224b68f4f15d272cf3b2405ce07680a89dde9f5d1a1c c:421b12227e35036edbc0d01f3c656d70de611a4183995a12581658a864f0ccaf - received a new rev, spec:
specs:
localcommit:
  toLocal: 415009000 msat
  toRemote: 100000000 msat
  htlcs:

remotecommit:
  toLocal: 100000000 msat
  toRemote: 415009000 msat
  htlcs:

next remotecommit:
  toLocal: N/A
  toRemote: N/A
  htlcs:
N/A
2025-05-23 14:30:05,803 DEBUG f.a.e.c.fsm.Channel n:03b0faaedb96a4a4c1384f224b68f4f15d272cf3b2405ce07680a89dde9f5d1a1c c:421b12227e35036edbc0d01f3c656d70de611a4183995a12581658a864f0ccaf - updating database record for channelId=421b12227e35036edbc0d01f3c656d70de611a4183995a12581658a864f0ccaf
2025-05-23 14:30:35,824 DEBUG f.a.e.io.PeerConnection CON n:03b0faaedb96a4a4c1384f224b68f4f15d272cf3b2405ce07680a89dde9f5d1a1c - next ping scheduled in 30 seconds
2025-05-23 14:30:35,826 DEBUG f.a.e.io.PeerConnection CON n:03b0faaedb96a4a4c1384f224b68f4f15d272cf3b2405ce07680a89dde9f5d1a1c - received pong with latency=3 milliseconds
2025-05-23 14:31:05,842 DEBUG f.a.e.io.PeerConnection CON n:03b0faaedb96a4a4c1384f224b68f4f15d272cf3b2405ce07680a89dde9f5d1a1c - next ping scheduled in 30 seconds
2025-05-23 14:31:05,843 DEBUG f.a.e.io.PeerConnection CON n:03b0faaedb96a4a4c1384f224b68f4f15d272cf3b2405ce07680a89dde9f5d1a1c - received pong with latency=4 milliseconds
2025-05-23 14:31:13,799 INFO  f.a.e.c.fsm.Channel n:03b0faaedb96a4a4c1384f224b68f4f15d272cf3b2405ce07680a89dde9f5d1a1c c:421b12227e35036edbc0d01f3c656d70de611a4183995a12581658a864f0ccaf - funding txid=0a72488b9e0f287067c36ded1c8e955a7c2f22f27dce777049c5372eaf834652 was confirmed at blockHeight=160 txIndex=1
2025-05-23 14:31:13,799 INFO  f.a.e.c.fsm.Channel n:03b0faaedb96a4a4c1384f224b68f4f15d272cf3b2405ce07680a89dde9f5d1a1c c:421b12227e35036edbc0d01f3c656d70de611a4183995a12581658a864f0ccaf - setting localFundingStatus=ConfirmedFundingTx for fundingTxId=0a72488b9e0f287067c36ded1c8e955a7c2f22f27dce777049c5372eaf834652 fundingTxIndex=1
2025-05-23 14:31:13,801 DEBUG f.a.e.c.fsm.Channel n:03b0faaedb96a4a4c1384f224b68f4f15d272cf3b2405ce07680a89dde9f5d1a1c c:421b12227e35036edbc0d01f3c656d70de611a4183995a12581658a864f0ccaf - updating database record for channelId=421b12227e35036edbc0d01f3c656d70de611a4183995a12581658a864f0ccaf
2025-05-23 14:31:13,808 INFO  f.a.e.i.Peer n:03b0faaedb96a4a4c1384f224b68f4f15d272cf3b2405ce07680a89dde9f5d1a1c c:421b12227e35036edbc0d01f3c656d70de611a4183995a12581658a864f0ccaf - OUT msg=SpliceLocked(421b12227e35036edbc0d01f3c656d70de611a4183995a12581658a864f0ccaf,0a72488b9e0f287067c36ded1c8e955a7c2f22f27dce777049c5372eaf834652,TlvStream(Set(),Set()))
2025-05-23 14:31:13,809 INFO  f.a.eclair.Diagnostics n:03b0faaedb96a4a4c1384f224b68f4f15d272cf3b2405ce07680a89dde9f5d1a1c c:421b12227e35036edbc0d01f3c656d70de611a4183995a12581658a864f0ccaf - OUT msg=SpliceLocked(421b12227e35036edbc0d01f3c656d70de611a4183995a12581658a864f0ccaf,0a72488b9e0f287067c36ded1c8e955a7c2f22f27dce777049c5372eaf834652,TlvStream(Set(),Set()))
2025-05-23 14:31:15,718 INFO  f.a.eclair.Diagnostics n:03b0faaedb96a4a4c1384f224b68f4f15d272cf3b2405ce07680a89dde9f5d1a1c c:421b12227e35036edbc0d01f3c656d70de611a4183995a12581658a864f0ccaf - IN msg=SpliceLocked(421b12227e35036edbc0d01f3c656d70de611a4183995a12581658a864f0ccaf,0a72488b9e0f287067c36ded1c8e955a7c2f22f27dce777049c5372eaf834652,TlvStream(Set(),Set()))
2025-05-23 14:31:15,718 DEBUG f.a.e.io.PeerConnection n:03b0faaedb96a4a4c1384f224b68f4f15d272cf3b2405ce07680a89dde9f5d1a1c - next ping scheduled in 30 seconds
2025-05-23 14:31:15,718 INFO  f.a.e.i.Peer n:03b0faaedb96a4a4c1384f224b68f4f15d272cf3b2405ce07680a89dde9f5d1a1c c:421b12227e35036edbc0d01f3c656d70de611a4183995a12581658a864f0ccaf - IN msg=SpliceLocked(421b12227e35036edbc0d01f3c656d70de611a4183995a12581658a864f0ccaf,0a72488b9e0f287067c36ded1c8e955a7c2f22f27dce777049c5372eaf834652,TlvStream(Set(),Set()))
2025-05-23 14:31:15,718 INFO  f.a.e.c.fsm.Channel n:03b0faaedb96a4a4c1384f224b68f4f15d272cf3b2405ce07680a89dde9f5d1a1c c:421b12227e35036edbc0d01f3c656d70de611a4183995a12581658a864f0ccaf - setting remoteFundingStatus=Locked$ for fundingTxId=0a72488b9e0f287067c36ded1c8e955a7c2f22f27dce777049c5372eaf834652 fundingTxIndex=1
2025-05-23 14:31:15,718 INFO  f.a.e.c.fsm.Channel n:03b0faaedb96a4a4c1384f224b68f4f15d272cf3b2405ce07680a89dde9f5d1a1c c:421b12227e35036edbc0d01f3c656d70de611a4183995a12581658a864f0ccaf - setting remoteFundingStatus=Locked$ for fundingTxId=78ec39b91d705b10bed1b023f61995f0639bc804d587bd2eec4ebfc900c54431 fundingTxIndex=0
2025-05-23 14:31:15,719 INFO  f.a.e.c.fsm.Channel n:03b0faaedb96a4a4c1384f224b68f4f15d272cf3b2405ce07680a89dde9f5d1a1c c:421b12227e35036edbc0d01f3c656d70de611a4183995a12581658a864f0ccaf - deactivating commitment fundingTxIndex=0 fundingTxId=78ec39b91d705b10bed1b023f61995f0639bc804d587bd2eec4ebfc900c54431
2025-05-23 14:31:15,720 INFO  f.a.e.c.fsm.Channel n:03b0faaedb96a4a4c1384f224b68f4f15d272cf3b2405ce07680a89dde9f5d1a1c c:421b12227e35036edbc0d01f3c656d70de611a4183995a12581658a864f0ccaf - pruning commitment fundingTxIndex=0 fundingTxId=78ec39b91d705b10bed1b023f61995f0639bc804d587bd2eec4ebfc900c54431
2025-05-23 14:31:15,721 DEBUG f.a.e.c.fsm.Channel n:03b0faaedb96a4a4c1384f224b68f4f15d272cf3b2405ce07680a89dde9f5d1a1c c:421b12227e35036edbc0d01f3c656d70de611a4183995a12581658a864f0ccaf - updating database record for channelId=421b12227e35036edbc0d01f3c656d70de611a4183995a12581658a864f0ccaf
2025-05-23 14:31:15,726 DEBUG f.a.e.io.PeerConnection SYN n:03b0faaedb96a4a4c1384f224b68f4f15d272cf3b2405ce07680a89dde9f5d1a1c - next ping scheduled in 30 seconds
2025-05-23 14:31:31,519 INFO  f.a.eclair.EclairImpl - stopping eclair
