2025-05-23 14:26:24,210 INFO  fr.acinq.eclair.Plugin - loading 0 plugins
2025-05-23 14:26:24,365 INFO  a.e.slf4j.Slf4jLogger - Slf4jLogger started
2025-05-23 14:26:24,943 INFO  fr.acinq.eclair.Setup - hello!
2025-05-23 14:26:24,944 INFO  fr.acinq.eclair.Setup - version=0.13.0-SNAPSHOT commit=8370bd2
2025-05-23 14:26:24,944 INFO  fr.acinq.eclair.Setup - datadir=/home/remyers/github/lightning-cfg/.eclair/alice
2025-05-23 14:26:24,944 INFO  fr.acinq.eclair.Setup - initializing secure random generator
2025-05-23 14:26:24,982 INFO  f.a.eclair.NodeParams - create new seed file: /home/remyers/github/lightning-cfg/.eclair/alice/node_seed.dat
2025-05-23 14:26:24,982 INFO  f.a.eclair.NodeParams - create new seed file: /home/remyers/github/lightning-cfg/.eclair/alice/channel_seed.dat
2025-05-23 14:26:25,074 INFO  f.a.e.c.k.LocalOnChainKeyManager - using on-chain key manager wallet=eclair with xpub: bip84=vpub5YRMG6ZBf1WgHB5n3JdcRW1Qp6XsQhF2FfWFeL4npirVvf5WkTbQBw89XdY4LzPXoYmzc8pLBDPrwvP7a1UrNb23yATdVfR7fYVPCSfPdPR, bip86=tpubDCY4TLEZ2pZicEyTFdyKBAYn8N93gGmqtBLPPXHjt5HEphttqXspmQ3749PyMritQwhFSvEBtda1eamZHVHXQGHZR4PNksnevrwvbRLuy1f
2025-05-23 14:26:25,456 INFO  fr.acinq.eclair.Setup - bitcoind version=280100
2025-05-23 14:26:25,467 INFO  fr.acinq.eclair.Setup - current blockchain height=150
2025-05-23 14:26:25,468 INFO  fr.acinq.eclair.Setup - connecting to database with instanceId=0362dab9-42b1-4f6f-9f3c-a4c8abf7dd40
2025-05-23 14:26:25,646 INFO  fr.acinq.eclair.Setup - nodeid=03ece0a5b4b17bf01b7076d6e14631eb9d09deeda2dab44fcbe6e2f597fc177ce8 alias=alice
2025-05-23 14:26:25,646 INFO  fr.acinq.eclair.Setup - using chain=regtest chainHash=06226e46111a0b59caaf126043eb5bbf28c34f3a5e332a1fc7b2b73cf188910f
2025-05-23 14:26:25,785 INFO  fr.acinq.eclair.Setup - current bitcoin core feerates: min=1 sat/byte slow=1 sat/byte medium=1 sat/byte fast=1 sat/byte fastest=1 sat/byte
2025-05-23 14:26:25,846 INFO  f.a.eclair.router.Router - loading network announcements from db...
2025-05-23 14:26:25,849 INFO  f.a.eclair.router.Router - loaded from db: channels=0 nodes=0
2025-05-23 14:26:25,850 INFO  f.a.eclair.router.Router - 0 pruned channels at blockHeight=150
2025-05-23 14:26:25,866 INFO  f.a.eclair.router.Router - initialization completed, ready to process messages
2025-05-23 14:26:25,875 INFO  fr.acinq.eclair.Setup - initial address=bcrt1q3hke3v0w2rpzkfj73j4eahfezxpfppygdu6q7h for bitcoin wallet=(default)
2025-05-23 14:26:25,989 INFO  akka.actor.ActorCell - channels listener is ready
2025-05-23 14:26:26,021 INFO  f.a.e.p.r.PostRestartHtlcCleaner - htlcsIn=0 notRelayed=0 relayedOut=0
2025-05-23 14:26:26,021 INFO  f.a.e.p.r.PostRestartHtlcCleaner - notRelayed=List()
2025-05-23 14:26:26,021 INFO  f.a.e.p.r.PostRestartHtlcCleaner - relayedOut=Map()
2025-05-23 14:26:26,028 INFO  f.a.e.i.PendingChannelsRateLimiter - restored 0 public peers with pending channel opens
2025-05-23 14:26:26,028 INFO  f.a.e.i.PendingChannelsRateLimiter - restored 0 private peers with pending channel opens
2025-05-23 14:26:26,028 DEBUG f.a.e.i.PendingChannelsRateLimiter - stashed commands: 0
2025-05-23 14:26:26,032 INFO  f.a.e.io.Switchboard - restoring 0 peer(s) with 0 channel(s) and 0 peers with pending on-the-fly funding
2025-05-23 14:26:26,052 INFO  f.acinq.eclair.io.Server CON - bound on /[0:0:0:0:0:0:0:0]:9735
2025-05-23 14:26:26,890 INFO  f.a.e.b.b.zmq.ZMQActor - connected to tcp://127.0.0.1:29000
2025-05-23 14:26:26,891 INFO  f.a.e.b.b.zmq.ZMQActor - connected to tcp://127.0.0.1:29001
2025-05-23 14:26:26,895 INFO  fr.acinq.eclair.Boot - json API enabled on port=9000
2025-05-23 14:26:38,574 DEBUG f.a.e.io.Switchboard - creating new peer (current=0)
2025-05-23 14:26:38,586 DEBUG f.a.e.i.ReconnectionTask CON n:02da9401ccf8a9742c3b340b505fad514e6db1cb4a9838b12441642e2bf7877b1a - connecting to 127.0.0.1:9737
2025-05-23 14:26:38,586 INFO  f.a.e.io.ClientSpawner - initiating new connection to nodeId=02da9401ccf8a9742c3b340b505fad514e6db1cb4a9838b12441642e2bf7877b1a origin=Actor[akka://eclair-node/deadLetters]
2025-05-23 14:26:38,592 INFO  f.acinq.eclair.io.Client CON n:02da9401ccf8a9742c3b340b505fad514e6db1cb4a9838b12441642e2bf7877b1a - connected to 127.0.0.1:9737
2025-05-23 14:26:38,620 INFO  f.a.e.io.PeerConnection CON n:02da9401ccf8a9742c3b340b505fad514e6db1cb4a9838b12441642e2bf7877b1a - connection authenticated (direction=outgoing)
2025-05-23 14:26:38,622 DEBUG f.a.e.io.PeerConnection CON n:02da9401ccf8a9742c3b340b505fad514e6db1cb4a9838b12441642e2bf7877b1a - using features=option_simple_close:optional,option_route_blinding:optional,option_dual_fund:optional,gossip_queries_ex:optional,option_quiesce:optional,option_data_loss_protect:mandatory,option_static_remotekey:mandatory,option_scid_alias:optional,option_onion_messages:optional,option_support_large_channel:optional,option_anchors_zero_fee_htlc_tx:optional,payment_secret:mandatory,option_shutdown_anysegwit:optional,option_channel_type:mandatory,basic_mpp:optional,gossip_queries:optional,var_onion_optin:mandatory,option_splice:optional
2025-05-23 14:26:38,637 DEBUG f.a.e.io.PeerConnection CON n:02da9401ccf8a9742c3b340b505fad514e6db1cb4a9838b12441642e2bf7877b1a - next ping scheduled in 30 seconds
2025-05-23 14:26:38,638 INFO  f.a.e.io.PeerConnection CON n:02da9401ccf8a9742c3b340b505fad514e6db1cb4a9838b12441642e2bf7877b1a - peer is using features=option_upfront_shutdown_script:optional,option_route_blinding:optional,option_zeroconf:optional,option_dual_fund:optional,gossip_queries_ex:optional,option_quiesce:optional,option_data_loss_protect:mandatory,option_static_remotekey:mandatory,option_scid_alias:optional,option_onion_messages:optional,option_support_large_channel:optional,option_anchors_zero_fee_htlc_tx:optional,payment_secret:mandatory,option_shutdown_anysegwit:optional,option_channel_type:optional,basic_mpp:optional,gossip_queries:optional,var_onion_optin:mandatory,option_splice:optional, networks=06226e46111a0b59caaf126043eb5bbf28c34f3a5e332a1fc7b2b73cf188910f
2025-05-23 14:26:38,638 INFO  f.a.e.io.PeerConnection CON n:02da9401ccf8a9742c3b340b505fad514e6db1cb4a9838b12441642e2bf7877b1a - peer reports that our IP address is 127.0.0.1:45402 (public=false)
2025-05-23 14:26:38,640 INFO  f.a.e.io.PeerConnection CON n:02da9401ccf8a9742c3b340b505fad514e6db1cb4a9838b12441642e2bf7877b1a - not syncing with this peer
2025-05-23 14:26:38,640 DEBUG f.a.e.io.PeerConnection CON n:02da9401ccf8a9742c3b340b505fad514e6db1cb4a9838b12441642e2bf7877b1a - rebroadcast will be delayed by 18 seconds
2025-05-23 14:26:38,641 DEBUG fr.acinq.eclair.io.Peer CON n:02da9401ccf8a9742c3b340b505fad514e6db1cb4a9838b12441642e2bf7877b1a - got authenticated connection to address 127.0.0.1:9737
2025-05-23 14:26:38,643 DEBUG f.a.e.io.PeerConnection SYN n:02da9401ccf8a9742c3b340b505fad514e6db1cb4a9838b12441642e2bf7877b1a - next ping scheduled in 30 seconds
2025-05-23 14:26:38,643 INFO  f.a.e.io.PeerConnection SYN n:02da9401ccf8a9742c3b340b505fad514e6db1cb4a9838b12441642e2bf7877b1a - setting up gossipTimestampFilter=GossipTimestampFilter(06226e46111a0b59caaf126043eb5bbf28c34f3a5e332a1fc7b2b73cf188910f,0 unixsec,4294967295,TlvStream(Set(),Set()))
2025-05-23 14:26:38,648 DEBUG f.a.e.i.ReconnectionTask CON n:02da9401ccf8a9742c3b340b505fad514e6db1cb4a9838b12441642e2bf7877b1a - peer is connected
2025-05-23 14:26:38,704 INFO  fr.acinq.eclair.io.Peer n:02da9401ccf8a9742c3b340b505fad514e6db1cb4a9838b12441642e2bf7877b1a - requesting a new channel with type=anchor_outputs_zero_fee_htlc_tx+scid_alias fundingAmount=500000 sat dualFunded=true pushAmount=None fundingFeerate=253 sat/kw temporaryChannelId=83ebed4d0cbba5026ace08ad34d840cba2477f2f5ee46ed1c5f90e4966376ad1 localParams=LocalParams(03ece0a5b4b17bf01b7076d6e14631eb9d09deeda2dab44fcbe6e2f597fc177ce8,m/629260129/507049208/439903478'/219105746'/925662332'/288443654'/549667600/1752265171'/1',546 sat,225000000 msat,None,1 msat,CltvExpiryDelta(720),30,true,true,None,None,option_simple_close:optional,option_route_blinding:optional,option_dual_fund:optional,gossip_queries_ex:optional,option_quiesce:optional,option_data_loss_protect:mandatory,option_static_remotekey:mandatory,option_scid_alias:optional,option_onion_messages:optional,option_support_large_channel:optional,option_anchors_zero_fee_htlc_tx:optional,payment_secret:mandatory,option_shutdown_anysegwit:optional,option_channel_type:mandatory,basic_mpp:optional,gossip_queries:optional,var_onion_optin:mandatory,option_splice:optional)
2025-05-23 14:26:38,736 INFO  f.a.e.i.Peer n:02da9401ccf8a9742c3b340b505fad514e6db1cb4a9838b12441642e2bf7877b1a c:83ebed4d0cbba5026ace08ad34d840cba2477f2f5ee46ed1c5f90e4966376ad1 - OUT msg=OpenDualFundedChannel(06226e46111a0b59caaf126043eb5bbf28c34f3a5e332a1fc7b2b73cf188910f,83ebed4d0cbba5026ace08ad34d840cba2477f2f5ee46ed1c5f90e4966376ad1,253 sat/kw,316 sat/kw,500000 sat,546 sat,225000000,1 msat,CltvExpiryDelta(720),30,150,03d789cc3bd050d944f7f1117176c4776e8c6c3ca4ac5f12416456064851e548fe,02c20b8dae870fa04633568bb3ad6cc9c0acb68767525ef03db730fdff7f4b9e42,024251ed9906e3e0563f0f721ad21dbe507e4d91a3579eaf340be00c8dd802a02c,03ea1071ccf7c092ddda76cccaf615844b8b6acaa9ad84a0c073b075759d568d5e,03b2a784cec249851e4c6caa6142eb47bd25c34fa54ba4d8d2674fc1f9d0682bcf,02ff09054317cc3e0c75243fa7686447a55f8c42bd812e2b814d9a114697a45108,03dcc5ad7a2cc09d626399cd7e5e23308132bf79392245c571d84f80f6a09294f2,ChannelFlags(announceChannel=false, nonInitiatorPaysCommitFees=false),TlvStream(Set(ChannelTypeTlv(anchor_outputs_zero_fee_htlc_tx+scid_alias)),Set()))
2025-05-23 14:26:38,737 INFO  f.a.eclair.Diagnostics n:02da9401ccf8a9742c3b340b505fad514e6db1cb4a9838b12441642e2bf7877b1a c:83ebed4d0cbba5026ace08ad34d840cba2477f2f5ee46ed1c5f90e4966376ad1 - OUT msg=OpenDualFundedChannel(06226e46111a0b59caaf126043eb5bbf28c34f3a5e332a1fc7b2b73cf188910f,83ebed4d0cbba5026ace08ad34d840cba2477f2f5ee46ed1c5f90e4966376ad1,253 sat/kw,316 sat/kw,500000 sat,546 sat,225000000,1 msat,CltvExpiryDelta(720),30,150,03d789cc3bd050d944f7f1117176c4776e8c6c3ca4ac5f12416456064851e548fe,02c20b8dae870fa04633568bb3ad6cc9c0acb68767525ef03db730fdff7f4b9e42,024251ed9906e3e0563f0f721ad21dbe507e4d91a3579eaf340be00c8dd802a02c,03ea1071ccf7c092ddda76cccaf615844b8b6acaa9ad84a0c073b075759d568d5e,03b2a784cec249851e4c6caa6142eb47bd25c34fa54ba4d8d2674fc1f9d0682bcf,02ff09054317cc3e0c75243fa7686447a55f8c42bd812e2b814d9a114697a45108,03dcc5ad7a2cc09d626399cd7e5e23308132bf79392245c571d84f80f6a09294f2,ChannelFlags(announceChannel=false, nonInitiatorPaysCommitFees=false),TlvStream(Set(ChannelTypeTlv(anchor_outputs_zero_fee_htlc_tx+scid_alias)),Set()))
2025-05-23 14:26:38,749 INFO  f.a.eclair.Diagnostics n:02da9401ccf8a9742c3b340b505fad514e6db1cb4a9838b12441642e2bf7877b1a c:83ebed4d0cbba5026ace08ad34d840cba2477f2f5ee46ed1c5f90e4966376ad1 - IN msg=AcceptDualFundedChannel(83ebed4d0cbba5026ace08ad34d840cba2477f2f5ee46ed1c5f90e4966376ad1,0 sat,546 sat,18446744073709551615,0 msat,9,CltvExpiryDelta(6),483,03ba22657ec881c12651e3b865e6a2cfa1b963fe0c6c9d4834f00a7bb9f4ed0183,02eda17d9aef89fcbce04ae9b5606a27dd30e98e7693dc34b048f6a7af859e447c,03d0def7559308fa06dcadedb5b6ca4c3b126dc7e68c1a2896bd89a270430c0a45,035aaa90939c4bdb82daab667e854ffa333cc09f341dabb94ac718f2c079bf9568,038f2c10fdaa0618565266766d2ed7e2ee70a14f84261731e6456e25e30266c576,035358b8df901efe3aa153ff0c5c803243e8a74d794d5a044ae1c3bf49a94ac8cb,02e92752fdc1c30a3077cbddb940fedc36ccbb19660c705477c0585eb23cf4c11c,TlvStream(Set(ChannelTypeTlv(anchor_outputs_zero_fee_htlc_tx+scid_alias)),Set()))
2025-05-23 14:26:38,749 DEBUG f.a.e.io.PeerConnection n:02da9401ccf8a9742c3b340b505fad514e6db1cb4a9838b12441642e2bf7877b1a - next ping scheduled in 30 seconds
2025-05-23 14:26:38,749 INFO  f.a.e.i.Peer n:02da9401ccf8a9742c3b340b505fad514e6db1cb4a9838b12441642e2bf7877b1a c:83ebed4d0cbba5026ace08ad34d840cba2477f2f5ee46ed1c5f90e4966376ad1 - IN msg=AcceptDualFundedChannel(83ebed4d0cbba5026ace08ad34d840cba2477f2f5ee46ed1c5f90e4966376ad1,0 sat,546 sat,18446744073709551615,0 msat,9,CltvExpiryDelta(6),483,03ba22657ec881c12651e3b865e6a2cfa1b963fe0c6c9d4834f00a7bb9f4ed0183,02eda17d9aef89fcbce04ae9b5606a27dd30e98e7693dc34b048f6a7af859e447c,03d0def7559308fa06dcadedb5b6ca4c3b126dc7e68c1a2896bd89a270430c0a45,035aaa90939c4bdb82daab667e854ffa333cc09f341dabb94ac718f2c079bf9568,038f2c10fdaa0618565266766d2ed7e2ee70a14f84261731e6456e25e30266c576,035358b8df901efe3aa153ff0c5c803243e8a74d794d5a044ae1c3bf49a94ac8cb,02e92752fdc1c30a3077cbddb940fedc36ccbb19660c705477c0585eb23cf4c11c,TlvStream(Set(ChannelTypeTlv(anchor_outputs_zero_fee_htlc_tx+scid_alias)),Set()))
2025-05-23 14:26:38,756 INFO  fr.acinq.eclair.io.Peer n:02da9401ccf8a9742c3b340b505fad514e6db1cb4a9838b12441642e2bf7877b1a - channel id switch: previousId=83ebed4d0cbba5026ace08ad34d840cba2477f2f5ee46ed1c5f90e4966376ad1 nextId=8954271c4e338710f87f4d859755d26dfe43dfc21cb9ab7541e10614d5ab5aae
2025-05-23 14:26:38,756 DEBUG f.a.e.c.fsm.Channel n:02da9401ccf8a9742c3b340b505fad514e6db1cb4a9838b12441642e2bf7877b1a c:83ebed4d0cbba5026ace08ad34d840cba2477f2f5ee46ed1c5f90e4966376ad1 - remote params: RemoteParams(02da9401ccf8a9742c3b340b505fad514e6db1cb4a9838b12441642e2bf7877b1a,546 sat,18446744073709551615,None,0 msat,CltvExpiryDelta(6),483,02eda17d9aef89fcbce04ae9b5606a27dd30e98e7693dc34b048f6a7af859e447c,03d0def7559308fa06dcadedb5b6ca4c3b126dc7e68c1a2896bd89a270430c0a45,035aaa90939c4bdb82daab667e854ffa333cc09f341dabb94ac718f2c079bf9568,038f2c10fdaa0618565266766d2ed7e2ee70a14f84261731e6456e25e30266c576,option_upfront_shutdown_script:optional,option_route_blinding:optional,option_zeroconf:optional,option_dual_fund:optional,gossip_queries_ex:optional,option_quiesce:optional,option_data_loss_protect:mandatory,option_static_remotekey:mandatory,option_scid_alias:optional,option_onion_messages:optional,option_support_large_channel:optional,option_anchors_zero_fee_htlc_tx:optional,payment_secret:mandatory,option_shutdown_anysegwit:optional,option_channel_type:optional,basic_mpp:optional,gossip_queries:optional,var_onion_optin:mandatory,option_splice:optional,None)
2025-05-23 14:26:38,757 DEBUG f.a.e.io.PeerConnection n:02da9401ccf8a9742c3b340b505fad514e6db1cb4a9838b12441642e2bf7877b1a - sending sync channel range query with flags_opt=Some(QueryFlags(3)) replacePrevious=false
2025-05-23 14:26:38,762 DEBUG f.a.e.io.PeerConnection SYN n:02da9401ccf8a9742c3b340b505fad514e6db1cb4a9838b12441642e2bf7877b1a - next ping scheduled in 30 seconds
2025-05-23 14:26:38,763 INFO  f.a.eclair.router.Router SYN n:02da9401ccf8a9742c3b340b505fad514e6db1cb4a9838b12441642e2bf7877b1a - received empty reply_channel_range, sync is complete
2025-05-23 14:26:38,966 DEBUG f.a.e.c.f.InteractiveTxFunder n:02da9401ccf8a9742c3b340b505fad514e6db1cb4a9838b12441642e2bf7877b1a c:8954271c4e338710f87f4d859755d26dfe43dfc21cb9ab7541e10614d5ab5aae - added 1 inputs and 2 outputs to interactive tx
2025-05-23 14:26:38,968 INFO  f.a.e.c.f.InteractiveTxBuilder n:02da9401ccf8a9742c3b340b505fad514e6db1cb4a9838b12441642e2bf7877b1a c:8954271c4e338710f87f4d859755d26dfe43dfc21cb9ab7541e10614d5ab5aae - adding local input fe99a95bfd9dffa6ab898a8d60e1dd394830fd0c0567131fc7eca28b32340917:0 to interactive-tx
2025-05-23 14:26:38,970 INFO  f.a.e.i.Peer n:02da9401ccf8a9742c3b340b505fad514e6db1cb4a9838b12441642e2bf7877b1a c:8954271c4e338710f87f4d859755d26dfe43dfc21cb9ab7541e10614d5ab5aae - OUT msg=TxAddInput(8954271c4e338710f87f4d859755d26dfe43dfc21cb9ab7541e10614d5ab5aae,0,Some(02000000010000000000000000000000000000000000000000000000000000000000000000ffffffff03012c00ffffffff0200f2052a010000001600144f3a9e5ac4c1784c8d0bcda0152422ee9fec9df30000000000000000266a24aa21a9ede2f61c3f71d1defd3fa999dfa36953755c690689799962b48bebd836974e8cf900000000),0,4294967293,TlvStream(Set(),Set()))
2025-05-23 14:26:38,970 INFO  f.a.eclair.Diagnostics n:02da9401ccf8a9742c3b340b505fad514e6db1cb4a9838b12441642e2bf7877b1a c:8954271c4e338710f87f4d859755d26dfe43dfc21cb9ab7541e10614d5ab5aae - OUT msg=TxAddInput(8954271c4e338710f87f4d859755d26dfe43dfc21cb9ab7541e10614d5ab5aae,0,Some(02000000010000000000000000000000000000000000000000000000000000000000000000ffffffff03012c00ffffffff0200f2052a010000001600144f3a9e5ac4c1784c8d0bcda0152422ee9fec9df30000000000000000266a24aa21a9ede2f61c3f71d1defd3fa999dfa36953755c690689799962b48bebd836974e8cf900000000),0,4294967293,TlvStream(Set(),Set()))
2025-05-23 14:26:38,973 INFO  f.a.eclair.Diagnostics n:02da9401ccf8a9742c3b340b505fad514e6db1cb4a9838b12441642e2bf7877b1a c:8954271c4e338710f87f4d859755d26dfe43dfc21cb9ab7541e10614d5ab5aae - IN msg=TxComplete(8954271c4e338710f87f4d859755d26dfe43dfc21cb9ab7541e10614d5ab5aae,TlvStream(Set(),Set()))
2025-05-23 14:26:38,973 DEBUG f.a.e.io.PeerConnection n:02da9401ccf8a9742c3b340b505fad514e6db1cb4a9838b12441642e2bf7877b1a - next ping scheduled in 30 seconds
2025-05-23 14:26:38,974 INFO  f.a.e.i.Peer n:02da9401ccf8a9742c3b340b505fad514e6db1cb4a9838b12441642e2bf7877b1a c:8954271c4e338710f87f4d859755d26dfe43dfc21cb9ab7541e10614d5ab5aae - IN msg=TxComplete(8954271c4e338710f87f4d859755d26dfe43dfc21cb9ab7541e10614d5ab5aae,TlvStream(Set(),Set()))
2025-05-23 14:26:38,975 INFO  f.a.e.i.Peer n:02da9401ccf8a9742c3b340b505fad514e6db1cb4a9838b12441642e2bf7877b1a c:8954271c4e338710f87f4d859755d26dfe43dfc21cb9ab7541e10614d5ab5aae - OUT msg=TxAddOutput(8954271c4e338710f87f4d859755d26dfe43dfc21cb9ab7541e10614d5ab5aae,2,500000 sat,ByteVector(34 bytes, 0x00206ae031650b682aa16f5dafbd2c407368705dc2d70fbdc2fd79463a7bce46d743),TlvStream(Set(),Set()))
2025-05-23 14:26:38,975 INFO  f.a.eclair.Diagnostics n:02da9401ccf8a9742c3b340b505fad514e6db1cb4a9838b12441642e2bf7877b1a c:8954271c4e338710f87f4d859755d26dfe43dfc21cb9ab7541e10614d5ab5aae - OUT msg=TxAddOutput(8954271c4e338710f87f4d859755d26dfe43dfc21cb9ab7541e10614d5ab5aae,2,500000 sat,ByteVector(34 bytes, 0x00206ae031650b682aa16f5dafbd2c407368705dc2d70fbdc2fd79463a7bce46d743),TlvStream(Set(),Set()))
2025-05-23 14:26:38,977 INFO  f.a.eclair.Diagnostics n:02da9401ccf8a9742c3b340b505fad514e6db1cb4a9838b12441642e2bf7877b1a c:8954271c4e338710f87f4d859755d26dfe43dfc21cb9ab7541e10614d5ab5aae - IN msg=TxComplete(8954271c4e338710f87f4d859755d26dfe43dfc21cb9ab7541e10614d5ab5aae,TlvStream(Set(),Set()))
2025-05-23 14:26:38,977 DEBUG f.a.e.io.PeerConnection n:02da9401ccf8a9742c3b340b505fad514e6db1cb4a9838b12441642e2bf7877b1a - next ping scheduled in 30 seconds
2025-05-23 14:26:38,978 INFO  f.a.e.i.Peer n:02da9401ccf8a9742c3b340b505fad514e6db1cb4a9838b12441642e2bf7877b1a c:8954271c4e338710f87f4d859755d26dfe43dfc21cb9ab7541e10614d5ab5aae - IN msg=TxComplete(8954271c4e338710f87f4d859755d26dfe43dfc21cb9ab7541e10614d5ab5aae,TlvStream(Set(),Set()))
2025-05-23 14:26:38,978 INFO  f.a.e.i.Peer n:02da9401ccf8a9742c3b340b505fad514e6db1cb4a9838b12441642e2bf7877b1a c:8954271c4e338710f87f4d859755d26dfe43dfc21cb9ab7541e10614d5ab5aae - OUT msg=TxAddOutput(8954271c4e338710f87f4d859755d26dfe43dfc21cb9ab7541e10614d5ab5aae,4,4999499833 sat,ByteVector(34 bytes, 0x5120608da8cedfdb48c8202b40a6455162ffcd9f41d220967f74d5846c23656360c2),TlvStream(Set(),Set()))
2025-05-23 14:26:38,978 INFO  f.a.eclair.Diagnostics n:02da9401ccf8a9742c3b340b505fad514e6db1cb4a9838b12441642e2bf7877b1a c:8954271c4e338710f87f4d859755d26dfe43dfc21cb9ab7541e10614d5ab5aae - OUT msg=TxAddOutput(8954271c4e338710f87f4d859755d26dfe43dfc21cb9ab7541e10614d5ab5aae,4,4999499833 sat,ByteVector(34 bytes, 0x5120608da8cedfdb48c8202b40a6455162ffcd9f41d220967f74d5846c23656360c2),TlvStream(Set(),Set()))
2025-05-23 14:26:38,980 INFO  f.a.eclair.Diagnostics n:02da9401ccf8a9742c3b340b505fad514e6db1cb4a9838b12441642e2bf7877b1a c:8954271c4e338710f87f4d859755d26dfe43dfc21cb9ab7541e10614d5ab5aae - IN msg=TxComplete(8954271c4e338710f87f4d859755d26dfe43dfc21cb9ab7541e10614d5ab5aae,TlvStream(Set(),Set()))
2025-05-23 14:26:38,980 DEBUG f.a.e.io.PeerConnection n:02da9401ccf8a9742c3b340b505fad514e6db1cb4a9838b12441642e2bf7877b1a - next ping scheduled in 30 seconds
2025-05-23 14:26:38,980 INFO  f.a.e.i.Peer n:02da9401ccf8a9742c3b340b505fad514e6db1cb4a9838b12441642e2bf7877b1a c:8954271c4e338710f87f4d859755d26dfe43dfc21cb9ab7541e10614d5ab5aae - IN msg=TxComplete(8954271c4e338710f87f4d859755d26dfe43dfc21cb9ab7541e10614d5ab5aae,TlvStream(Set(),Set()))
2025-05-23 14:26:38,981 INFO  f.a.e.i.Peer n:02da9401ccf8a9742c3b340b505fad514e6db1cb4a9838b12441642e2bf7877b1a c:8954271c4e338710f87f4d859755d26dfe43dfc21cb9ab7541e10614d5ab5aae - OUT msg=TxComplete(8954271c4e338710f87f4d859755d26dfe43dfc21cb9ab7541e10614d5ab5aae,TlvStream(Set(),Set()))
2025-05-23 14:26:38,981 INFO  f.a.eclair.Diagnostics n:02da9401ccf8a9742c3b340b505fad514e6db1cb4a9838b12441642e2bf7877b1a c:8954271c4e338710f87f4d859755d26dfe43dfc21cb9ab7541e10614d5ab5aae - OUT msg=TxComplete(8954271c4e338710f87f4d859755d26dfe43dfc21cb9ab7541e10614d5ab5aae,TlvStream(Set(),Set()))
2025-05-23 14:26:38,989 INFO  f.a.eclair.Diagnostics n:02da9401ccf8a9742c3b340b505fad514e6db1cb4a9838b12441642e2bf7877b1a c:8954271c4e338710f87f4d859755d26dfe43dfc21cb9ab7541e10614d5ab5aae - IN msg=CommitSig(8954271c4e338710f87f4d859755d26dfe43dfc21cb9ab7541e10614d5ab5aae,5206f875e900eb378892ed59c74684939d82201fb06f31dc25f637fb619092f14b5e7ef5e048d3f28379059ccf1996abecea1550fe6f01018e95b16655c87010,List(),TlvStream(Set(),Set()))
2025-05-23 14:26:38,989 DEBUG f.a.e.io.PeerConnection n:02da9401ccf8a9742c3b340b505fad514e6db1cb4a9838b12441642e2bf7877b1a - next ping scheduled in 30 seconds
2025-05-23 14:26:38,989 INFO  f.a.e.i.Peer n:02da9401ccf8a9742c3b340b505fad514e6db1cb4a9838b12441642e2bf7877b1a c:8954271c4e338710f87f4d859755d26dfe43dfc21cb9ab7541e10614d5ab5aae - IN msg=CommitSig(8954271c4e338710f87f4d859755d26dfe43dfc21cb9ab7541e10614d5ab5aae,5206f875e900eb378892ed59c74684939d82201fb06f31dc25f637fb619092f14b5e7ef5e048d3f28379059ccf1996abecea1550fe6f01018e95b16655c87010,List(),TlvStream(Set(),Set()))
2025-05-23 14:26:38,989 DEBUG f.a.e.c.fsm.Channel n:02da9401ccf8a9742c3b340b505fad514e6db1cb4a9838b12441642e2bf7877b1a c:8954271c4e338710f87f4d859755d26dfe43dfc21cb9ab7541e10614d5ab5aae - received their commit_sig, deferring message
2025-05-23 14:26:39,014 INFO  f.a.e.c.f.InteractiveTxBuilder n:02da9401ccf8a9742c3b340b505fad514e6db1cb4a9838b12441642e2bf7877b1a c:8954271c4e338710f87f4d859755d26dfe43dfc21cb9ab7541e10614d5ab5aae - interactive-tx txid=82ff86b61a2b719ef9aca3d3fad72437355edc82bed5841037b3e99ad4a2127d partially signed with 1 local inputs, 0 remote inputs, 1 local outputs and 0 remote outputs
2025-05-23 14:26:39,016 DEBUG f.a.e.c.fsm.Channel n:02da9401ccf8a9742c3b340b505fad514e6db1cb4a9838b12441642e2bf7877b1a c:8954271c4e338710f87f4d859755d26dfe43dfc21cb9ab7541e10614d5ab5aae - updating database record for channelId=8954271c4e338710f87f4d859755d26dfe43dfc21cb9ab7541e10614d5ab5aae
2025-05-23 14:26:39,028 INFO  f.a.e.i.Peer n:02da9401ccf8a9742c3b340b505fad514e6db1cb4a9838b12441642e2bf7877b1a c:8954271c4e338710f87f4d859755d26dfe43dfc21cb9ab7541e10614d5ab5aae - OUT msg=CommitSig(8954271c4e338710f87f4d859755d26dfe43dfc21cb9ab7541e10614d5ab5aae,8e8060c2bde474fa134cdc8d8258ee7ac095a149310022bdb50572c2125148177ff7c90398706db02ab2347a48f7fd7e6fc30e3afed5feaeba8548791f1f4601,List(),TlvStream(Set(),Set()))
2025-05-23 14:26:39,028 INFO  f.a.eclair.Diagnostics n:02da9401ccf8a9742c3b340b505fad514e6db1cb4a9838b12441642e2bf7877b1a c:8954271c4e338710f87f4d859755d26dfe43dfc21cb9ab7541e10614d5ab5aae - OUT msg=CommitSig(8954271c4e338710f87f4d859755d26dfe43dfc21cb9ab7541e10614d5ab5aae,8e8060c2bde474fa134cdc8d8258ee7ac095a149310022bdb50572c2125148177ff7c90398706db02ab2347a48f7fd7e6fc30e3afed5feaeba8548791f1f4601,List(),TlvStream(Set(),Set()))
2025-05-23 14:26:39,034 DEBUG f.a.e.c.fsm.Channel n:02da9401ccf8a9742c3b340b505fad514e6db1cb4a9838b12441642e2bf7877b1a c:8954271c4e338710f87f4d859755d26dfe43dfc21cb9ab7541e10614d5ab5aae - updating database record for channelId=8954271c4e338710f87f4d859755d26dfe43dfc21cb9ab7541e10614d5ab5aae
2025-05-23 14:26:39,035 INFO  f.a.eclair.Diagnostics n:02da9401ccf8a9742c3b340b505fad514e6db1cb4a9838b12441642e2bf7877b1a c:8954271c4e338710f87f4d859755d26dfe43dfc21cb9ab7541e10614d5ab5aae - IN msg=TxSignatures(8954271c4e338710f87f4d859755d26dfe43dfc21cb9ab7541e10614d5ab5aae,82ff86b61a2b719ef9aca3d3fad72437355edc82bed5841037b3e99ad4a2127d,List(),TlvStream(Set(),Set()))
2025-05-23 14:26:39,035 DEBUG f.a.e.io.PeerConnection n:02da9401ccf8a9742c3b340b505fad514e6db1cb4a9838b12441642e2bf7877b1a - next ping scheduled in 30 seconds
2025-05-23 14:26:39,035 INFO  f.a.e.i.Peer n:02da9401ccf8a9742c3b340b505fad514e6db1cb4a9838b12441642e2bf7877b1a c:8954271c4e338710f87f4d859755d26dfe43dfc21cb9ab7541e10614d5ab5aae - IN msg=TxSignatures(8954271c4e338710f87f4d859755d26dfe43dfc21cb9ab7541e10614d5ab5aae,82ff86b61a2b719ef9aca3d3fad72437355edc82bed5841037b3e99ad4a2127d,List(),TlvStream(Set(),Set()))
2025-05-23 14:26:39,044 INFO  f.a.e.c.fsm.Channel n:02da9401ccf8a9742c3b340b505fad514e6db1cb4a9838b12441642e2bf7877b1a c:8954271c4e338710f87f4d859755d26dfe43dfc21cb9ab7541e10614d5ab5aae - interactive-tx fully signed with 1 local inputs, 0 remote inputs, 1 local outputs and 0 remote outputs
2025-05-23 14:26:39,050 DEBUG f.a.e.c.fsm.Channel n:02da9401ccf8a9742c3b340b505fad514e6db1cb4a9838b12441642e2bf7877b1a c:8954271c4e338710f87f4d859755d26dfe43dfc21cb9ab7541e10614d5ab5aae - updating database record for channelId=8954271c4e338710f87f4d859755d26dfe43dfc21cb9ab7541e10614d5ab5aae
2025-05-23 14:26:39,057 INFO  f.a.e.i.Peer n:02da9401ccf8a9742c3b340b505fad514e6db1cb4a9838b12441642e2bf7877b1a c:8954271c4e338710f87f4d859755d26dfe43dfc21cb9ab7541e10614d5ab5aae - OUT msg=TxSignatures(8954271c4e338710f87f4d859755d26dfe43dfc21cb9ab7541e10614d5ab5aae,82ff86b61a2b719ef9aca3d3fad72437355edc82bed5841037b3e99ad4a2127d,List(ScriptWitness(List(ByteVector(71 bytes, 0x30440220648498126e06b4f29aa5b83435014b8abf1ba9d27b9c67f7bd2e47dcd86e085802206e4c2a8a58e05986dc1eadf8337f80c027389a4916a7a12835a07d7a7a8b48ae01), ByteVector(33 bytes, 0x033a9ae55e0dae409d3dbefaa25e60198cfbcf3a0c234441300ca32a06838a0ead)))),TlvStream(Set(),Set()))
2025-05-23 14:26:39,058 INFO  f.a.eclair.Diagnostics n:02da9401ccf8a9742c3b340b505fad514e6db1cb4a9838b12441642e2bf7877b1a c:8954271c4e338710f87f4d859755d26dfe43dfc21cb9ab7541e10614d5ab5aae - OUT msg=TxSignatures(8954271c4e338710f87f4d859755d26dfe43dfc21cb9ab7541e10614d5ab5aae,82ff86b61a2b719ef9aca3d3fad72437355edc82bed5841037b3e99ad4a2127d,List(ScriptWitness(List(ByteVector(71 bytes, 0x30440220648498126e06b4f29aa5b83435014b8abf1ba9d27b9c67f7bd2e47dcd86e085802206e4c2a8a58e05986dc1eadf8337f80c027389a4916a7a12835a07d7a7a8b48ae01), ByteVector(33 bytes, 0x033a9ae55e0dae409d3dbefaa25e60198cfbcf3a0c234441300ca32a06838a0ead)))),TlvStream(Set(),Set()))
2025-05-23 14:26:39,066 INFO  f.a.e.db.DbEventHandler n:02da9401ccf8a9742c3b340b505fad514e6db1cb4a9838b12441642e2bf7877b1a c:8954271c4e338710f87f4d859755d26dfe43dfc21cb9ab7541e10614d5ab5aae - paying mining fee=167 sat for txid=82ff86b61a2b719ef9aca3d3fad72437355edc82bed5841037b3e99ad4a2127d desc=funding
2025-05-23 14:26:43,859 DEBUG f.a.e.io.PeerConnection SYN n:02da9401ccf8a9742c3b340b505fad514e6db1cb4a9838b12441642e2bf7877b1a - next ping scheduled in 30 seconds
2025-05-23 14:26:43,861 INFO  f.a.eclair.router.Router SYN n:02da9401ccf8a9742c3b340b505fad514e6db1cb4a9838b12441642e2bf7877b1a - received query_channel_range with firstBlockNum=1 numberOfBlocks=150 extendedQueryFlags_opt=TlvStream(Set(QueryFlags(1)),Set())
2025-05-23 14:26:43,871 INFO  f.a.eclair.router.Router SYN n:02da9401ccf8a9742c3b340b505fad514e6db1cb4a9838b12441642e2bf7877b1a - replying with 0 items for range=(1, 150)
2025-05-23 14:26:49,156 INFO  f.a.eclair.Diagnostics n:02da9401ccf8a9742c3b340b505fad514e6db1cb4a9838b12441642e2bf7877b1a c:8954271c4e338710f87f4d859755d26dfe43dfc21cb9ab7541e10614d5ab5aae - IN msg=ChannelReady(8954271c4e338710f87f4d859755d26dfe43dfc21cb9ab7541e10614d5ab5aae,02e92752fdc1c30a3077cbddb940fedc36ccbb19660c705477c0585eb23cf4c11c,TlvStream(Set(ShortChannelIdTlv(0xc9b7c5ff54d04990)),Set()))
2025-05-23 14:26:49,156 DEBUG f.a.e.io.PeerConnection n:02da9401ccf8a9742c3b340b505fad514e6db1cb4a9838b12441642e2bf7877b1a - next ping scheduled in 30 seconds
2025-05-23 14:26:49,156 INFO  f.a.e.i.Peer n:02da9401ccf8a9742c3b340b505fad514e6db1cb4a9838b12441642e2bf7877b1a c:8954271c4e338710f87f4d859755d26dfe43dfc21cb9ab7541e10614d5ab5aae - IN msg=ChannelReady(8954271c4e338710f87f4d859755d26dfe43dfc21cb9ab7541e10614d5ab5aae,02e92752fdc1c30a3077cbddb940fedc36ccbb19660c705477c0585eb23cf4c11c,TlvStream(Set(ShortChannelIdTlv(0xc9b7c5ff54d04990)),Set()))
2025-05-23 14:26:49,156 INFO  f.a.e.c.fsm.Channel n:02da9401ccf8a9742c3b340b505fad514e6db1cb4a9838b12441642e2bf7877b1a c:8954271c4e338710f87f4d859755d26dfe43dfc21cb9ab7541e10614d5ab5aae - this channel isn't zero-conf, but they sent an early channel_ready with an alias: no need to wait for confirmations
2025-05-23 14:26:49,157 DEBUG f.a.e.c.fsm.Channel n:02da9401ccf8a9742c3b340b505fad514e6db1cb4a9838b12441642e2bf7877b1a c:8954271c4e338710f87f4d859755d26dfe43dfc21cb9ab7541e10614d5ab5aae - received their channel_ready, deferring message
2025-05-23 14:26:49,161 INFO  f.a.e.c.fsm.Channel n:02da9401ccf8a9742c3b340b505fad514e6db1cb4a9838b12441642e2bf7877b1a c:8954271c4e338710f87f4d859755d26dfe43dfc21cb9ab7541e10614d5ab5aae - funding txid=82ff86b61a2b719ef9aca3d3fad72437355edc82bed5841037b3e99ad4a2127d was successfully published for zero-conf channelId=8954271c4e338710f87f4d859755d26dfe43dfc21cb9ab7541e10614d5ab5aae
2025-05-23 14:26:49,166 INFO  f.a.e.c.fsm.Channel n:02da9401ccf8a9742c3b340b505fad514e6db1cb4a9838b12441642e2bf7877b1a c:8954271c4e338710f87f4d859755d26dfe43dfc21cb9ab7541e10614d5ab5aae - setting localFundingStatus=ZeroconfPublishedFundingTx for fundingTxId=82ff86b61a2b719ef9aca3d3fad72437355edc82bed5841037b3e99ad4a2127d fundingTxIndex=0
2025-05-23 14:26:49,169 DEBUG f.a.e.c.fsm.Channel n:02da9401ccf8a9742c3b340b505fad514e6db1cb4a9838b12441642e2bf7877b1a c:8954271c4e338710f87f4d859755d26dfe43dfc21cb9ab7541e10614d5ab5aae - updating database record for channelId=8954271c4e338710f87f4d859755d26dfe43dfc21cb9ab7541e10614d5ab5aae
2025-05-23 14:26:49,173 INFO  f.a.e.i.Peer n:02da9401ccf8a9742c3b340b505fad514e6db1cb4a9838b12441642e2bf7877b1a c:8954271c4e338710f87f4d859755d26dfe43dfc21cb9ab7541e10614d5ab5aae - OUT msg=ChannelReady(8954271c4e338710f87f4d859755d26dfe43dfc21cb9ab7541e10614d5ab5aae,03dcc5ad7a2cc09d626399cd7e5e23308132bf79392245c571d84f80f6a09294f2,TlvStream(Set(ShortChannelIdTlv(0x34b6802538e5b9f)),Set()))
2025-05-23 14:26:49,173 INFO  f.a.eclair.Diagnostics n:02da9401ccf8a9742c3b340b505fad514e6db1cb4a9838b12441642e2bf7877b1a c:8954271c4e338710f87f4d859755d26dfe43dfc21cb9ab7541e10614d5ab5aae - OUT msg=ChannelReady(8954271c4e338710f87f4d859755d26dfe43dfc21cb9ab7541e10614d5ab5aae,03dcc5ad7a2cc09d626399cd7e5e23308132bf79392245c571d84f80f6a09294f2,TlvStream(Set(ShortChannelIdTlv(0x34b6802538e5b9f)),Set()))
2025-05-23 14:26:49,173 INFO  f.a.e.c.fsm.Channel n:02da9401ccf8a9742c3b340b505fad514e6db1cb4a9838b12441642e2bf7877b1a c:8954271c4e338710f87f4d859755d26dfe43dfc21cb9ab7541e10614d5ab5aae - shortIds: real=none localAlias=0x34b6802538e5b9f remoteAlias=0xc9b7c5ff54d04990
2025-05-23 14:26:49,174 INFO  f.a.e.c.fsm.Channel n:02da9401ccf8a9742c3b340b505fad514e6db1cb4a9838b12441642e2bf7877b1a c:8954271c4e338710f87f4d859755d26dfe43dfc21cb9ab7541e10614d5ab5aae - using shortChannelId=0x34b6802538e5b9f for initial channel_update
2025-05-23 14:26:49,177 DEBUG f.a.e.c.fsm.Channel n:02da9401ccf8a9742c3b340b505fad514e6db1cb4a9838b12441642e2bf7877b1a c:8954271c4e338710f87f4d859755d26dfe43dfc21cb9ab7541e10614d5ab5aae - updating database record for channelId=8954271c4e338710f87f4d859755d26dfe43dfc21cb9ab7541e10614d5ab5aae
2025-05-23 14:26:49,183 DEBUG f.a.e.c.fsm.Channel n:02da9401ccf8a9742c3b340b505fad514e6db1cb4a9838b12441642e2bf7877b1a c:8954271c4e338710f87f4d859755d26dfe43dfc21cb9ab7541e10614d5ab5aae - emitting channel update event: reason=initial sendToPeer=true channel_update=ChannelUpdate(825d23dbb2714ac2ad14399ebeb92fd7526d0cf649eebb24cdb5eb18a0422a07126829973c32404fa914a39b0baa981711f6c3654d65a193ba9048bea8e99c0d,06226e46111a0b59caaf126043eb5bbf28c34f3a5e332a1fc7b2b73cf188910f,0x34b6802538e5b9f,1748003209 unixsec,MessageFlags(true),ChannelFlags(true,false),CltvExpiryDelta(144),0 msat,1000 msat,100,225000000 msat,TlvStream(Set(),Set())) channel_announcement=None
2025-05-23 14:26:49,183 DEBUG f.a.e.io.PeerConnection SYN n:02da9401ccf8a9742c3b340b505fad514e6db1cb4a9838b12441642e2bf7877b1a - next ping scheduled in 30 seconds
2025-05-23 14:26:49,184 INFO  f.a.e.i.Peer SYN n:02da9401ccf8a9742c3b340b505fad514e6db1cb4a9838b12441642e2bf7877b1a - OUT msg=ChannelUpdate(e40f195f079075ec8021ff8f8232a01edfdbdbf3b50957b7081557f71260fc834821fc3c5666a2611bff7a68ba60a7540bea18df12746008418ffc3f905c1871,06226e46111a0b59caaf126043eb5bbf28c34f3a5e332a1fc7b2b73cf188910f,0xc9b7c5ff54d04990,1748003209 unixsec,MessageFlags(true),ChannelFlags(true,false),CltvExpiryDelta(144),0 msat,1000 msat,100,225000000 msat,TlvStream(Set(),Set()))
2025-05-23 14:26:49,187 DEBUG f.a.e.io.PeerConnection SYN n:02da9401ccf8a9742c3b340b505fad514e6db1cb4a9838b12441642e2bf7877b1a - next ping scheduled in 30 seconds
2025-05-23 14:26:51,375 INFO  f.a.e.c.fsm.Channel n:02da9401ccf8a9742c3b340b505fad514e6db1cb4a9838b12441642e2bf7877b1a c:8954271c4e338710f87f4d859755d26dfe43dfc21cb9ab7541e10614d5ab5aae - funding txid=82ff86b61a2b719ef9aca3d3fad72437355edc82bed5841037b3e99ad4a2127d was confirmed at blockHeight=151 txIndex=1
2025-05-23 14:26:51,377 INFO  f.a.e.c.fsm.Channel n:02da9401ccf8a9742c3b340b505fad514e6db1cb4a9838b12441642e2bf7877b1a c:8954271c4e338710f87f4d859755d26dfe43dfc21cb9ab7541e10614d5ab5aae - setting localFundingStatus=ConfirmedFundingTx for fundingTxId=82ff86b61a2b719ef9aca3d3fad72437355edc82bed5841037b3e99ad4a2127d fundingTxIndex=0
2025-05-23 14:26:51,381 DEBUG f.a.e.c.fsm.Channel n:02da9401ccf8a9742c3b340b505fad514e6db1cb4a9838b12441642e2bf7877b1a c:8954271c4e338710f87f4d859755d26dfe43dfc21cb9ab7541e10614d5ab5aae - updating database record for channelId=8954271c4e338710f87f4d859755d26dfe43dfc21cb9ab7541e10614d5ab5aae
2025-05-23 14:27:04,565 INFO  f.a.e.i.Peer n:02da9401ccf8a9742c3b340b505fad514e6db1cb4a9838b12441642e2bf7877b1a c:8954271c4e338710f87f4d859755d26dfe43dfc21cb9ab7541e10614d5ab5aae - OUT msg=Stfu(8954271c4e338710f87f4d859755d26dfe43dfc21cb9ab7541e10614d5ab5aae,true)
2025-05-23 14:27:04,565 INFO  f.a.eclair.Diagnostics n:02da9401ccf8a9742c3b340b505fad514e6db1cb4a9838b12441642e2bf7877b1a c:8954271c4e338710f87f4d859755d26dfe43dfc21cb9ab7541e10614d5ab5aae - OUT msg=Stfu(8954271c4e338710f87f4d859755d26dfe43dfc21cb9ab7541e10614d5ab5aae,true)
2025-05-23 14:27:04,566 INFO  f.a.eclair.Diagnostics n:02da9401ccf8a9742c3b340b505fad514e6db1cb4a9838b12441642e2bf7877b1a c:8954271c4e338710f87f4d859755d26dfe43dfc21cb9ab7541e10614d5ab5aae - IN msg=Stfu(8954271c4e338710f87f4d859755d26dfe43dfc21cb9ab7541e10614d5ab5aae,false)
2025-05-23 14:27:04,567 DEBUG f.a.e.io.PeerConnection n:02da9401ccf8a9742c3b340b505fad514e6db1cb4a9838b12441642e2bf7877b1a - next ping scheduled in 30 seconds
2025-05-23 14:27:04,567 INFO  f.a.e.i.Peer n:02da9401ccf8a9742c3b340b505fad514e6db1cb4a9838b12441642e2bf7877b1a c:8954271c4e338710f87f4d859755d26dfe43dfc21cb9ab7541e10614d5ab5aae - IN msg=Stfu(8954271c4e338710f87f4d859755d26dfe43dfc21cb9ab7541e10614d5ab5aae,false)
2025-05-23 14:27:04,569 INFO  f.a.e.c.fsm.Channel n:02da9401ccf8a9742c3b340b505fad514e6db1cb4a9838b12441642e2bf7877b1a c:8954271c4e338710f87f4d859755d26dfe43dfc21cb9ab7541e10614d5ab5aae - initiating splice with local.in.amount=15008 sat local.in.push=0 msat local.out.amount=0 sat
2025-05-23 14:27:04,570 INFO  f.a.e.i.Peer n:02da9401ccf8a9742c3b340b505fad514e6db1cb4a9838b12441642e2bf7877b1a c:8954271c4e338710f87f4d859755d26dfe43dfc21cb9ab7541e10614d5ab5aae - OUT msg=SpliceInit(8954271c4e338710f87f4d859755d26dfe43dfc21cb9ab7541e10614d5ab5aae,15008 sat,253 sat/kw,159,03c1d5b5ce69bf4fb2cc6082338240c0248300d03f5e6957636513341d5602ba3e,TlvStream(Set(),Set()))
2025-05-23 14:27:04,571 INFO  f.a.eclair.Diagnostics n:02da9401ccf8a9742c3b340b505fad514e6db1cb4a9838b12441642e2bf7877b1a c:8954271c4e338710f87f4d859755d26dfe43dfc21cb9ab7541e10614d5ab5aae - OUT msg=SpliceInit(8954271c4e338710f87f4d859755d26dfe43dfc21cb9ab7541e10614d5ab5aae,15008 sat,253 sat/kw,159,03c1d5b5ce69bf4fb2cc6082338240c0248300d03f5e6957636513341d5602ba3e,TlvStream(Set(),Set()))
2025-05-23 14:27:04,573 INFO  f.a.eclair.Diagnostics n:02da9401ccf8a9742c3b340b505fad514e6db1cb4a9838b12441642e2bf7877b1a c:8954271c4e338710f87f4d859755d26dfe43dfc21cb9ab7541e10614d5ab5aae - IN msg=SpliceAck(8954271c4e338710f87f4d859755d26dfe43dfc21cb9ab7541e10614d5ab5aae,0 sat,03ba22657ec881c12651e3b865e6a2cfa1b963fe0c6c9d4834f00a7bb9f4ed0183,TlvStream(Set(),Set()))
2025-05-23 14:27:04,573 DEBUG f.a.e.io.PeerConnection n:02da9401ccf8a9742c3b340b505fad514e6db1cb4a9838b12441642e2bf7877b1a - next ping scheduled in 30 seconds
2025-05-23 14:27:04,574 INFO  f.a.e.i.Peer n:02da9401ccf8a9742c3b340b505fad514e6db1cb4a9838b12441642e2bf7877b1a c:8954271c4e338710f87f4d859755d26dfe43dfc21cb9ab7541e10614d5ab5aae - IN msg=SpliceAck(8954271c4e338710f87f4d859755d26dfe43dfc21cb9ab7541e10614d5ab5aae,0 sat,03ba22657ec881c12651e3b865e6a2cfa1b963fe0c6c9d4834f00a7bb9f4ed0183,TlvStream(Set(),Set()))
2025-05-23 14:27:04,574 INFO  f.a.e.c.fsm.Channel n:02da9401ccf8a9742c3b340b505fad514e6db1cb4a9838b12441642e2bf7877b1a c:8954271c4e338710f87f4d859755d26dfe43dfc21cb9ab7541e10614d5ab5aae - our peer accepted our splice request and will contribute 0 sat to the funding transaction
2025-05-23 14:27:04,594 DEBUG f.a.e.c.f.InteractiveTxFunder n:02da9401ccf8a9742c3b340b505fad514e6db1cb4a9838b12441642e2bf7877b1a c:8954271c4e338710f87f4d859755d26dfe43dfc21cb9ab7541e10614d5ab5aae - added 2 inputs and 2 outputs to interactive tx
2025-05-23 14:27:04,595 INFO  f.a.e.c.f.InteractiveTxBuilder n:02da9401ccf8a9742c3b340b505fad514e6db1cb4a9838b12441642e2bf7877b1a c:8954271c4e338710f87f4d859755d26dfe43dfc21cb9ab7541e10614d5ab5aae - adding local input c8526f55888ca5467820bffdb37182ad0b61b078403c1a58f96cc902843de9b9:0 to interactive-tx
2025-05-23 14:27:04,595 INFO  f.a.e.i.Peer n:02da9401ccf8a9742c3b340b505fad514e6db1cb4a9838b12441642e2bf7877b1a c:8954271c4e338710f87f4d859755d26dfe43dfc21cb9ab7541e10614d5ab5aae - OUT msg=TxAddInput(8954271c4e338710f87f4d859755d26dfe43dfc21cb9ab7541e10614d5ab5aae,0,Some(02000000012902b450d42306604e6b7f70567ff6a1d7fc35652e0444f11c25dbf4a493a0900000000000fdffffff027310102401000000160014e3f9b31ff1585769803bf57c93321139bf7571b000e1f505000000001600143766df4ea6e76f77ad31e74a928354cf070bbf7196000000),0,4294967293,TlvStream(Set(),Set()))
2025-05-23 14:27:04,595 INFO  f.a.eclair.Diagnostics n:02da9401ccf8a9742c3b340b505fad514e6db1cb4a9838b12441642e2bf7877b1a c:8954271c4e338710f87f4d859755d26dfe43dfc21cb9ab7541e10614d5ab5aae - OUT msg=TxAddInput(8954271c4e338710f87f4d859755d26dfe43dfc21cb9ab7541e10614d5ab5aae,0,Some(02000000012902b450d42306604e6b7f70567ff6a1d7fc35652e0444f11c25dbf4a493a0900000000000fdffffff027310102401000000160014e3f9b31ff1585769803bf57c93321139bf7571b000e1f505000000001600143766df4ea6e76f77ad31e74a928354cf070bbf7196000000),0,4294967293,TlvStream(Set(),Set()))
2025-05-23 14:27:04,597 INFO  f.a.eclair.Diagnostics n:02da9401ccf8a9742c3b340b505fad514e6db1cb4a9838b12441642e2bf7877b1a c:8954271c4e338710f87f4d859755d26dfe43dfc21cb9ab7541e10614d5ab5aae - IN msg=TxComplete(8954271c4e338710f87f4d859755d26dfe43dfc21cb9ab7541e10614d5ab5aae,TlvStream(Set(),Set()))
2025-05-23 14:27:04,597 DEBUG f.a.e.io.PeerConnection n:02da9401ccf8a9742c3b340b505fad514e6db1cb4a9838b12441642e2bf7877b1a - next ping scheduled in 30 seconds
2025-05-23 14:27:04,597 INFO  f.a.e.i.Peer n:02da9401ccf8a9742c3b340b505fad514e6db1cb4a9838b12441642e2bf7877b1a c:8954271c4e338710f87f4d859755d26dfe43dfc21cb9ab7541e10614d5ab5aae - IN msg=TxComplete(8954271c4e338710f87f4d859755d26dfe43dfc21cb9ab7541e10614d5ab5aae,TlvStream(Set(),Set()))
2025-05-23 14:27:04,598 INFO  f.a.e.i.Peer n:02da9401ccf8a9742c3b340b505fad514e6db1cb4a9838b12441642e2bf7877b1a c:8954271c4e338710f87f4d859755d26dfe43dfc21cb9ab7541e10614d5ab5aae - OUT msg=TxAddInput(8954271c4e338710f87f4d859755d26dfe43dfc21cb9ab7541e10614d5ab5aae,2,None,0,4294967293,TlvStream(Set(SharedInputTxId(82ff86b61a2b719ef9aca3d3fad72437355edc82bed5841037b3e99ad4a2127d), ExperimentalSharedInputTxId(82ff86b61a2b719ef9aca3d3fad72437355edc82bed5841037b3e99ad4a2127d)),Set()))
2025-05-23 14:27:04,598 INFO  f.a.eclair.Diagnostics n:02da9401ccf8a9742c3b340b505fad514e6db1cb4a9838b12441642e2bf7877b1a c:8954271c4e338710f87f4d859755d26dfe43dfc21cb9ab7541e10614d5ab5aae - OUT msg=TxAddInput(8954271c4e338710f87f4d859755d26dfe43dfc21cb9ab7541e10614d5ab5aae,2,None,0,4294967293,TlvStream(Set(SharedInputTxId(82ff86b61a2b719ef9aca3d3fad72437355edc82bed5841037b3e99ad4a2127d), ExperimentalSharedInputTxId(82ff86b61a2b719ef9aca3d3fad72437355edc82bed5841037b3e99ad4a2127d)),Set()))
2025-05-23 14:27:04,600 INFO  f.a.eclair.Diagnostics n:02da9401ccf8a9742c3b340b505fad514e6db1cb4a9838b12441642e2bf7877b1a c:8954271c4e338710f87f4d859755d26dfe43dfc21cb9ab7541e10614d5ab5aae - IN msg=TxComplete(8954271c4e338710f87f4d859755d26dfe43dfc21cb9ab7541e10614d5ab5aae,TlvStream(Set(),Set()))
2025-05-23 14:27:04,600 DEBUG f.a.e.io.PeerConnection n:02da9401ccf8a9742c3b340b505fad514e6db1cb4a9838b12441642e2bf7877b1a - next ping scheduled in 30 seconds
2025-05-23 14:27:04,600 INFO  f.a.e.i.Peer n:02da9401ccf8a9742c3b340b505fad514e6db1cb4a9838b12441642e2bf7877b1a c:8954271c4e338710f87f4d859755d26dfe43dfc21cb9ab7541e10614d5ab5aae - IN msg=TxComplete(8954271c4e338710f87f4d859755d26dfe43dfc21cb9ab7541e10614d5ab5aae,TlvStream(Set(),Set()))
2025-05-23 14:27:04,600 INFO  f.a.e.i.Peer n:02da9401ccf8a9742c3b340b505fad514e6db1cb4a9838b12441642e2bf7877b1a c:8954271c4e338710f87f4d859755d26dfe43dfc21cb9ab7541e10614d5ab5aae - OUT msg=TxAddOutput(8954271c4e338710f87f4d859755d26dfe43dfc21cb9ab7541e10614d5ab5aae,4,4899984585 sat,ByteVector(34 bytes, 0x5120bbaf180a79ce706dd7f5bace3995ad4a9b365729dfde172866914a1ae8a7f594),TlvStream(Set(),Set()))
2025-05-23 14:27:04,600 INFO  f.a.eclair.Diagnostics n:02da9401ccf8a9742c3b340b505fad514e6db1cb4a9838b12441642e2bf7877b1a c:8954271c4e338710f87f4d859755d26dfe43dfc21cb9ab7541e10614d5ab5aae - OUT msg=TxAddOutput(8954271c4e338710f87f4d859755d26dfe43dfc21cb9ab7541e10614d5ab5aae,4,4899984585 sat,ByteVector(34 bytes, 0x5120bbaf180a79ce706dd7f5bace3995ad4a9b365729dfde172866914a1ae8a7f594),TlvStream(Set(),Set()))
2025-05-23 14:27:04,601 INFO  f.a.eclair.Diagnostics n:02da9401ccf8a9742c3b340b505fad514e6db1cb4a9838b12441642e2bf7877b1a c:8954271c4e338710f87f4d859755d26dfe43dfc21cb9ab7541e10614d5ab5aae - IN msg=TxComplete(8954271c4e338710f87f4d859755d26dfe43dfc21cb9ab7541e10614d5ab5aae,TlvStream(Set(),Set()))
2025-05-23 14:27:04,601 DEBUG f.a.e.io.PeerConnection n:02da9401ccf8a9742c3b340b505fad514e6db1cb4a9838b12441642e2bf7877b1a - next ping scheduled in 30 seconds
2025-05-23 14:27:04,601 INFO  f.a.e.i.Peer n:02da9401ccf8a9742c3b340b505fad514e6db1cb4a9838b12441642e2bf7877b1a c:8954271c4e338710f87f4d859755d26dfe43dfc21cb9ab7541e10614d5ab5aae - IN msg=TxComplete(8954271c4e338710f87f4d859755d26dfe43dfc21cb9ab7541e10614d5ab5aae,TlvStream(Set(),Set()))
2025-05-23 14:27:04,601 INFO  f.a.e.i.Peer n:02da9401ccf8a9742c3b340b505fad514e6db1cb4a9838b12441642e2bf7877b1a c:8954271c4e338710f87f4d859755d26dfe43dfc21cb9ab7541e10614d5ab5aae - OUT msg=TxAddOutput(8954271c4e338710f87f4d859755d26dfe43dfc21cb9ab7541e10614d5ab5aae,6,515008 sat,ByteVector(34 bytes, 0x002059caa05123712e0f0c94cc939642f6ae58f65fc6ebe13d2ba275b3b063b0ec5f),TlvStream(Set(),Set()))
2025-05-23 14:27:04,601 INFO  f.a.eclair.Diagnostics n:02da9401ccf8a9742c3b340b505fad514e6db1cb4a9838b12441642e2bf7877b1a c:8954271c4e338710f87f4d859755d26dfe43dfc21cb9ab7541e10614d5ab5aae - OUT msg=TxAddOutput(8954271c4e338710f87f4d859755d26dfe43dfc21cb9ab7541e10614d5ab5aae,6,515008 sat,ByteVector(34 bytes, 0x002059caa05123712e0f0c94cc939642f6ae58f65fc6ebe13d2ba275b3b063b0ec5f),TlvStream(Set(),Set()))
2025-05-23 14:27:04,602 INFO  f.a.eclair.Diagnostics n:02da9401ccf8a9742c3b340b505fad514e6db1cb4a9838b12441642e2bf7877b1a c:8954271c4e338710f87f4d859755d26dfe43dfc21cb9ab7541e10614d5ab5aae - IN msg=TxComplete(8954271c4e338710f87f4d859755d26dfe43dfc21cb9ab7541e10614d5ab5aae,TlvStream(Set(),Set()))
2025-05-23 14:27:04,602 DEBUG f.a.e.io.PeerConnection n:02da9401ccf8a9742c3b340b505fad514e6db1cb4a9838b12441642e2bf7877b1a - next ping scheduled in 30 seconds
2025-05-23 14:27:04,602 INFO  f.a.e.i.Peer n:02da9401ccf8a9742c3b340b505fad514e6db1cb4a9838b12441642e2bf7877b1a c:8954271c4e338710f87f4d859755d26dfe43dfc21cb9ab7541e10614d5ab5aae - IN msg=TxComplete(8954271c4e338710f87f4d859755d26dfe43dfc21cb9ab7541e10614d5ab5aae,TlvStream(Set(),Set()))
2025-05-23 14:27:04,603 INFO  f.a.e.i.Peer n:02da9401ccf8a9742c3b340b505fad514e6db1cb4a9838b12441642e2bf7877b1a c:8954271c4e338710f87f4d859755d26dfe43dfc21cb9ab7541e10614d5ab5aae - OUT msg=TxComplete(8954271c4e338710f87f4d859755d26dfe43dfc21cb9ab7541e10614d5ab5aae,TlvStream(Set(),Set()))
2025-05-23 14:27:04,603 INFO  f.a.eclair.Diagnostics n:02da9401ccf8a9742c3b340b505fad514e6db1cb4a9838b12441642e2bf7877b1a c:8954271c4e338710f87f4d859755d26dfe43dfc21cb9ab7541e10614d5ab5aae - OUT msg=TxComplete(8954271c4e338710f87f4d859755d26dfe43dfc21cb9ab7541e10614d5ab5aae,TlvStream(Set(),Set()))
2025-05-23 14:27:04,607 INFO  f.a.eclair.Diagnostics n:02da9401ccf8a9742c3b340b505fad514e6db1cb4a9838b12441642e2bf7877b1a c:8954271c4e338710f87f4d859755d26dfe43dfc21cb9ab7541e10614d5ab5aae - IN msg=CommitSig(8954271c4e338710f87f4d859755d26dfe43dfc21cb9ab7541e10614d5ab5aae,16caa5b28e2eeed839d7534e5b390de4bfc125dc5ed9a87aa7767d7f28f9994e428590cbc5226060de02eae5b99eda9565c82c2d42b3e7566b8704b1d07af776,List(),TlvStream(Set(),Set()))
2025-05-23 14:27:04,607 DEBUG f.a.e.io.PeerConnection n:02da9401ccf8a9742c3b340b505fad514e6db1cb4a9838b12441642e2bf7877b1a - next ping scheduled in 30 seconds
2025-05-23 14:27:04,607 INFO  f.a.e.i.Peer n:02da9401ccf8a9742c3b340b505fad514e6db1cb4a9838b12441642e2bf7877b1a c:8954271c4e338710f87f4d859755d26dfe43dfc21cb9ab7541e10614d5ab5aae - IN msg=CommitSig(8954271c4e338710f87f4d859755d26dfe43dfc21cb9ab7541e10614d5ab5aae,16caa5b28e2eeed839d7534e5b390de4bfc125dc5ed9a87aa7767d7f28f9994e428590cbc5226060de02eae5b99eda9565c82c2d42b3e7566b8704b1d07af776,List(),TlvStream(Set(),Set()))
2025-05-23 14:27:04,607 DEBUG f.a.e.c.fsm.Channel n:02da9401ccf8a9742c3b340b505fad514e6db1cb4a9838b12441642e2bf7877b1a c:8954271c4e338710f87f4d859755d26dfe43dfc21cb9ab7541e10614d5ab5aae - received sig for batch of size=1 for fundingTxId=None
2025-05-23 14:27:04,607 DEBUG f.a.e.c.fsm.Channel n:02da9401ccf8a9742c3b340b505fad514e6db1cb4a9838b12441642e2bf7877b1a c:8954271c4e338710f87f4d859755d26dfe43dfc21cb9ab7541e10614d5ab5aae - received their commit_sig, deferring message
2025-05-23 14:27:04,612 INFO  f.a.e.c.f.InteractiveTxBuilder n:02da9401ccf8a9742c3b340b505fad514e6db1cb4a9838b12441642e2bf7877b1a c:8954271c4e338710f87f4d859755d26dfe43dfc21cb9ab7541e10614d5ab5aae - interactive-tx txid=d33f41a32b3f0190d06178c3b0c86bf4b5960b65eb93b89da1b1bc59c767834a partially signed with 1 local inputs, 0 remote inputs, 1 local outputs and 0 remote outputs
2025-05-23 14:27:04,614 INFO  f.a.e.c.fsm.Channel n:02da9401ccf8a9742c3b340b505fad514e6db1cb4a9838b12441642e2bf7877b1a c:8954271c4e338710f87f4d859755d26dfe43dfc21cb9ab7541e10614d5ab5aae - splice tx created with fundingTxIndex=1 fundingTxId=d33f41a32b3f0190d06178c3b0c86bf4b5960b65eb93b89da1b1bc59c767834a
2025-05-23 14:27:04,615 DEBUG f.a.e.c.fsm.Channel n:02da9401ccf8a9742c3b340b505fad514e6db1cb4a9838b12441642e2bf7877b1a c:8954271c4e338710f87f4d859755d26dfe43dfc21cb9ab7541e10614d5ab5aae - updating database record for channelId=8954271c4e338710f87f4d859755d26dfe43dfc21cb9ab7541e10614d5ab5aae
2025-05-23 14:27:04,620 DEBUG f.a.e.c.fsm.Channel n:02da9401ccf8a9742c3b340b505fad514e6db1cb4a9838b12441642e2bf7877b1a c:8954271c4e338710f87f4d859755d26dfe43dfc21cb9ab7541e10614d5ab5aae - received sig for batch of size=1 for fundingTxId=None
2025-05-23 14:27:04,620 INFO  f.a.e.i.Peer n:02da9401ccf8a9742c3b340b505fad514e6db1cb4a9838b12441642e2bf7877b1a c:8954271c4e338710f87f4d859755d26dfe43dfc21cb9ab7541e10614d5ab5aae - OUT msg=CommitSig(8954271c4e338710f87f4d859755d26dfe43dfc21cb9ab7541e10614d5ab5aae,8069aabf77d100a4c04e3d174bc315abce89cef8b9850c263c407a68c10c3f2e660ed434f73eab4aad58c6c904217075cb6c23b52d8bbdfbd4904693fa18dda1,List(),TlvStream(Set(),Set()))
2025-05-23 14:27:04,620 INFO  f.a.eclair.Diagnostics n:02da9401ccf8a9742c3b340b505fad514e6db1cb4a9838b12441642e2bf7877b1a c:8954271c4e338710f87f4d859755d26dfe43dfc21cb9ab7541e10614d5ab5aae - OUT msg=CommitSig(8954271c4e338710f87f4d859755d26dfe43dfc21cb9ab7541e10614d5ab5aae,8069aabf77d100a4c04e3d174bc315abce89cef8b9850c263c407a68c10c3f2e660ed434f73eab4aad58c6c904217075cb6c23b52d8bbdfbd4904693fa18dda1,List(),TlvStream(Set(),Set()))
2025-05-23 14:27:04,621 DEBUG f.a.e.c.fsm.Channel n:02da9401ccf8a9742c3b340b505fad514e6db1cb4a9838b12441642e2bf7877b1a c:8954271c4e338710f87f4d859755d26dfe43dfc21cb9ab7541e10614d5ab5aae - updating database record for channelId=8954271c4e338710f87f4d859755d26dfe43dfc21cb9ab7541e10614d5ab5aae
2025-05-23 14:27:04,624 INFO  f.a.eclair.Diagnostics n:02da9401ccf8a9742c3b340b505fad514e6db1cb4a9838b12441642e2bf7877b1a c:8954271c4e338710f87f4d859755d26dfe43dfc21cb9ab7541e10614d5ab5aae - IN msg=TxSignatures(8954271c4e338710f87f4d859755d26dfe43dfc21cb9ab7541e10614d5ab5aae,d33f41a32b3f0190d06178c3b0c86bf4b5960b65eb93b89da1b1bc59c767834a,List(),TlvStream(Set(PreviousFundingTxSig(3a3c724780223b5aa453ec939f65c5de054ea6a6bbd5d06295e8dfa16e96d9075a02dabe65a8886eefb4a43ec40fa906dae0a221c489cdfdde8e624f7f7908d6)),Set()))
2025-05-23 14:27:04,624 DEBUG f.a.e.io.PeerConnection n:02da9401ccf8a9742c3b340b505fad514e6db1cb4a9838b12441642e2bf7877b1a - next ping scheduled in 30 seconds
2025-05-23 14:27:04,624 INFO  f.a.e.i.Peer n:02da9401ccf8a9742c3b340b505fad514e6db1cb4a9838b12441642e2bf7877b1a c:8954271c4e338710f87f4d859755d26dfe43dfc21cb9ab7541e10614d5ab5aae - IN msg=TxSignatures(8954271c4e338710f87f4d859755d26dfe43dfc21cb9ab7541e10614d5ab5aae,d33f41a32b3f0190d06178c3b0c86bf4b5960b65eb93b89da1b1bc59c767834a,List(),TlvStream(Set(PreviousFundingTxSig(3a3c724780223b5aa453ec939f65c5de054ea6a6bbd5d06295e8dfa16e96d9075a02dabe65a8886eefb4a43ec40fa906dae0a221c489cdfdde8e624f7f7908d6)),Set()))
2025-05-23 14:27:04,627 INFO  f.a.e.c.fsm.Channel n:02da9401ccf8a9742c3b340b505fad514e6db1cb4a9838b12441642e2bf7877b1a c:8954271c4e338710f87f4d859755d26dfe43dfc21cb9ab7541e10614d5ab5aae - interactive-tx fully signed with 1 local inputs, 0 remote inputs, 1 local outputs and 0 remote outputs
2025-05-23 14:27:04,627 INFO  f.a.e.c.fsm.Channel n:02da9401ccf8a9742c3b340b505fad514e6db1cb4a9838b12441642e2bf7877b1a c:8954271c4e338710f87f4d859755d26dfe43dfc21cb9ab7541e10614d5ab5aae - publishing funding tx for channelId=8954271c4e338710f87f4d859755d26dfe43dfc21cb9ab7541e10614d5ab5aae fundingTxId=d33f41a32b3f0190d06178c3b0c86bf4b5960b65eb93b89da1b1bc59c767834a
2025-05-23 14:27:04,628 DEBUG f.a.e.c.fsm.Channel n:02da9401ccf8a9742c3b340b505fad514e6db1cb4a9838b12441642e2bf7877b1a c:8954271c4e338710f87f4d859755d26dfe43dfc21cb9ab7541e10614d5ab5aae - updating database record for channelId=8954271c4e338710f87f4d859755d26dfe43dfc21cb9ab7541e10614d5ab5aae
2025-05-23 14:27:04,632 INFO  f.a.e.i.Peer n:02da9401ccf8a9742c3b340b505fad514e6db1cb4a9838b12441642e2bf7877b1a c:8954271c4e338710f87f4d859755d26dfe43dfc21cb9ab7541e10614d5ab5aae - OUT msg=TxSignatures(8954271c4e338710f87f4d859755d26dfe43dfc21cb9ab7541e10614d5ab5aae,d33f41a32b3f0190d06178c3b0c86bf4b5960b65eb93b89da1b1bc59c767834a,List(ScriptWitness(List(ByteVector(71 bytes, 0x30440220020be8b628fb8329d523f19ecd6bf0960731b86fcaea48b846675b74adcc013402206e1c899f6766bec32ff8ba5b5681d7f5bae21f505f0eae8a3b0d801d55f87a4401), ByteVector(33 bytes, 0x03ad4a1f52baa0a1876f4a7ec6c1ad592e96e6d7e54a081394d2a5cdac276d65b1)))),TlvStream(Set(PreviousFundingTxSig(770994d7e35ade5514692b9a00f993f2c3b9de972faa4f756030f11800af8a5c06344d4bdc6d76a40e506dd32a801ec0dd649a92af7f2888050cb3f96c9858c1), ExperimentalPreviousFundingTxSig(770994d7e35ade5514692b9a00f993f2c3b9de972faa4f756030f11800af8a5c06344d4bdc6d76a40e506dd32a801ec0dd649a92af7f2888050cb3f96c9858c1)),Set()))
2025-05-23 14:27:04,632 INFO  f.a.eclair.Diagnostics n:02da9401ccf8a9742c3b340b505fad514e6db1cb4a9838b12441642e2bf7877b1a c:8954271c4e338710f87f4d859755d26dfe43dfc21cb9ab7541e10614d5ab5aae - OUT msg=TxSignatures(8954271c4e338710f87f4d859755d26dfe43dfc21cb9ab7541e10614d5ab5aae,d33f41a32b3f0190d06178c3b0c86bf4b5960b65eb93b89da1b1bc59c767834a,List(ScriptWitness(List(ByteVector(71 bytes, 0x30440220020be8b628fb8329d523f19ecd6bf0960731b86fcaea48b846675b74adcc013402206e1c899f6766bec32ff8ba5b5681d7f5bae21f505f0eae8a3b0d801d55f87a4401), ByteVector(33 bytes, 0x03ad4a1f52baa0a1876f4a7ec6c1ad592e96e6d7e54a081394d2a5cdac276d65b1)))),TlvStream(Set(PreviousFundingTxSig(770994d7e35ade5514692b9a00f993f2c3b9de972faa4f756030f11800af8a5c06344d4bdc6d76a40e506dd32a801ec0dd649a92af7f2888050cb3f96c9858c1), ExperimentalPreviousFundingTxSig(770994d7e35ade5514692b9a00f993f2c3b9de972faa4f756030f11800af8a5c06344d4bdc6d76a40e506dd32a801ec0dd649a92af7f2888050cb3f96c9858c1)),Set()))
2025-05-23 14:27:04,639 INFO  f.a.e.db.DbEventHandler n:02da9401ccf8a9742c3b340b505fad514e6db1cb4a9838b12441642e2bf7877b1a c:8954271c4e338710f87f4d859755d26dfe43dfc21cb9ab7541e10614d5ab5aae - paying mining fee=266 sat for txid=d33f41a32b3f0190d06178c3b0c86bf4b5960b65eb93b89da1b1bc59c767834a desc=funding
2025-05-23 14:27:08,646 DEBUG f.a.e.io.PeerConnection SYN n:02da9401ccf8a9742c3b340b505fad514e6db1cb4a9838b12441642e2bf7877b1a - next ping scheduled in 30 seconds
2025-05-23 14:27:08,646 INFO  f.a.e.io.PeerConnection SYN n:02da9401ccf8a9742c3b340b505fad514e6db1cb4a9838b12441642e2bf7877b1a - setting up gossipTimestampFilter=GossipTimestampFilter(06226e46111a0b59caaf126043eb5bbf28c34f3a5e332a1fc7b2b73cf188910f,0 unixsec,4294967295,TlvStream(Set(),Set()))
2025-05-23 14:27:24,754 INFO  f.a.eclair.router.Router PAY h:a383846ab26e3f7cac93684a7207f4706210f169908108f741264ce12291832e p:838ab55d i:838ab55d - finding routes 03ece0a5b4b17bf01b7076d6e14631eb9d09deeda2dab44fcbe6e2f597fc177ce8->02da9401ccf8a9742c3b340b505fad514e6db1cb4a9838b12441642e2bf7877b1a with assistedChannels= ignoreNodes= ignoreChannels= excludedChannels=
2025-05-23 14:27:24,771 INFO  f.a.e.p.s.MultiPartPaymentLifecycle PAY n:02da9401ccf8a9742c3b340b505fad514e6db1cb4a9838b12441642e2bf7877b1a h:a383846ab26e3f7cac93684a7207f4706210f169908108f741264ce12291832e p:838ab55d i:838ab55d - 1 routes found (attempt=1/5)
2025-05-23 14:27:24,783 INFO  f.a.e.p.s.PaymentLifecycle PAY n:02da9401ccf8a9742c3b340b505fad514e6db1cb4a9838b12441642e2bf7877b1a h:a383846ab26e3f7cac93684a7207f4706210f169908108f741264ce12291832e p:838ab55d i:e94acd09 - route found: attempt=1/1 route=02da9401ccf8a9742c3b340b505fad514e6db1cb4a9838b12441642e2bf7877b1a channels=0x34b6802538e5b9f
2025-05-23 14:27:24,798 INFO  f.a.e.i.Peer PAY n:02da9401ccf8a9742c3b340b505fad514e6db1cb4a9838b12441642e2bf7877b1a c:8954271c4e338710f87f4d859755d26dfe43dfc21cb9ab7541e10614d5ab5aae - OUT msg=UpdateAddHtlc(8954271c4e338710f87f4d859755d26dfe43dfc21cb9ab7541e10614d5ab5aae,0,100000000 msat,a383846ab26e3f7cac93684a7207f4706210f169908108f741264ce12291832e,CltvExpiry(402),OnionRoutingPacket(0,ByteVector(33 bytes, 0x02753f2e424b92db6448ba47e773f9302372d7e07495fdb3b8cd6a3ee8617ab829),ByteVector(1300 bytes, #1067757636),882ad89537da99d12aa4e7a727299906eebd749933c153f04096b217bfaf33d5),TlvStream(Set(Endorsement(7)),Set()))
2025-05-23 14:27:24,798 INFO  f.a.eclair.Diagnostics PAY n:02da9401ccf8a9742c3b340b505fad514e6db1cb4a9838b12441642e2bf7877b1a c:8954271c4e338710f87f4d859755d26dfe43dfc21cb9ab7541e10614d5ab5aae - OUT msg=UpdateAddHtlc(8954271c4e338710f87f4d859755d26dfe43dfc21cb9ab7541e10614d5ab5aae,0,100000000 msat,a383846ab26e3f7cac93684a7207f4706210f169908108f741264ce12291832e,CltvExpiry(402),OnionRoutingPacket(0,ByteVector(33 bytes, 0x02753f2e424b92db6448ba47e773f9302372d7e07495fdb3b8cd6a3ee8617ab829),ByteVector(1300 bytes, #1067757636),882ad89537da99d12aa4e7a727299906eebd749933c153f04096b217bfaf33d5),TlvStream(Set(Endorsement(7)),Set()))
2025-05-23 14:27:24,802 INFO  f.a.e.c.fsm.Channel n:02da9401ccf8a9742c3b340b505fad514e6db1cb4a9838b12441642e2bf7877b1a c:8954271c4e338710f87f4d859755d26dfe43dfc21cb9ab7541e10614d5ab5aae - built remote commit number=1 toLocalMsat=0 toRemoteMsat=415008000 htlc_in= htlc_out=0 feeratePerKw=316 sat/kw txid=eeb9680c1284d2ded38f085b5efe3513a49c3de06132daf8475b80ab0927d35c fundingTxId=d33f41a32b3f0190d06178c3b0c86bf4b5960b65eb93b89da1b1bc59c767834a
2025-05-23 14:27:24,804 INFO  f.a.e.c.fsm.Channel n:02da9401ccf8a9742c3b340b505fad514e6db1cb4a9838b12441642e2bf7877b1a c:8954271c4e338710f87f4d859755d26dfe43dfc21cb9ab7541e10614d5ab5aae - built remote commit number=1 toLocalMsat=0 toRemoteMsat=400000000 htlc_in= htlc_out=0 feeratePerKw=316 sat/kw txid=86816381876ed81a611c38796cff3e7d4fbe6650a0dac7a612359212dd56277a fundingTxId=82ff86b61a2b719ef9aca3d3fad72437355edc82bed5841037b3e99ad4a2127d
2025-05-23 14:27:24,807 DEBUG f.a.e.c.fsm.Channel n:02da9401ccf8a9742c3b340b505fad514e6db1cb4a9838b12441642e2bf7877b1a c:8954271c4e338710f87f4d859755d26dfe43dfc21cb9ab7541e10614d5ab5aae - sending a new sig, spec:
specs:
localcommit:
  toLocal: 515008000 msat
  toRemote: 0 msat
  htlcs:

remotecommit:
  toLocal: 0 msat
  toRemote: 515008000 msat
  htlcs:

next remotecommit:
  toLocal: 0 msat
  toRemote: 415008000 msat
  htlcs:
    IN 0 CltvExpiry(402)
2025-05-23 14:27:24,807 DEBUG f.a.e.c.fsm.Channel n:02da9401ccf8a9742c3b340b505fad514e6db1cb4a9838b12441642e2bf7877b1a c:8954271c4e338710f87f4d859755d26dfe43dfc21cb9ab7541e10614d5ab5aae - adding paymentHash=a383846ab26e3f7cac93684a7207f4706210f169908108f741264ce12291832e cltvExpiry=CltvExpiry(402) to htlcs db for commitNumber=1
2025-05-23 14:27:24,810 DEBUG f.a.e.c.fsm.Channel n:02da9401ccf8a9742c3b340b505fad514e6db1cb4a9838b12441642e2bf7877b1a c:8954271c4e338710f87f4d859755d26dfe43dfc21cb9ab7541e10614d5ab5aae - updating database record for channelId=8954271c4e338710f87f4d859755d26dfe43dfc21cb9ab7541e10614d5ab5aae
2025-05-23 14:27:24,815 DEBUG f.a.e.c.fsm.Channel n:02da9401ccf8a9742c3b340b505fad514e6db1cb4a9838b12441642e2bf7877b1a c:8954271c4e338710f87f4d859755d26dfe43dfc21cb9ab7541e10614d5ab5aae - scheduling acknowledgement of cmds ids=
2025-05-23 14:27:24,816 INFO  f.a.e.i.Peer n:02da9401ccf8a9742c3b340b505fad514e6db1cb4a9838b12441642e2bf7877b1a c:8954271c4e338710f87f4d859755d26dfe43dfc21cb9ab7541e10614d5ab5aae - OUT msg=CommitSig(8954271c4e338710f87f4d859755d26dfe43dfc21cb9ab7541e10614d5ab5aae,0ff6473e6d04214b03c363206acd0e44a85cc9ddc9514ec8fb455dc6537ccf627d13c73dc8127400ac9ae29aa67b9ba12ce1cbe9e23c823bbb8e55a4d1b80559,List(0a8741e3d8ce24e31549e9d5f3ddb95c6a1ec58b57d424d0fe77dc2fa5128cf20bea0bbbe25c53e550971bdc7dec3f2180e6421a28a1dcd59ef1fc4a5e2d28cb),TlvStream(Set(BatchTlv(2,d33f41a32b3f0190d06178c3b0c86bf4b5960b65eb93b89da1b1bc59c767834a)),Set()))
2025-05-23 14:27:24,816 INFO  f.a.e.i.Peer n:02da9401ccf8a9742c3b340b505fad514e6db1cb4a9838b12441642e2bf7877b1a c:8954271c4e338710f87f4d859755d26dfe43dfc21cb9ab7541e10614d5ab5aae - OUT msg=CommitSig(8954271c4e338710f87f4d859755d26dfe43dfc21cb9ab7541e10614d5ab5aae,17a705b8be5aef060e619ed0cf2fd5517b4a8d43ef7cd63e04231a74ff1fd4bf34ed9bf8eac836c2c380db160b121a8a1cdcf40e1b9e5af5ff2aef8129289340,List(7161c206166f89230bd0097414ef5d73921fd16ed7dcd521917ebeb6c7d0c13c73f550292536afd4c27fad48785ee37837598fa7f0642d41832e75d7d220c8db),TlvStream(Set(BatchTlv(2,82ff86b61a2b719ef9aca3d3fad72437355edc82bed5841037b3e99ad4a2127d)),Set()))
2025-05-23 14:27:24,816 INFO  f.a.eclair.Diagnostics n:02da9401ccf8a9742c3b340b505fad514e6db1cb4a9838b12441642e2bf7877b1a c:8954271c4e338710f87f4d859755d26dfe43dfc21cb9ab7541e10614d5ab5aae - OUT msg=CommitSig(8954271c4e338710f87f4d859755d26dfe43dfc21cb9ab7541e10614d5ab5aae,0ff6473e6d04214b03c363206acd0e44a85cc9ddc9514ec8fb455dc6537ccf627d13c73dc8127400ac9ae29aa67b9ba12ce1cbe9e23c823bbb8e55a4d1b80559,List(0a8741e3d8ce24e31549e9d5f3ddb95c6a1ec58b57d424d0fe77dc2fa5128cf20bea0bbbe25c53e550971bdc7dec3f2180e6421a28a1dcd59ef1fc4a5e2d28cb),TlvStream(Set(BatchTlv(2,d33f41a32b3f0190d06178c3b0c86bf4b5960b65eb93b89da1b1bc59c767834a)),Set()))
2025-05-23 14:27:24,817 INFO  f.a.eclair.Diagnostics n:02da9401ccf8a9742c3b340b505fad514e6db1cb4a9838b12441642e2bf7877b1a c:8954271c4e338710f87f4d859755d26dfe43dfc21cb9ab7541e10614d5ab5aae - OUT msg=CommitSig(8954271c4e338710f87f4d859755d26dfe43dfc21cb9ab7541e10614d5ab5aae,17a705b8be5aef060e619ed0cf2fd5517b4a8d43ef7cd63e04231a74ff1fd4bf34ed9bf8eac836c2c380db160b121a8a1cdcf40e1b9e5af5ff2aef8129289340,List(7161c206166f89230bd0097414ef5d73921fd16ed7dcd521917ebeb6c7d0c13c73f550292536afd4c27fad48785ee37837598fa7f0642d41832e75d7d220c8db),TlvStream(Set(BatchTlv(2,82ff86b61a2b719ef9aca3d3fad72437355edc82bed5841037b3e99ad4a2127d)),Set()))
2025-05-23 14:27:24,824 INFO  f.a.eclair.Diagnostics n:02da9401ccf8a9742c3b340b505fad514e6db1cb4a9838b12441642e2bf7877b1a c:8954271c4e338710f87f4d859755d26dfe43dfc21cb9ab7541e10614d5ab5aae - IN msg=RevokeAndAck(8954271c4e338710f87f4d859755d26dfe43dfc21cb9ab7541e10614d5ab5aae,<private_key>,0229b4e92252041c2697da0c2cbdaad7092741b995bdfca675ede2cea7b35ccf4c,TlvStream(Set(),Set()))
2025-05-23 14:27:24,824 DEBUG f.a.e.io.PeerConnection n:02da9401ccf8a9742c3b340b505fad514e6db1cb4a9838b12441642e2bf7877b1a - next ping scheduled in 30 seconds
2025-05-23 14:27:24,824 INFO  f.a.e.i.Peer n:02da9401ccf8a9742c3b340b505fad514e6db1cb4a9838b12441642e2bf7877b1a c:8954271c4e338710f87f4d859755d26dfe43dfc21cb9ab7541e10614d5ab5aae - IN msg=RevokeAndAck(8954271c4e338710f87f4d859755d26dfe43dfc21cb9ab7541e10614d5ab5aae,<private_key>,0229b4e92252041c2697da0c2cbdaad7092741b995bdfca675ede2cea7b35ccf4c,TlvStream(Set(),Set()))
2025-05-23 14:27:24,827 DEBUG f.a.e.c.fsm.Channel n:02da9401ccf8a9742c3b340b505fad514e6db1cb4a9838b12441642e2bf7877b1a c:8954271c4e338710f87f4d859755d26dfe43dfc21cb9ab7541e10614d5ab5aae - received a new rev, spec:
specs:
localcommit:
  toLocal: 515008000 msat
  toRemote: 0 msat
  htlcs:

remotecommit:
  toLocal: 0 msat
  toRemote: 415008000 msat
  htlcs:
    IN 0 CltvExpiry(402)
next remotecommit:
  toLocal: N/A
  toRemote: N/A
  htlcs:
N/A
2025-05-23 14:27:24,827 DEBUG f.a.e.c.fsm.Channel n:02da9401ccf8a9742c3b340b505fad514e6db1cb4a9838b12441642e2bf7877b1a c:8954271c4e338710f87f4d859755d26dfe43dfc21cb9ab7541e10614d5ab5aae - updating database record for channelId=8954271c4e338710f87f4d859755d26dfe43dfc21cb9ab7541e10614d5ab5aae
2025-05-23 14:27:24,837 INFO  f.a.eclair.Diagnostics n:02da9401ccf8a9742c3b340b505fad514e6db1cb4a9838b12441642e2bf7877b1a c:8954271c4e338710f87f4d859755d26dfe43dfc21cb9ab7541e10614d5ab5aae - IN msg=CommitSig(8954271c4e338710f87f4d859755d26dfe43dfc21cb9ab7541e10614d5ab5aae,6f1bb935c048d24cab2a60624c118f9abecd48035523771dd14b64f25312f23b05f751c9fd17e98a72fb89de9003d0c4f8ea5863eb87415bfff5b5b8b6964d42,List(50a8349165354cd5c3b99f065d3e847cd225e334e5638120d9d4d2599905191d43393f38e0ec672f97463e15420f9745d8c355b2380bf4e42116f3bf040c3b52),TlvStream(Set(BatchTlv(2,82ff86b61a2b719ef9aca3d3fad72437355edc82bed5841037b3e99ad4a2127d)),Set()))
2025-05-23 14:27:24,838 DEBUG f.a.e.io.PeerConnection n:02da9401ccf8a9742c3b340b505fad514e6db1cb4a9838b12441642e2bf7877b1a - next ping scheduled in 30 seconds
2025-05-23 14:27:24,838 INFO  f.a.eclair.Diagnostics n:02da9401ccf8a9742c3b340b505fad514e6db1cb4a9838b12441642e2bf7877b1a c:8954271c4e338710f87f4d859755d26dfe43dfc21cb9ab7541e10614d5ab5aae - IN msg=CommitSig(8954271c4e338710f87f4d859755d26dfe43dfc21cb9ab7541e10614d5ab5aae,6a5c3350771226661f85e92d1ff17ad0874159fc68a2b47e668da8ebb2bb428d270fef70038bd433efb86a4d365960366dc7e9483553e447b2fdb9afc7241865,List(3fe3fd30089bd7f7e5c88be80afd665d08ae557306febb3b4f7dc3e8ce615eb6103de42cfc85e6025ee2c9662b9d23325cb35a3be089b944656515d659b5f891),TlvStream(Set(BatchTlv(2,d33f41a32b3f0190d06178c3b0c86bf4b5960b65eb93b89da1b1bc59c767834a)),Set()))
2025-05-23 14:27:24,838 INFO  f.a.e.i.Peer n:02da9401ccf8a9742c3b340b505fad514e6db1cb4a9838b12441642e2bf7877b1a c:8954271c4e338710f87f4d859755d26dfe43dfc21cb9ab7541e10614d5ab5aae - IN msg=CommitSig(8954271c4e338710f87f4d859755d26dfe43dfc21cb9ab7541e10614d5ab5aae,6f1bb935c048d24cab2a60624c118f9abecd48035523771dd14b64f25312f23b05f751c9fd17e98a72fb89de9003d0c4f8ea5863eb87415bfff5b5b8b6964d42,List(50a8349165354cd5c3b99f065d3e847cd225e334e5638120d9d4d2599905191d43393f38e0ec672f97463e15420f9745d8c355b2380bf4e42116f3bf040c3b52),TlvStream(Set(BatchTlv(2,82ff86b61a2b719ef9aca3d3fad72437355edc82bed5841037b3e99ad4a2127d)),Set()))
2025-05-23 14:27:24,838 DEBUG f.a.e.io.PeerConnection n:02da9401ccf8a9742c3b340b505fad514e6db1cb4a9838b12441642e2bf7877b1a - next ping scheduled in 30 seconds
2025-05-23 14:27:24,838 INFO  f.a.e.i.Peer n:02da9401ccf8a9742c3b340b505fad514e6db1cb4a9838b12441642e2bf7877b1a c:8954271c4e338710f87f4d859755d26dfe43dfc21cb9ab7541e10614d5ab5aae - IN msg=CommitSig(8954271c4e338710f87f4d859755d26dfe43dfc21cb9ab7541e10614d5ab5aae,6a5c3350771226661f85e92d1ff17ad0874159fc68a2b47e668da8ebb2bb428d270fef70038bd433efb86a4d365960366dc7e9483553e447b2fdb9afc7241865,List(3fe3fd30089bd7f7e5c88be80afd665d08ae557306febb3b4f7dc3e8ce615eb6103de42cfc85e6025ee2c9662b9d23325cb35a3be089b944656515d659b5f891),TlvStream(Set(BatchTlv(2,d33f41a32b3f0190d06178c3b0c86bf4b5960b65eb93b89da1b1bc59c767834a)),Set()))
2025-05-23 14:27:24,838 DEBUG f.a.e.c.fsm.Channel n:02da9401ccf8a9742c3b340b505fad514e6db1cb4a9838b12441642e2bf7877b1a c:8954271c4e338710f87f4d859755d26dfe43dfc21cb9ab7541e10614d5ab5aae - received sig for batch of size=2 for fundingTxId=Some(82ff86b61a2b719ef9aca3d3fad72437355edc82bed5841037b3e99ad4a2127d)
2025-05-23 14:27:24,838 DEBUG f.a.e.c.fsm.Channel n:02da9401ccf8a9742c3b340b505fad514e6db1cb4a9838b12441642e2bf7877b1a c:8954271c4e338710f87f4d859755d26dfe43dfc21cb9ab7541e10614d5ab5aae - received sig for batch of size=2 for fundingTxId=Some(d33f41a32b3f0190d06178c3b0c86bf4b5960b65eb93b89da1b1bc59c767834a)
2025-05-23 14:27:24,843 INFO  f.a.e.c.fsm.Channel n:02da9401ccf8a9742c3b340b505fad514e6db1cb4a9838b12441642e2bf7877b1a c:8954271c4e338710f87f4d859755d26dfe43dfc21cb9ab7541e10614d5ab5aae - built local commit number=1 toLocalMsat=415008000 toRemoteMsat=0 htlc_in= htlc_out=0 feeratePerKw=316 sat/kw txid=8f16df507d1451a1169cee47188e29798db51775bb0a782b3eea496fe0740eb6 fundingTxId=d33f41a32b3f0190d06178c3b0c86bf4b5960b65eb93b89da1b1bc59c767834a
2025-05-23 14:27:24,844 INFO  f.a.e.c.fsm.Channel n:02da9401ccf8a9742c3b340b505fad514e6db1cb4a9838b12441642e2bf7877b1a c:8954271c4e338710f87f4d859755d26dfe43dfc21cb9ab7541e10614d5ab5aae - built local commit number=1 toLocalMsat=400000000 toRemoteMsat=0 htlc_in= htlc_out=0 feeratePerKw=316 sat/kw txid=d95a68675498e4590316f058232513f591b323f94ec82adca3f451bd06be6535 fundingTxId=82ff86b61a2b719ef9aca3d3fad72437355edc82bed5841037b3e99ad4a2127d
2025-05-23 14:27:24,845 DEBUG f.a.e.c.fsm.Channel n:02da9401ccf8a9742c3b340b505fad514e6db1cb4a9838b12441642e2bf7877b1a c:8954271c4e338710f87f4d859755d26dfe43dfc21cb9ab7541e10614d5ab5aae - Ignoring commit sigs for interop test: Disconnection after exchanging tx_signatures and both sides send commit_sig for channel update
2025-05-23 14:27:24,845 DEBUG fr.acinq.eclair.io.Peer CON n:02da9401ccf8a9742c3b340b505fad514e6db1cb4a9838b12441642e2bf7877b1a - disconnecting
2025-05-23 14:27:24,846 DEBUG f.a.e.io.PeerConnection CON n:02da9401ccf8a9742c3b340b505fad514e6db1cb4a9838b12441642e2bf7877b1a - stopping with reason=UserRequest
2025-05-23 14:27:24,848 DEBUG fr.acinq.eclair.io.Peer CON n:02da9401ccf8a9742c3b340b505fad514e6db1cb4a9838b12441642e2bf7877b1a - connection lost
2025-05-23 14:27:24,849 INFO  f.a.e.i.ReconnectionTask CON n:02da9401ccf8a9742c3b340b505fad514e6db1cb4a9838b12441642e2bf7877b1a - peer is disconnected, next reconnection in 7011 milliseconds
2025-05-23 14:27:24,849 INFO  f.a.e.c.TransportHandler CON n:02da9401ccf8a9742c3b340b505fad514e6db1cb4a9838b12441642e2bf7877b1a - stopping (unackedReceived= unackedSent=None)
2025-05-23 14:27:31,897 DEBUG f.a.e.i.ReconnectionTask CON n:02da9401ccf8a9742c3b340b505fad514e6db1cb4a9838b12441642e2bf7877b1a - connecting to 127.0.0.1:9737
2025-05-23 14:27:31,897 INFO  f.a.e.io.ClientSpawner - initiating new connection to nodeId=02da9401ccf8a9742c3b340b505fad514e6db1cb4a9838b12441642e2bf7877b1a origin=Actor[akka://eclair-node/deadLetters]
2025-05-23 14:27:31,899 INFO  f.acinq.eclair.io.Client CON n:02da9401ccf8a9742c3b340b505fad514e6db1cb4a9838b12441642e2bf7877b1a - connected to 127.0.0.1:9737
2025-05-23 14:27:31,902 INFO  f.a.e.io.PeerConnection CON n:02da9401ccf8a9742c3b340b505fad514e6db1cb4a9838b12441642e2bf7877b1a - connection authenticated (direction=outgoing)
2025-05-23 14:27:31,903 DEBUG f.a.e.io.PeerConnection CON n:02da9401ccf8a9742c3b340b505fad514e6db1cb4a9838b12441642e2bf7877b1a - using features=option_simple_close:optional,option_route_blinding:optional,option_dual_fund:optional,gossip_queries_ex:optional,option_quiesce:optional,option_data_loss_protect:mandatory,option_static_remotekey:mandatory,option_scid_alias:optional,option_onion_messages:optional,option_support_large_channel:optional,option_anchors_zero_fee_htlc_tx:optional,payment_secret:mandatory,option_shutdown_anysegwit:optional,option_channel_type:mandatory,basic_mpp:optional,gossip_queries:optional,var_onion_optin:mandatory,option_splice:optional
2025-05-23 14:27:31,904 DEBUG f.a.e.io.PeerConnection CON n:02da9401ccf8a9742c3b340b505fad514e6db1cb4a9838b12441642e2bf7877b1a - next ping scheduled in 30 seconds
2025-05-23 14:27:31,905 INFO  f.a.e.io.PeerConnection CON n:02da9401ccf8a9742c3b340b505fad514e6db1cb4a9838b12441642e2bf7877b1a - peer is using features=option_upfront_shutdown_script:optional,option_route_blinding:optional,option_zeroconf:optional,option_dual_fund:optional,gossip_queries_ex:optional,option_quiesce:optional,option_data_loss_protect:mandatory,option_static_remotekey:mandatory,option_scid_alias:optional,option_onion_messages:optional,option_support_large_channel:optional,option_anchors_zero_fee_htlc_tx:optional,payment_secret:mandatory,option_shutdown_anysegwit:optional,option_channel_type:optional,basic_mpp:optional,gossip_queries:optional,var_onion_optin:mandatory,option_splice:optional, networks=06226e46111a0b59caaf126043eb5bbf28c34f3a5e332a1fc7b2b73cf188910f
2025-05-23 14:27:31,905 INFO  f.a.e.io.PeerConnection CON n:02da9401ccf8a9742c3b340b505fad514e6db1cb4a9838b12441642e2bf7877b1a - peer reports that our IP address is 127.0.0.1:52802 (public=false)
2025-05-23 14:27:31,905 DEBUG f.a.e.io.PeerConnection CON n:02da9401ccf8a9742c3b340b505fad514e6db1cb4a9838b12441642e2bf7877b1a - rebroadcast will be delayed by 53 seconds
2025-05-23 14:27:31,905 DEBUG fr.acinq.eclair.io.Peer CON n:02da9401ccf8a9742c3b340b505fad514e6db1cb4a9838b12441642e2bf7877b1a - got authenticated connection to address 127.0.0.1:9737
2025-05-23 14:27:31,905 DEBUG f.a.e.io.PeerConnection n:02da9401ccf8a9742c3b340b505fad514e6db1cb4a9838b12441642e2bf7877b1a - sending sync channel range query with flags_opt=Some(QueryFlags(3)) replacePrevious=true
2025-05-23 14:27:31,907 DEBUG f.a.e.i.ReconnectionTask CON n:02da9401ccf8a9742c3b340b505fad514e6db1cb4a9838b12441642e2bf7877b1a - peer is connected
2025-05-23 14:27:31,907 DEBUG f.a.e.io.PeerConnection SYN n:02da9401ccf8a9742c3b340b505fad514e6db1cb4a9838b12441642e2bf7877b1a - next ping scheduled in 30 seconds
2025-05-23 14:27:31,907 INFO  f.a.e.io.PeerConnection SYN n:02da9401ccf8a9742c3b340b505fad514e6db1cb4a9838b12441642e2bf7877b1a - setting up gossipTimestampFilter=GossipTimestampFilter(06226e46111a0b59caaf126043eb5bbf28c34f3a5e332a1fc7b2b73cf188910f,0 unixsec,4294967295,TlvStream(Set(),Set()))
2025-05-23 14:27:31,910 DEBUG f.a.e.io.PeerConnection SYN n:02da9401ccf8a9742c3b340b505fad514e6db1cb4a9838b12441642e2bf7877b1a - next ping scheduled in 30 seconds
2025-05-23 14:27:31,911 INFO  f.a.eclair.router.Router SYN n:02da9401ccf8a9742c3b340b505fad514e6db1cb4a9838b12441642e2bf7877b1a - received empty reply_channel_range, sync is complete
2025-05-23 14:27:31,911 DEBUG f.a.e.c.fsm.Channel n:02da9401ccf8a9742c3b340b505fad514e6db1cb4a9838b12441642e2bf7877b1a c:8954271c4e338710f87f4d859755d26dfe43dfc21cb9ab7541e10614d5ab5aae - localFundingStatus=DualFundedUnconfirmedFundingTx(FullySignedSharedTransaction(SharedTransaction(Some(Shared(2,82ff86b61a2b719ef9aca3d3fad72437355edc82bed5841037b3e99ad4a2127d:0,ByteVector(34 bytes, 0x00206ae031650b682aa16f5dafbd2c407368705dc2d70fbdc2fd79463a7bce46d743),4294967293,500000000 msat,0 msat,0 msat)),Shared(6,ByteVector(34 bytes, 0x002059caa05123712e0f0c94cc939642f6ae58f65fc6ebe13d2ba275b3b063b0ec5f),515008000 msat,0 msat,0 msat),List(Local(0,02000000012902b450d42306604e6b7f70567ff6a1d7fc35652e0444f11c25dbf4a493a0900000000000fdffffff027310102401000000160014e3f9b31ff1585769803bf57c93321139bf7571b000e1f505000000001600143766df4ea6e76f77ad31e74a928354cf070bbf7196000000,0,4294967293)),List(),List(Change(4,4899984585 sat,ByteVector(34 bytes, 0x5120bbaf180a79ce706dd7f5bace3995ad4a9b365729dfde172866914a1ae8a7f594))),List(),159),TxSignatures(8954271c4e338710f87f4d859755d26dfe43dfc21cb9ab7541e10614d5ab5aae,d33f41a32b3f0190d06178c3b0c86bf4b5960b65eb93b89da1b1bc59c767834a,List(ScriptWitness(List(ByteVector(71 bytes, 0x30440220020be8b628fb8329d523f19ecd6bf0960731b86fcaea48b846675b74adcc013402206e1c899f6766bec32ff8ba5b5681d7f5bae21f505f0eae8a3b0d801d55f87a4401), ByteVector(33 bytes, 0x03ad4a1f52baa0a1876f4a7ec6c1ad592e96e6d7e54a081394d2a5cdac276d65b1)))),TlvStream(Set(PreviousFundingTxSig(770994d7e35ade5514692b9a00f993f2c3b9de972faa4f756030f11800af8a5c06344d4bdc6d76a40e506dd32a801ec0dd649a92af7f2888050cb3f96c9858c1), ExperimentalPreviousFundingTxSig(770994d7e35ade5514692b9a00f993f2c3b9de972faa4f756030f11800af8a5c06344d4bdc6d76a40e506dd32a801ec0dd649a92af7f2888050cb3f96c9858c1)),Set())),TxSignatures(8954271c4e338710f87f4d859755d26dfe43dfc21cb9ab7541e10614d5ab5aae,d33f41a32b3f0190d06178c3b0c86bf4b5960b65eb93b89da1b1bc59c767834a,List(),TlvStream(Set(PreviousFundingTxSig(3a3c724780223b5aa453ec939f65c5de054ea6a6bbd5d06295e8dfa16e96d9075a02dabe65a8886eefb4a43ec40fa906dae0a221c489cdfdde8e624f7f7908d6)),Set())),Some(ScriptWitness(List(ByteVector(empty), ByteVector(71 bytes, 0x304402203a3c724780223b5aa453ec939f65c5de054ea6a6bbd5d06295e8dfa16e96d90702205a02dabe65a8886eefb4a43ec40fa906dae0a221c489cdfdde8e624f7f7908d601), ByteVector(71 bytes, 0x30440220770994d7e35ade5514692b9a00f993f2c3b9de972faa4f756030f11800af8a5c022006344d4bdc6d76a40e506dd32a801ec0dd649a92af7f2888050cb3f96c9858c101), ByteVector(71 bytes, 0x522103ba22657ec881c12651e3b865e6a2cfa1b963fe0c6c9d4834f00a7bb9f4ed01832103d789cc3bd050d944f7f1117176c4776e8c6c3ca4ac5f12416456064851e548fe52ae))))),159,InteractiveTxParams(8954271c4e338710f87f4d859755d26dfe43dfc21cb9ab7541e10614d5ab5aae,true,15008 sat,0 sat,Some(Multisig2of2Input(InputInfo(82ff86b61a2b719ef9aca3d3fad72437355edc82bed5841037b3e99ad4a2127d:0,TxOut(500000 sat,ByteVector(34 bytes, 0x00206ae031650b682aa16f5dafbd2c407368705dc2d70fbdc2fd79463a7bce46d743)),ByteVector(empty)),0,03ba22657ec881c12651e3b865e6a2cfa1b963fe0c6c9d4834f00a7bb9f4ed0183)),03ba22657ec881c12651e3b865e6a2cfa1b963fe0c6c9d4834f00a7bb9f4ed0183,List(),159,546 sat,253 sat/kw,RequireConfirmedInputs(false,false)),None), d.commitments.remoteCommitIndex=1, localFundingStatus.sharedTx.txId=d33f41a32b3f0190d06178c3b0c86bf4b5960b65eb93b89da1b1bc59c767834a
2025-05-23 14:27:31,912 DEBUG f.a.e.c.fsm.Channel n:02da9401ccf8a9742c3b340b505fad514e6db1cb4a9838b12441642e2bf7877b1a c:8954271c4e338710f87f4d859755d26dfe43dfc21cb9ab7541e10614d5ab5aae - our channel_reestablish: next_funding_tx_id=None, your_last_funding_locked=Some(82ff86b61a2b719ef9aca3d3fad72437355edc82bed5841037b3e99ad4a2127d), my_current_funding_Locked=Some(82ff86b61a2b719ef9aca3d3fad72437355edc82bed5841037b3e99ad4a2127d), next_local_commit_number=1
2025-05-23 14:27:31,912 INFO  f.a.eclair.Diagnostics CON n:02da9401ccf8a9742c3b340b505fad514e6db1cb4a9838b12441642e2bf7877b1a c:8954271c4e338710f87f4d859755d26dfe43dfc21cb9ab7541e10614d5ab5aae - IN msg=ChannelReestablish(8954271c4e338710f87f4d859755d26dfe43dfc21cb9ab7541e10614d5ab5aae,2,0,<private_key>,03dcc5ad7a2cc09d626399cd7e5e23308132bf79392245c571d84f80f6a09294f2,TlvStream(Set(YourLastFundingLockedTlv(82ff86b61a2b719ef9aca3d3fad72437355edc82bed5841037b3e99ad4a2127d), MyCurrentFundingLockedTlv(82ff86b61a2b719ef9aca3d3fad72437355edc82bed5841037b3e99ad4a2127d)),Set()))
2025-05-23 14:27:31,912 DEBUG f.a.e.io.PeerConnection CON n:02da9401ccf8a9742c3b340b505fad514e6db1cb4a9838b12441642e2bf7877b1a - next ping scheduled in 30 seconds
2025-05-23 14:27:31,912 INFO  f.a.e.i.Peer CON n:02da9401ccf8a9742c3b340b505fad514e6db1cb4a9838b12441642e2bf7877b1a c:8954271c4e338710f87f4d859755d26dfe43dfc21cb9ab7541e10614d5ab5aae - IN msg=ChannelReestablish(8954271c4e338710f87f4d859755d26dfe43dfc21cb9ab7541e10614d5ab5aae,2,0,<private_key>,03dcc5ad7a2cc09d626399cd7e5e23308132bf79392245c571d84f80f6a09294f2,TlvStream(Set(YourLastFundingLockedTlv(82ff86b61a2b719ef9aca3d3fad72437355edc82bed5841037b3e99ad4a2127d), MyCurrentFundingLockedTlv(82ff86b61a2b719ef9aca3d3fad72437355edc82bed5841037b3e99ad4a2127d)),Set()))
2025-05-23 14:27:31,912 INFO  f.a.e.i.Peer CON n:02da9401ccf8a9742c3b340b505fad514e6db1cb4a9838b12441642e2bf7877b1a c:8954271c4e338710f87f4d859755d26dfe43dfc21cb9ab7541e10614d5ab5aae - OUT msg=ChannelReestablish(8954271c4e338710f87f4d859755d26dfe43dfc21cb9ab7541e10614d5ab5aae,1,1,<private_key>,02ff09054317cc3e0c75243fa7686447a55f8c42bd812e2b814d9a114697a45108,TlvStream(Set(MyCurrentFundingLockedTlv(82ff86b61a2b719ef9aca3d3fad72437355edc82bed5841037b3e99ad4a2127d), YourLastFundingLockedTlv(82ff86b61a2b719ef9aca3d3fad72437355edc82bed5841037b3e99ad4a2127d)),Set()))
2025-05-23 14:27:31,912 INFO  f.a.eclair.Diagnostics CON n:02da9401ccf8a9742c3b340b505fad514e6db1cb4a9838b12441642e2bf7877b1a c:8954271c4e338710f87f4d859755d26dfe43dfc21cb9ab7541e10614d5ab5aae - OUT msg=ChannelReestablish(8954271c4e338710f87f4d859755d26dfe43dfc21cb9ab7541e10614d5ab5aae,1,1,<private_key>,02ff09054317cc3e0c75243fa7686447a55f8c42bd812e2b814d9a114697a45108,TlvStream(Set(MyCurrentFundingLockedTlv(82ff86b61a2b719ef9aca3d3fad72437355edc82bed5841037b3e99ad4a2127d), YourLastFundingLockedTlv(82ff86b61a2b719ef9aca3d3fad72437355edc82bed5841037b3e99ad4a2127d)),Set()))
2025-05-23 14:27:31,913 DEBUG f.a.e.c.fsm.Channel CON n:02da9401ccf8a9742c3b340b505fad514e6db1cb4a9838b12441642e2bf7877b1a c:8954271c4e338710f87f4d859755d26dfe43dfc21cb9ab7541e10614d5ab5aae - their channel_reestablish: next_funding_tx_id=None, your_last_funding_locked=Some(82ff86b61a2b719ef9aca3d3fad72437355edc82bed5841037b3e99ad4a2127d), my_current_funding_Locked=Some(82ff86b61a2b719ef9aca3d3fad72437355edc82bed5841037b3e99ad4a2127d), next_local_commit_number=2
2025-05-23 14:27:31,913 DEBUG f.a.e.c.fsm.Channel CON n:02da9401ccf8a9742c3b340b505fad514e6db1cb4a9838b12441642e2bf7877b1a c:8954271c4e338710f87f4d859755d26dfe43dfc21cb9ab7541e10614d5ab5aae - d.spliceStatus=NoSplice, d.commitments.remoteCommitIndex=1, d.commitments.latest.fundingTxId=d33f41a32b3f0190d06178c3b0c86bf4b5960b65eb93b89da1b1bc59c767834a
2025-05-23 14:27:31,914 INFO  f.a.e.c.fsm.Channel CON n:02da9401ccf8a9742c3b340b505fad514e6db1cb4a9838b12441642e2bf7877b1a c:8954271c4e338710f87f4d859755d26dfe43dfc21cb9ab7541e10614d5ab5aae - setting remoteFundingStatus=Locked$ for fundingTxId=82ff86b61a2b719ef9aca3d3fad72437355edc82bed5841037b3e99ad4a2127d fundingTxIndex=0
2025-05-23 14:27:31,915 DEBUG f.a.e.c.fsm.Channel CON n:02da9401ccf8a9742c3b340b505fad514e6db1cb4a9838b12441642e2bf7877b1a c:8954271c4e338710f87f4d859755d26dfe43dfc21cb9ab7541e10614d5ab5aae - discarding proposed OUT: 
2025-05-23 14:27:31,915 DEBUG f.a.e.c.fsm.Channel CON n:02da9401ccf8a9742c3b340b505fad514e6db1cb4a9838b12441642e2bf7877b1a c:8954271c4e338710f87f4d859755d26dfe43dfc21cb9ab7541e10614d5ab5aae - discarding proposed IN: 
2025-05-23 14:27:31,915 DEBUG f.a.e.c.fsm.Channel CON n:02da9401ccf8a9742c3b340b505fad514e6db1cb4a9838b12441642e2bf7877b1a c:8954271c4e338710f87f4d859755d26dfe43dfc21cb9ab7541e10614d5ab5aae - localNextHtlcId=1->1
2025-05-23 14:27:31,915 DEBUG f.a.e.c.fsm.Channel CON n:02da9401ccf8a9742c3b340b505fad514e6db1cb4a9838b12441642e2bf7877b1a c:8954271c4e338710f87f4d859755d26dfe43dfc21cb9ab7541e10614d5ab5aae - remoteNextHtlcId=0->0
2025-05-23 14:27:31,917 INFO  f.a.eclair.Diagnostics n:02da9401ccf8a9742c3b340b505fad514e6db1cb4a9838b12441642e2bf7877b1a c:8954271c4e338710f87f4d859755d26dfe43dfc21cb9ab7541e10614d5ab5aae - IN msg=CommitSig(8954271c4e338710f87f4d859755d26dfe43dfc21cb9ab7541e10614d5ab5aae,6f1bb935c048d24cab2a60624c118f9abecd48035523771dd14b64f25312f23b05f751c9fd17e98a72fb89de9003d0c4f8ea5863eb87415bfff5b5b8b6964d42,List(50a8349165354cd5c3b99f065d3e847cd225e334e5638120d9d4d2599905191d43393f38e0ec672f97463e15420f9745d8c355b2380bf4e42116f3bf040c3b52),TlvStream(Set(BatchTlv(2,82ff86b61a2b719ef9aca3d3fad72437355edc82bed5841037b3e99ad4a2127d)),Set()))
2025-05-23 14:27:31,917 DEBUG f.a.e.io.PeerConnection n:02da9401ccf8a9742c3b340b505fad514e6db1cb4a9838b12441642e2bf7877b1a - next ping scheduled in 30 seconds
2025-05-23 14:27:31,917 INFO  f.a.e.i.Peer n:02da9401ccf8a9742c3b340b505fad514e6db1cb4a9838b12441642e2bf7877b1a c:8954271c4e338710f87f4d859755d26dfe43dfc21cb9ab7541e10614d5ab5aae - IN msg=CommitSig(8954271c4e338710f87f4d859755d26dfe43dfc21cb9ab7541e10614d5ab5aae,6f1bb935c048d24cab2a60624c118f9abecd48035523771dd14b64f25312f23b05f751c9fd17e98a72fb89de9003d0c4f8ea5863eb87415bfff5b5b8b6964d42,List(50a8349165354cd5c3b99f065d3e847cd225e334e5638120d9d4d2599905191d43393f38e0ec672f97463e15420f9745d8c355b2380bf4e42116f3bf040c3b52),TlvStream(Set(BatchTlv(2,82ff86b61a2b719ef9aca3d3fad72437355edc82bed5841037b3e99ad4a2127d)),Set()))
2025-05-23 14:27:31,917 INFO  f.a.eclair.Diagnostics n:02da9401ccf8a9742c3b340b505fad514e6db1cb4a9838b12441642e2bf7877b1a c:8954271c4e338710f87f4d859755d26dfe43dfc21cb9ab7541e10614d5ab5aae - IN msg=CommitSig(8954271c4e338710f87f4d859755d26dfe43dfc21cb9ab7541e10614d5ab5aae,6a5c3350771226661f85e92d1ff17ad0874159fc68a2b47e668da8ebb2bb428d270fef70038bd433efb86a4d365960366dc7e9483553e447b2fdb9afc7241865,List(3fe3fd30089bd7f7e5c88be80afd665d08ae557306febb3b4f7dc3e8ce615eb6103de42cfc85e6025ee2c9662b9d23325cb35a3be089b944656515d659b5f891),TlvStream(Set(BatchTlv(2,d33f41a32b3f0190d06178c3b0c86bf4b5960b65eb93b89da1b1bc59c767834a)),Set()))
2025-05-23 14:27:31,917 DEBUG f.a.e.io.PeerConnection n:02da9401ccf8a9742c3b340b505fad514e6db1cb4a9838b12441642e2bf7877b1a - next ping scheduled in 30 seconds
2025-05-23 14:27:31,917 INFO  f.a.e.i.Peer n:02da9401ccf8a9742c3b340b505fad514e6db1cb4a9838b12441642e2bf7877b1a c:8954271c4e338710f87f4d859755d26dfe43dfc21cb9ab7541e10614d5ab5aae - IN msg=CommitSig(8954271c4e338710f87f4d859755d26dfe43dfc21cb9ab7541e10614d5ab5aae,6a5c3350771226661f85e92d1ff17ad0874159fc68a2b47e668da8ebb2bb428d270fef70038bd433efb86a4d365960366dc7e9483553e447b2fdb9afc7241865,List(3fe3fd30089bd7f7e5c88be80afd665d08ae557306febb3b4f7dc3e8ce615eb6103de42cfc85e6025ee2c9662b9d23325cb35a3be089b944656515d659b5f891),TlvStream(Set(BatchTlv(2,d33f41a32b3f0190d06178c3b0c86bf4b5960b65eb93b89da1b1bc59c767834a)),Set()))
2025-05-23 14:27:31,917 DEBUG f.a.e.io.PeerConnection SYN n:02da9401ccf8a9742c3b340b505fad514e6db1cb4a9838b12441642e2bf7877b1a - next ping scheduled in 30 seconds
2025-05-23 14:27:31,933 DEBUG f.a.e.c.fsm.Channel CON n:02da9401ccf8a9742c3b340b505fad514e6db1cb4a9838b12441642e2bf7877b1a c:8954271c4e338710f87f4d859755d26dfe43dfc21cb9ab7541e10614d5ab5aae - nothing to replay
2025-05-23 14:27:31,933 DEBUG f.a.e.c.fsm.Channel n:02da9401ccf8a9742c3b340b505fad514e6db1cb4a9838b12441642e2bf7877b1a c:8954271c4e338710f87f4d859755d26dfe43dfc21cb9ab7541e10614d5ab5aae - refreshing channel_update announcement (reason=Reconnected)
2025-05-23 14:27:31,933 DEBUG f.a.e.c.fsm.Channel n:02da9401ccf8a9742c3b340b505fad514e6db1cb4a9838b12441642e2bf7877b1a c:8954271c4e338710f87f4d859755d26dfe43dfc21cb9ab7541e10614d5ab5aae - updating database record for channelId=8954271c4e338710f87f4d859755d26dfe43dfc21cb9ab7541e10614d5ab5aae
2025-05-23 14:27:31,939 DEBUG f.a.e.c.fsm.Channel n:02da9401ccf8a9742c3b340b505fad514e6db1cb4a9838b12441642e2bf7877b1a c:8954271c4e338710f87f4d859755d26dfe43dfc21cb9ab7541e10614d5ab5aae - emitting channel update event: reason=normal->normal sendToPeer=true channel_update=ChannelUpdate(d4b827422baab90ef54afc063ae3f8346474ae8246b12b859e31d77e66355bbb738b0c8074a634652d13c4c8ce235a3d5fa3708e54ce23cf857b21d5957dc3f0,06226e46111a0b59caaf126043eb5bbf28c34f3a5e332a1fc7b2b73cf188910f,0x34b6802538e5b9f,1748003251 unixsec,MessageFlags(true),ChannelFlags(true,false),CltvExpiryDelta(144),0 msat,1000 msat,100,225000000 msat,TlvStream(Set(),Set())) channel_announcement=None
2025-05-23 14:27:31,940 INFO  f.a.e.i.Peer SYN n:02da9401ccf8a9742c3b340b505fad514e6db1cb4a9838b12441642e2bf7877b1a - OUT msg=ChannelUpdate(817fb23038669d64b6ab4e2c9581d2a386914ab8a7420a2f779c507544693f211ee18e4c21745ac043898246bdc85f52d895a8b2be72acbbb89d5f60da6690c6,06226e46111a0b59caaf126043eb5bbf28c34f3a5e332a1fc7b2b73cf188910f,0xc9b7c5ff54d04990,1748003251 unixsec,MessageFlags(true),ChannelFlags(true,false),CltvExpiryDelta(144),0 msat,1000 msat,100,225000000 msat,TlvStream(Set(),Set()))
2025-05-23 14:27:31,940 DEBUG f.a.e.c.fsm.Channel n:02da9401ccf8a9742c3b340b505fad514e6db1cb4a9838b12441642e2bf7877b1a c:8954271c4e338710f87f4d859755d26dfe43dfc21cb9ab7541e10614d5ab5aae - received sig for batch of size=2 for fundingTxId=Some(82ff86b61a2b719ef9aca3d3fad72437355edc82bed5841037b3e99ad4a2127d)
2025-05-23 14:27:31,940 DEBUG f.a.e.c.fsm.Channel n:02da9401ccf8a9742c3b340b505fad514e6db1cb4a9838b12441642e2bf7877b1a c:8954271c4e338710f87f4d859755d26dfe43dfc21cb9ab7541e10614d5ab5aae - received sig for batch of size=2 for fundingTxId=Some(d33f41a32b3f0190d06178c3b0c86bf4b5960b65eb93b89da1b1bc59c767834a)
2025-05-23 14:27:31,942 INFO  f.a.e.c.fsm.Channel n:02da9401ccf8a9742c3b340b505fad514e6db1cb4a9838b12441642e2bf7877b1a c:8954271c4e338710f87f4d859755d26dfe43dfc21cb9ab7541e10614d5ab5aae - built local commit number=1 toLocalMsat=415008000 toRemoteMsat=0 htlc_in= htlc_out=0 feeratePerKw=316 sat/kw txid=8f16df507d1451a1169cee47188e29798db51775bb0a782b3eea496fe0740eb6 fundingTxId=d33f41a32b3f0190d06178c3b0c86bf4b5960b65eb93b89da1b1bc59c767834a
2025-05-23 14:27:31,942 INFO  f.a.e.c.fsm.Channel n:02da9401ccf8a9742c3b340b505fad514e6db1cb4a9838b12441642e2bf7877b1a c:8954271c4e338710f87f4d859755d26dfe43dfc21cb9ab7541e10614d5ab5aae - built local commit number=1 toLocalMsat=400000000 toRemoteMsat=0 htlc_in= htlc_out=0 feeratePerKw=316 sat/kw txid=d95a68675498e4590316f058232513f591b323f94ec82adca3f451bd06be6535 fundingTxId=82ff86b61a2b719ef9aca3d3fad72437355edc82bed5841037b3e99ad4a2127d
2025-05-23 14:27:31,943 DEBUG f.a.e.c.fsm.Channel n:02da9401ccf8a9742c3b340b505fad514e6db1cb4a9838b12441642e2bf7877b1a c:8954271c4e338710f87f4d859755d26dfe43dfc21cb9ab7541e10614d5ab5aae - received a new sig, spec:
specs:
localcommit:
  toLocal: 415008000 msat
  toRemote: 0 msat
  htlcs:
    OUT 0 CltvExpiry(402)
remotecommit:
  toLocal: 0 msat
  toRemote: 415008000 msat
  htlcs:
    IN 0 CltvExpiry(402)
next remotecommit:
  toLocal: N/A
  toRemote: N/A
  htlcs:
N/A
2025-05-23 14:27:31,943 DEBUG f.a.e.c.fsm.Channel n:02da9401ccf8a9742c3b340b505fad514e6db1cb4a9838b12441642e2bf7877b1a c:8954271c4e338710f87f4d859755d26dfe43dfc21cb9ab7541e10614d5ab5aae - updating database record for channelId=8954271c4e338710f87f4d859755d26dfe43dfc21cb9ab7541e10614d5ab5aae
2025-05-23 14:27:31,947 INFO  f.a.e.i.Peer n:02da9401ccf8a9742c3b340b505fad514e6db1cb4a9838b12441642e2bf7877b1a c:8954271c4e338710f87f4d859755d26dfe43dfc21cb9ab7541e10614d5ab5aae - OUT msg=RevokeAndAck(8954271c4e338710f87f4d859755d26dfe43dfc21cb9ab7541e10614d5ab5aae,<private_key>,02321461744a84d70aadda112c5124e3c91bc09b2034c5b90ff8cc3b919bda8324,TlvStream(Set(),Set()))
2025-05-23 14:27:31,947 INFO  f.a.eclair.Diagnostics n:02da9401ccf8a9742c3b340b505fad514e6db1cb4a9838b12441642e2bf7877b1a c:8954271c4e338710f87f4d859755d26dfe43dfc21cb9ab7541e10614d5ab5aae - OUT msg=RevokeAndAck(8954271c4e338710f87f4d859755d26dfe43dfc21cb9ab7541e10614d5ab5aae,<private_key>,02321461744a84d70aadda112c5124e3c91bc09b2034c5b90ff8cc3b919bda8324,TlvStream(Set(),Set()))
2025-05-23 14:27:31,953 INFO  f.a.eclair.Diagnostics PAY n:02da9401ccf8a9742c3b340b505fad514e6db1cb4a9838b12441642e2bf7877b1a c:8954271c4e338710f87f4d859755d26dfe43dfc21cb9ab7541e10614d5ab5aae - IN msg=UpdateFulfillHtlc(8954271c4e338710f87f4d859755d26dfe43dfc21cb9ab7541e10614d5ab5aae,0,56232e4ec653cd37cd3aa22472fc141caf0bcc853deb0fb8f564cf25a22416ec,TlvStream(Set(),Set()))
2025-05-23 14:27:31,954 DEBUG f.a.e.io.PeerConnection PAY n:02da9401ccf8a9742c3b340b505fad514e6db1cb4a9838b12441642e2bf7877b1a - next ping scheduled in 30 seconds
2025-05-23 14:27:31,954 INFO  f.a.e.i.Peer PAY n:02da9401ccf8a9742c3b340b505fad514e6db1cb4a9838b12441642e2bf7877b1a c:8954271c4e338710f87f4d859755d26dfe43dfc21cb9ab7541e10614d5ab5aae - IN msg=UpdateFulfillHtlc(8954271c4e338710f87f4d859755d26dfe43dfc21cb9ab7541e10614d5ab5aae,0,56232e4ec653cd37cd3aa22472fc141caf0bcc853deb0fb8f564cf25a22416ec,TlvStream(Set(),Set()))
2025-05-23 14:27:31,967 INFO  f.a.eclair.Diagnostics n:02da9401ccf8a9742c3b340b505fad514e6db1cb4a9838b12441642e2bf7877b1a c:8954271c4e338710f87f4d859755d26dfe43dfc21cb9ab7541e10614d5ab5aae - IN msg=CommitSig(8954271c4e338710f87f4d859755d26dfe43dfc21cb9ab7541e10614d5ab5aae,5769e9c0fd71242298b7b535f57fcd68a4a194d51d266d3396f18f629160d1fe4fe58aefb5517134ae48bdab063ee89769801d020f453bd0f6a68621f0927531,List(),TlvStream(Set(BatchTlv(2,82ff86b61a2b719ef9aca3d3fad72437355edc82bed5841037b3e99ad4a2127d)),Set()))
2025-05-23 14:27:31,967 DEBUG f.a.e.io.PeerConnection n:02da9401ccf8a9742c3b340b505fad514e6db1cb4a9838b12441642e2bf7877b1a - next ping scheduled in 30 seconds
2025-05-23 14:27:31,967 INFO  f.a.e.i.Peer n:02da9401ccf8a9742c3b340b505fad514e6db1cb4a9838b12441642e2bf7877b1a c:8954271c4e338710f87f4d859755d26dfe43dfc21cb9ab7541e10614d5ab5aae - IN msg=CommitSig(8954271c4e338710f87f4d859755d26dfe43dfc21cb9ab7541e10614d5ab5aae,5769e9c0fd71242298b7b535f57fcd68a4a194d51d266d3396f18f629160d1fe4fe58aefb5517134ae48bdab063ee89769801d020f453bd0f6a68621f0927531,List(),TlvStream(Set(BatchTlv(2,82ff86b61a2b719ef9aca3d3fad72437355edc82bed5841037b3e99ad4a2127d)),Set()))
2025-05-23 14:27:31,967 INFO  f.a.eclair.Diagnostics n:02da9401ccf8a9742c3b340b505fad514e6db1cb4a9838b12441642e2bf7877b1a c:8954271c4e338710f87f4d859755d26dfe43dfc21cb9ab7541e10614d5ab5aae - IN msg=CommitSig(8954271c4e338710f87f4d859755d26dfe43dfc21cb9ab7541e10614d5ab5aae,3053a77bb11d7da74643b613c62bee06f8ab8725235946cdeb9bfd31eb71a5c36b1e9e06abd0a91f000102f41f3f40cca10dee90faa47939ffedc1ac03cc9d74,List(),TlvStream(Set(BatchTlv(2,d33f41a32b3f0190d06178c3b0c86bf4b5960b65eb93b89da1b1bc59c767834a)),Set()))
2025-05-23 14:27:31,967 DEBUG f.a.e.io.PeerConnection n:02da9401ccf8a9742c3b340b505fad514e6db1cb4a9838b12441642e2bf7877b1a - next ping scheduled in 30 seconds
2025-05-23 14:27:31,967 DEBUG f.a.e.c.fsm.Channel n:02da9401ccf8a9742c3b340b505fad514e6db1cb4a9838b12441642e2bf7877b1a c:8954271c4e338710f87f4d859755d26dfe43dfc21cb9ab7541e10614d5ab5aae - received sig for batch of size=2 for fundingTxId=Some(82ff86b61a2b719ef9aca3d3fad72437355edc82bed5841037b3e99ad4a2127d)
2025-05-23 14:27:31,967 INFO  f.a.e.i.Peer n:02da9401ccf8a9742c3b340b505fad514e6db1cb4a9838b12441642e2bf7877b1a c:8954271c4e338710f87f4d859755d26dfe43dfc21cb9ab7541e10614d5ab5aae - IN msg=CommitSig(8954271c4e338710f87f4d859755d26dfe43dfc21cb9ab7541e10614d5ab5aae,3053a77bb11d7da74643b613c62bee06f8ab8725235946cdeb9bfd31eb71a5c36b1e9e06abd0a91f000102f41f3f40cca10dee90faa47939ffedc1ac03cc9d74,List(),TlvStream(Set(BatchTlv(2,d33f41a32b3f0190d06178c3b0c86bf4b5960b65eb93b89da1b1bc59c767834a)),Set()))
2025-05-23 14:27:31,967 DEBUG f.a.e.c.fsm.Channel n:02da9401ccf8a9742c3b340b505fad514e6db1cb4a9838b12441642e2bf7877b1a c:8954271c4e338710f87f4d859755d26dfe43dfc21cb9ab7541e10614d5ab5aae - received sig for batch of size=2 for fundingTxId=Some(d33f41a32b3f0190d06178c3b0c86bf4b5960b65eb93b89da1b1bc59c767834a)
2025-05-23 14:27:31,969 INFO  f.a.e.c.fsm.Channel n:02da9401ccf8a9742c3b340b505fad514e6db1cb4a9838b12441642e2bf7877b1a c:8954271c4e338710f87f4d859755d26dfe43dfc21cb9ab7541e10614d5ab5aae - built local commit number=2 toLocalMsat=415008000 toRemoteMsat=100000000 htlc_in= htlc_out= feeratePerKw=316 sat/kw txid=4242efa694f216349cd7d2b9c1ed75987ad013eb9b12afbc32b868532d32e2a6 fundingTxId=d33f41a32b3f0190d06178c3b0c86bf4b5960b65eb93b89da1b1bc59c767834a
2025-05-23 14:27:31,969 INFO  f.a.e.c.fsm.Channel n:02da9401ccf8a9742c3b340b505fad514e6db1cb4a9838b12441642e2bf7877b1a c:8954271c4e338710f87f4d859755d26dfe43dfc21cb9ab7541e10614d5ab5aae - built local commit number=2 toLocalMsat=400000000 toRemoteMsat=100000000 htlc_in= htlc_out= feeratePerKw=316 sat/kw txid=a80bd95454787713e15d247921a36a014e5ae67b62e5231a97f5236e5d87441b fundingTxId=82ff86b61a2b719ef9aca3d3fad72437355edc82bed5841037b3e99ad4a2127d
2025-05-23 14:27:31,970 DEBUG f.a.e.c.fsm.Channel n:02da9401ccf8a9742c3b340b505fad514e6db1cb4a9838b12441642e2bf7877b1a c:8954271c4e338710f87f4d859755d26dfe43dfc21cb9ab7541e10614d5ab5aae - received a new sig, spec:
specs:
localcommit:
  toLocal: 415008000 msat
  toRemote: 100000000 msat
  htlcs:

remotecommit:
  toLocal: 0 msat
  toRemote: 415008000 msat
  htlcs:
    IN 0 CltvExpiry(402)
next remotecommit:
  toLocal: N/A
  toRemote: N/A
  htlcs:
N/A
2025-05-23 14:27:31,970 DEBUG f.a.e.c.fsm.Channel n:02da9401ccf8a9742c3b340b505fad514e6db1cb4a9838b12441642e2bf7877b1a c:8954271c4e338710f87f4d859755d26dfe43dfc21cb9ab7541e10614d5ab5aae - updating database record for channelId=8954271c4e338710f87f4d859755d26dfe43dfc21cb9ab7541e10614d5ab5aae
2025-05-23 14:27:31,974 INFO  f.a.e.i.Peer n:02da9401ccf8a9742c3b340b505fad514e6db1cb4a9838b12441642e2bf7877b1a c:8954271c4e338710f87f4d859755d26dfe43dfc21cb9ab7541e10614d5ab5aae - OUT msg=RevokeAndAck(8954271c4e338710f87f4d859755d26dfe43dfc21cb9ab7541e10614d5ab5aae,<private_key>,03e7032171350dd5e99b882a2655df85d0941d3d9bff5366d110cfa40c5eb0218f,TlvStream(Set(),Set()))
2025-05-23 14:27:31,974 INFO  f.a.eclair.Diagnostics n:02da9401ccf8a9742c3b340b505fad514e6db1cb4a9838b12441642e2bf7877b1a c:8954271c4e338710f87f4d859755d26dfe43dfc21cb9ab7541e10614d5ab5aae - OUT msg=RevokeAndAck(8954271c4e338710f87f4d859755d26dfe43dfc21cb9ab7541e10614d5ab5aae,<private_key>,03e7032171350dd5e99b882a2655df85d0941d3d9bff5366d110cfa40c5eb0218f,TlvStream(Set(),Set()))
2025-05-23 14:27:31,975 INFO  f.a.e.c.fsm.Channel n:02da9401ccf8a9742c3b340b505fad514e6db1cb4a9838b12441642e2bf7877b1a c:8954271c4e338710f87f4d859755d26dfe43dfc21cb9ab7541e10614d5ab5aae - built remote commit number=2 toLocalMsat=100000000 toRemoteMsat=415008000 htlc_in= htlc_out= feeratePerKw=316 sat/kw txid=23249790340ab6c9b66a937667b3afd502b6917ea75100ec43d989b1e37bc8b5 fundingTxId=d33f41a32b3f0190d06178c3b0c86bf4b5960b65eb93b89da1b1bc59c767834a
2025-05-23 14:27:31,975 INFO  f.a.e.c.fsm.Channel n:02da9401ccf8a9742c3b340b505fad514e6db1cb4a9838b12441642e2bf7877b1a c:8954271c4e338710f87f4d859755d26dfe43dfc21cb9ab7541e10614d5ab5aae - built remote commit number=2 toLocalMsat=100000000 toRemoteMsat=400000000 htlc_in= htlc_out= feeratePerKw=316 sat/kw txid=133c5220fa839f07b36bd73bd15fe478eb7fd505a8e414640d03a7650a8a8cf0 fundingTxId=82ff86b61a2b719ef9aca3d3fad72437355edc82bed5841037b3e99ad4a2127d
2025-05-23 14:27:31,976 DEBUG f.a.e.c.fsm.Channel n:02da9401ccf8a9742c3b340b505fad514e6db1cb4a9838b12441642e2bf7877b1a c:8954271c4e338710f87f4d859755d26dfe43dfc21cb9ab7541e10614d5ab5aae - sending a new sig, spec:
specs:
localcommit:
  toLocal: 415008000 msat
  toRemote: 100000000 msat
  htlcs:

remotecommit:
  toLocal: 0 msat
  toRemote: 415008000 msat
  htlcs:
    IN 0 CltvExpiry(402)
next remotecommit:
  toLocal: 100000000 msat
  toRemote: 415008000 msat
  htlcs:

2025-05-23 14:27:31,976 DEBUG f.a.e.c.fsm.Channel n:02da9401ccf8a9742c3b340b505fad514e6db1cb4a9838b12441642e2bf7877b1a c:8954271c4e338710f87f4d859755d26dfe43dfc21cb9ab7541e10614d5ab5aae - updating database record for channelId=8954271c4e338710f87f4d859755d26dfe43dfc21cb9ab7541e10614d5ab5aae
2025-05-23 14:27:31,986 DEBUG f.a.e.c.fsm.Channel n:02da9401ccf8a9742c3b340b505fad514e6db1cb4a9838b12441642e2bf7877b1a c:8954271c4e338710f87f4d859755d26dfe43dfc21cb9ab7541e10614d5ab5aae - scheduling acknowledgement of cmds ids=
2025-05-23 14:27:31,987 INFO  a.actor.LocalActorRef - Message [fr.acinq.eclair.payment.send.MultiPartPaymentLifecycle$PreimageReceived] from Actor[akka://eclair-node/user/$k/payment-initiator/$a#-241456013] to Actor[akka://eclair-node/user/$k/payment-initiator#1744357963] was unhandled. [1] dead letters encountered. This logging can be turned off or adjusted with configuration settings 'akka.log-dead-letters' and 'akka.log-dead-letters-during-shutdown'.
2025-05-23 14:27:31,987 INFO  a.a.DeadLetterActorRef - Message [fr.acinq.eclair.payment.PaymentSent] from Actor[akka://eclair-node/user/$k/payment-initiator#1744357963] to Actor[akka://eclair-node/deadLetters] was not delivered. [2] dead letters encountered. If this is not an expected behavior then Actor[akka://eclair-node/deadLetters] may have terminated unexpectedly. This logging can be turned off or adjusted with configuration settings 'akka.log-dead-letters' and 'akka.log-dead-letters-during-shutdown'.
2025-05-23 14:27:31,987 INFO  f.a.e.i.Peer n:02da9401ccf8a9742c3b340b505fad514e6db1cb4a9838b12441642e2bf7877b1a c:8954271c4e338710f87f4d859755d26dfe43dfc21cb9ab7541e10614d5ab5aae - OUT msg=CommitSig(8954271c4e338710f87f4d859755d26dfe43dfc21cb9ab7541e10614d5ab5aae,1b3028f733443ac2fc8d2d8c2d960a56f8a705f62c0a842bbb7d88c840772e824462ca1a4bf959a06c24ef3feb212525e44c20c0b915e4ded48a357e40ab13ae,List(),TlvStream(Set(BatchTlv(2,d33f41a32b3f0190d06178c3b0c86bf4b5960b65eb93b89da1b1bc59c767834a)),Set()))
2025-05-23 14:27:31,987 INFO  f.a.e.i.Peer n:02da9401ccf8a9742c3b340b505fad514e6db1cb4a9838b12441642e2bf7877b1a c:8954271c4e338710f87f4d859755d26dfe43dfc21cb9ab7541e10614d5ab5aae - OUT msg=CommitSig(8954271c4e338710f87f4d859755d26dfe43dfc21cb9ab7541e10614d5ab5aae,f6649a8293e1b2d91cde2feb8271ff69c1e6fdd90418f3a650622faeb9d52f3114af83b0d32dde3a73744df28e47b7cc649f91a4a0a47d1b10a8f59a09c551bc,List(),TlvStream(Set(BatchTlv(2,82ff86b61a2b719ef9aca3d3fad72437355edc82bed5841037b3e99ad4a2127d)),Set()))
2025-05-23 14:27:31,988 INFO  f.a.eclair.Diagnostics n:02da9401ccf8a9742c3b340b505fad514e6db1cb4a9838b12441642e2bf7877b1a c:8954271c4e338710f87f4d859755d26dfe43dfc21cb9ab7541e10614d5ab5aae - OUT msg=CommitSig(8954271c4e338710f87f4d859755d26dfe43dfc21cb9ab7541e10614d5ab5aae,1b3028f733443ac2fc8d2d8c2d960a56f8a705f62c0a842bbb7d88c840772e824462ca1a4bf959a06c24ef3feb212525e44c20c0b915e4ded48a357e40ab13ae,List(),TlvStream(Set(BatchTlv(2,d33f41a32b3f0190d06178c3b0c86bf4b5960b65eb93b89da1b1bc59c767834a)),Set()))
2025-05-23 14:27:31,988 INFO  f.a.eclair.Diagnostics n:02da9401ccf8a9742c3b340b505fad514e6db1cb4a9838b12441642e2bf7877b1a c:8954271c4e338710f87f4d859755d26dfe43dfc21cb9ab7541e10614d5ab5aae - OUT msg=CommitSig(8954271c4e338710f87f4d859755d26dfe43dfc21cb9ab7541e10614d5ab5aae,f6649a8293e1b2d91cde2feb8271ff69c1e6fdd90418f3a650622faeb9d52f3114af83b0d32dde3a73744df28e47b7cc649f91a4a0a47d1b10a8f59a09c551bc,List(),TlvStream(Set(BatchTlv(2,82ff86b61a2b719ef9aca3d3fad72437355edc82bed5841037b3e99ad4a2127d)),Set()))
2025-05-23 14:27:31,994 INFO  f.a.eclair.Diagnostics n:02da9401ccf8a9742c3b340b505fad514e6db1cb4a9838b12441642e2bf7877b1a c:8954271c4e338710f87f4d859755d26dfe43dfc21cb9ab7541e10614d5ab5aae - IN msg=RevokeAndAck(8954271c4e338710f87f4d859755d26dfe43dfc21cb9ab7541e10614d5ab5aae,<private_key>,039f0b8d819a6e0971dfba123eccd96e13db47d15c491478e575dff3390623e1df,TlvStream(Set(),Set()))
2025-05-23 14:27:31,995 DEBUG f.a.e.io.PeerConnection n:02da9401ccf8a9742c3b340b505fad514e6db1cb4a9838b12441642e2bf7877b1a - next ping scheduled in 30 seconds
2025-05-23 14:27:31,995 INFO  f.a.e.i.Peer n:02da9401ccf8a9742c3b340b505fad514e6db1cb4a9838b12441642e2bf7877b1a c:8954271c4e338710f87f4d859755d26dfe43dfc21cb9ab7541e10614d5ab5aae - IN msg=RevokeAndAck(8954271c4e338710f87f4d859755d26dfe43dfc21cb9ab7541e10614d5ab5aae,<private_key>,039f0b8d819a6e0971dfba123eccd96e13db47d15c491478e575dff3390623e1df,TlvStream(Set(),Set()))
2025-05-23 14:27:31,999 DEBUG f.a.e.c.fsm.Channel n:02da9401ccf8a9742c3b340b505fad514e6db1cb4a9838b12441642e2bf7877b1a c:8954271c4e338710f87f4d859755d26dfe43dfc21cb9ab7541e10614d5ab5aae - received a new rev, spec:
specs:
localcommit:
  toLocal: 415008000 msat
  toRemote: 100000000 msat
  htlcs:

remotecommit:
  toLocal: 100000000 msat
  toRemote: 415008000 msat
  htlcs:

next remotecommit:
  toLocal: N/A
  toRemote: N/A
  htlcs:
N/A
2025-05-23 14:27:32,000 DEBUG f.a.e.c.fsm.Channel n:02da9401ccf8a9742c3b340b505fad514e6db1cb4a9838b12441642e2bf7877b1a c:8954271c4e338710f87f4d859755d26dfe43dfc21cb9ab7541e10614d5ab5aae - updating database record for channelId=8954271c4e338710f87f4d859755d26dfe43dfc21cb9ab7541e10614d5ab5aae
2025-05-23 14:28:02,014 DEBUG f.a.e.io.PeerConnection CON n:02da9401ccf8a9742c3b340b505fad514e6db1cb4a9838b12441642e2bf7877b1a - next ping scheduled in 30 seconds
2025-05-23 14:28:02,016 DEBUG f.a.e.io.PeerConnection CON n:02da9401ccf8a9742c3b340b505fad514e6db1cb4a9838b12441642e2bf7877b1a - received pong with latency=3 milliseconds
2025-05-23 14:28:17,054 INFO  f.a.e.c.fsm.Channel n:02da9401ccf8a9742c3b340b505fad514e6db1cb4a9838b12441642e2bf7877b1a c:8954271c4e338710f87f4d859755d26dfe43dfc21cb9ab7541e10614d5ab5aae - funding txid=d33f41a32b3f0190d06178c3b0c86bf4b5960b65eb93b89da1b1bc59c767834a was confirmed at blockHeight=160 txIndex=1
2025-05-23 14:28:17,055 INFO  f.a.e.c.fsm.Channel n:02da9401ccf8a9742c3b340b505fad514e6db1cb4a9838b12441642e2bf7877b1a c:8954271c4e338710f87f4d859755d26dfe43dfc21cb9ab7541e10614d5ab5aae - setting localFundingStatus=ConfirmedFundingTx for fundingTxId=d33f41a32b3f0190d06178c3b0c86bf4b5960b65eb93b89da1b1bc59c767834a fundingTxIndex=1
2025-05-23 14:28:17,056 DEBUG f.a.e.c.fsm.Channel n:02da9401ccf8a9742c3b340b505fad514e6db1cb4a9838b12441642e2bf7877b1a c:8954271c4e338710f87f4d859755d26dfe43dfc21cb9ab7541e10614d5ab5aae - updating database record for channelId=8954271c4e338710f87f4d859755d26dfe43dfc21cb9ab7541e10614d5ab5aae
2025-05-23 14:28:17,066 INFO  f.a.e.i.Peer n:02da9401ccf8a9742c3b340b505fad514e6db1cb4a9838b12441642e2bf7877b1a c:8954271c4e338710f87f4d859755d26dfe43dfc21cb9ab7541e10614d5ab5aae - OUT msg=SpliceLocked(8954271c4e338710f87f4d859755d26dfe43dfc21cb9ab7541e10614d5ab5aae,d33f41a32b3f0190d06178c3b0c86bf4b5960b65eb93b89da1b1bc59c767834a,TlvStream(Set(),Set()))
2025-05-23 14:28:17,066 INFO  f.a.eclair.Diagnostics n:02da9401ccf8a9742c3b340b505fad514e6db1cb4a9838b12441642e2bf7877b1a c:8954271c4e338710f87f4d859755d26dfe43dfc21cb9ab7541e10614d5ab5aae - OUT msg=SpliceLocked(8954271c4e338710f87f4d859755d26dfe43dfc21cb9ab7541e10614d5ab5aae,d33f41a32b3f0190d06178c3b0c86bf4b5960b65eb93b89da1b1bc59c767834a,TlvStream(Set(),Set()))
2025-05-23 14:28:19,379 INFO  f.a.eclair.Diagnostics n:02da9401ccf8a9742c3b340b505fad514e6db1cb4a9838b12441642e2bf7877b1a c:8954271c4e338710f87f4d859755d26dfe43dfc21cb9ab7541e10614d5ab5aae - IN msg=SpliceLocked(8954271c4e338710f87f4d859755d26dfe43dfc21cb9ab7541e10614d5ab5aae,d33f41a32b3f0190d06178c3b0c86bf4b5960b65eb93b89da1b1bc59c767834a,TlvStream(Set(),Set()))
2025-05-23 14:28:19,379 DEBUG f.a.e.io.PeerConnection n:02da9401ccf8a9742c3b340b505fad514e6db1cb4a9838b12441642e2bf7877b1a - next ping scheduled in 30 seconds
2025-05-23 14:28:19,379 INFO  f.a.e.i.Peer n:02da9401ccf8a9742c3b340b505fad514e6db1cb4a9838b12441642e2bf7877b1a c:8954271c4e338710f87f4d859755d26dfe43dfc21cb9ab7541e10614d5ab5aae - IN msg=SpliceLocked(8954271c4e338710f87f4d859755d26dfe43dfc21cb9ab7541e10614d5ab5aae,d33f41a32b3f0190d06178c3b0c86bf4b5960b65eb93b89da1b1bc59c767834a,TlvStream(Set(),Set()))
2025-05-23 14:28:19,379 INFO  f.a.e.c.fsm.Channel n:02da9401ccf8a9742c3b340b505fad514e6db1cb4a9838b12441642e2bf7877b1a c:8954271c4e338710f87f4d859755d26dfe43dfc21cb9ab7541e10614d5ab5aae - setting remoteFundingStatus=Locked$ for fundingTxId=d33f41a32b3f0190d06178c3b0c86bf4b5960b65eb93b89da1b1bc59c767834a fundingTxIndex=1
2025-05-23 14:28:19,379 INFO  f.a.e.c.fsm.Channel n:02da9401ccf8a9742c3b340b505fad514e6db1cb4a9838b12441642e2bf7877b1a c:8954271c4e338710f87f4d859755d26dfe43dfc21cb9ab7541e10614d5ab5aae - setting remoteFundingStatus=Locked$ for fundingTxId=82ff86b61a2b719ef9aca3d3fad72437355edc82bed5841037b3e99ad4a2127d fundingTxIndex=0
2025-05-23 14:28:19,380 INFO  f.a.e.c.fsm.Channel n:02da9401ccf8a9742c3b340b505fad514e6db1cb4a9838b12441642e2bf7877b1a c:8954271c4e338710f87f4d859755d26dfe43dfc21cb9ab7541e10614d5ab5aae - deactivating commitment fundingTxIndex=0 fundingTxId=82ff86b61a2b719ef9aca3d3fad72437355edc82bed5841037b3e99ad4a2127d
2025-05-23 14:28:19,381 INFO  f.a.e.c.fsm.Channel n:02da9401ccf8a9742c3b340b505fad514e6db1cb4a9838b12441642e2bf7877b1a c:8954271c4e338710f87f4d859755d26dfe43dfc21cb9ab7541e10614d5ab5aae - pruning commitment fundingTxIndex=0 fundingTxId=82ff86b61a2b719ef9aca3d3fad72437355edc82bed5841037b3e99ad4a2127d
2025-05-23 14:28:19,383 DEBUG f.a.e.c.fsm.Channel n:02da9401ccf8a9742c3b340b505fad514e6db1cb4a9838b12441642e2bf7877b1a c:8954271c4e338710f87f4d859755d26dfe43dfc21cb9ab7541e10614d5ab5aae - updating database record for channelId=8954271c4e338710f87f4d859755d26dfe43dfc21cb9ab7541e10614d5ab5aae
2025-05-23 14:28:19,388 DEBUG f.a.e.io.PeerConnection SYN n:02da9401ccf8a9742c3b340b505fad514e6db1cb4a9838b12441642e2bf7877b1a - next ping scheduled in 30 seconds
2025-05-23 14:28:35,158 INFO  f.a.eclair.EclairImpl - stopping eclair
